// <auto-generated />
// Generated from the Unicode Character Database 17.0.0 by tools/Janus.UnicodeTables.
// Do not edit. The gate of CONV-GATE-001 generates this file again and fails on a diff.

namespace Janus.Core.Unicode;

/// <summary>
/// The NFKC_Casefold mapping, which is the canonical form of every identifier, and the
/// decimal digit values the E.164 mapping reads.
/// </summary>
internal static class CanonicalFormTables
{
    /// <summary>The code points the NFKC_CF mapping is given for, in order.</summary>
    internal static readonly int[] CasefoldKeys =
    [
        0x0041, 0x0042, 0x0043, 0x0044, 0x0045, 0x0046, 0x0047, 0x0048, 0x0049, 0x004A, 0x004B, 0x004C,
        0x004D, 0x004E, 0x004F, 0x0050, 0x0051, 0x0052, 0x0053, 0x0054, 0x0055, 0x0056, 0x0057, 0x0058,
        0x0059, 0x005A, 0x00A0, 0x00A8, 0x00AA, 0x00AD, 0x00AF, 0x00B2, 0x00B3, 0x00B4, 0x00B5, 0x00B8,
        0x00B9, 0x00BA, 0x00BC, 0x00BD, 0x00BE, 0x00C0, 0x00C1, 0x00C2, 0x00C3, 0x00C4, 0x00C5, 0x00C6,
        0x00C7, 0x00C8, 0x00C9, 0x00CA, 0x00CB, 0x00CC, 0x00CD, 0x00CE, 0x00CF, 0x00D0, 0x00D1, 0x00D2,
        0x00D3, 0x00D4, 0x00D5, 0x00D6, 0x00D8, 0x00D9, 0x00DA, 0x00DB, 0x00DC, 0x00DD, 0x00DE, 0x00DF,
        0x0100, 0x0102, 0x0104, 0x0106, 0x0108, 0x010A, 0x010C, 0x010E, 0x0110, 0x0112, 0x0114, 0x0116,
        0x0118, 0x011A, 0x011C, 0x011E, 0x0120, 0x0122, 0x0124, 0x0126, 0x0128, 0x012A, 0x012C, 0x012E,
        0x0130, 0x0132, 0x0133, 0x0134, 0x0136, 0x0139, 0x013B, 0x013D, 0x013F, 0x0140, 0x0141, 0x0143,
        0x0145, 0x0147, 0x0149, 0x014A, 0x014C, 0x014E, 0x0150, 0x0152, 0x0154, 0x0156, 0x0158, 0x015A,
        0x015C, 0x015E, 0x0160, 0x0162, 0x0164, 0x0166, 0x0168, 0x016A, 0x016C, 0x016E, 0x0170, 0x0172,
        0x0174, 0x0176, 0x0178, 0x0179, 0x017B, 0x017D, 0x017F, 0x0181, 0x0182, 0x0184, 0x0186, 0x0187,
        0x0189, 0x018A, 0x018B, 0x018E, 0x018F, 0x0190, 0x0191, 0x0193, 0x0194, 0x0196, 0x0197, 0x0198,
        0x019C, 0x019D, 0x019F, 0x01A0, 0x01A2, 0x01A4, 0x01A6, 0x01A7, 0x01A9, 0x01AC, 0x01AE, 0x01AF,
        0x01B1, 0x01B2, 0x01B3, 0x01B5, 0x01B7, 0x01B8, 0x01BC, 0x01C4, 0x01C5, 0x01C6, 0x01C7, 0x01C8,
        0x01C9, 0x01CA, 0x01CB, 0x01CC, 0x01CD, 0x01CF, 0x01D1, 0x01D3, 0x01D5, 0x01D7, 0x01D9, 0x01DB,
        0x01DE, 0x01E0, 0x01E2, 0x01E4, 0x01E6, 0x01E8, 0x01EA, 0x01EC, 0x01EE, 0x01F1, 0x01F2, 0x01F3,
        0x01F4, 0x01F6, 0x01F7, 0x01F8, 0x01FA, 0x01FC, 0x01FE, 0x0200, 0x0202, 0x0204, 0x0206, 0x0208,
        0x020A, 0x020C, 0x020E, 0x0210, 0x0212, 0x0214, 0x0216, 0x0218, 0x021A, 0x021C, 0x021E, 0x0220,
        0x0222, 0x0224, 0x0226, 0x0228, 0x022A, 0x022C, 0x022E, 0x0230, 0x0232, 0x023A, 0x023B, 0x023D,
        0x023E, 0x0241, 0x0243, 0x0244, 0x0245, 0x0246, 0x0248, 0x024A, 0x024C, 0x024E, 0x02B0, 0x02B1,
        0x02B2, 0x02B3, 0x02B4, 0x02B5, 0x02B6, 0x02B7, 0x02B8, 0x02D8, 0x02D9, 0x02DA, 0x02DB, 0x02DC,
        0x02DD, 0x02E0, 0x02E1, 0x02E2, 0x02E3, 0x02E4, 0x0340, 0x0341, 0x0343, 0x0344, 0x0345, 0x034F,
        0x0370, 0x0372, 0x0374, 0x0376, 0x037A, 0x037E, 0x037F, 0x0384, 0x0385, 0x0386, 0x0387, 0x0388,
        0x0389, 0x038A, 0x038C, 0x038E, 0x038F, 0x0391, 0x0392, 0x0393, 0x0394, 0x0395, 0x0396, 0x0397,
        0x0398, 0x0399, 0x039A, 0x039B, 0x039C, 0x039D, 0x039E, 0x039F, 0x03A0, 0x03A1, 0x03A3, 0x03A4,
        0x03A5, 0x03A6, 0x03A7, 0x03A8, 0x03A9, 0x03AA, 0x03AB, 0x03C2, 0x03CF, 0x03D0, 0x03D1, 0x03D2,
        0x03D3, 0x03D4, 0x03D5, 0x03D6, 0x03D8, 0x03DA, 0x03DC, 0x03DE, 0x03E0, 0x03E2, 0x03E4, 0x03E6,
        0x03E8, 0x03EA, 0x03EC, 0x03EE, 0x03F0, 0x03F1, 0x03F2, 0x03F4, 0x03F5, 0x03F7, 0x03F9, 0x03FA,
        0x03FD, 0x03FE, 0x03FF, 0x0400, 0x0401, 0x0402, 0x0403, 0x0404, 0x0405, 0x0406, 0x0407, 0x0408,
        0x0409, 0x040A, 0x040B, 0x040C, 0x040D, 0x040E, 0x040F, 0x0410, 0x0411, 0x0412, 0x0413, 0x0414,
        0x0415, 0x0416, 0x0417, 0x0418, 0x0419, 0x041A, 0x041B, 0x041C, 0x041D, 0x041E, 0x041F, 0x0420,
        0x0421, 0x0422, 0x0423, 0x0424, 0x0425, 0x0426, 0x0427, 0x0428, 0x0429, 0x042A, 0x042B, 0x042C,
        0x042D, 0x042E, 0x042F, 0x0460, 0x0462, 0x0464, 0x0466, 0x0468, 0x046A, 0x046C, 0x046E, 0x0470,
        0x0472, 0x0474, 0x0476, 0x0478, 0x047A, 0x047C, 0x047E, 0x0480, 0x048A, 0x048C, 0x048E, 0x0490,
        0x0492, 0x0494, 0x0496, 0x0498, 0x049A, 0x049C, 0x049E, 0x04A0, 0x04A2, 0x04A4, 0x04A6, 0x04A8,
        0x04AA, 0x04AC, 0x04AE, 0x04B0, 0x04B2, 0x04B4, 0x04B6, 0x04B8, 0x04BA, 0x04BC, 0x04BE, 0x04C0,
        0x04C1, 0x04C3, 0x04C5, 0x04C7, 0x04C9, 0x04CB, 0x04CD, 0x04D0, 0x04D2, 0x04D4, 0x04D6, 0x04D8,
        0x04DA, 0x04DC, 0x04DE, 0x04E0, 0x04E2, 0x04E4, 0x04E6, 0x04E8, 0x04EA, 0x04EC, 0x04EE, 0x04F0,
        0x04F2, 0x04F4, 0x04F6, 0x04F8, 0x04FA, 0x04FC, 0x04FE, 0x0500, 0x0502, 0x0504, 0x0506, 0x0508,
        0x050A, 0x050C, 0x050E, 0x0510, 0x0512, 0x0514, 0x0516, 0x0518, 0x051A, 0x051C, 0x051E, 0x0520,
        0x0522, 0x0524, 0x0526, 0x0528, 0x052A, 0x052C, 0x052E, 0x0531, 0x0532, 0x0533, 0x0534, 0x0535,
        0x0536, 0x0537, 0x0538, 0x0539, 0x053A, 0x053B, 0x053C, 0x053D, 0x053E, 0x053F, 0x0540, 0x0541,
        0x0542, 0x0543, 0x0544, 0x0545, 0x0546, 0x0547, 0x0548, 0x0549, 0x054A, 0x054B, 0x054C, 0x054D,
        0x054E, 0x054F, 0x0550, 0x0551, 0x0552, 0x0553, 0x0554, 0x0555, 0x0556, 0x0587, 0x061C, 0x0675,
        0x0676, 0x0677, 0x0678, 0x0958, 0x0959, 0x095A, 0x095B, 0x095C, 0x095D, 0x095E, 0x095F, 0x09DC,
        0x09DD, 0x09DF, 0x0A33, 0x0A36, 0x0A59, 0x0A5A, 0x0A5B, 0x0A5E, 0x0B5C, 0x0B5D, 0x0E33, 0x0EB3,
        0x0EDC, 0x0EDD, 0x0F0C, 0x0F43, 0x0F4D, 0x0F52, 0x0F57, 0x0F5C, 0x0F69, 0x0F73, 0x0F75, 0x0F76,
        0x0F77, 0x0F78, 0x0F79, 0x0F81, 0x0F93, 0x0F9D, 0x0FA2, 0x0FA7, 0x0FAC, 0x0FB9, 0x10A0, 0x10A1,
        0x10A2, 0x10A3, 0x10A4, 0x10A5, 0x10A6, 0x10A7, 0x10A8, 0x10A9, 0x10AA, 0x10AB, 0x10AC, 0x10AD,
        0x10AE, 0x10AF, 0x10B0, 0x10B1, 0x10B2, 0x10B3, 0x10B4, 0x10B5, 0x10B6, 0x10B7, 0x10B8, 0x10B9,
        0x10BA, 0x10BB, 0x10BC, 0x10BD, 0x10BE, 0x10BF, 0x10C0, 0x10C1, 0x10C2, 0x10C3, 0x10C4, 0x10C5,
        0x10C7, 0x10CD, 0x10FC, 0x115F, 0x1160, 0x13F8, 0x13F9, 0x13FA, 0x13FB, 0x13FC, 0x13FD, 0x17B4,
        0x17B5, 0x180B, 0x180C, 0x180D, 0x180E, 0x180F, 0x1C80, 0x1C81, 0x1C82, 0x1C83, 0x1C84, 0x1C85,
        0x1C86, 0x1C87, 0x1C88, 0x1C89, 0x1C90, 0x1C91, 0x1C92, 0x1C93, 0x1C94, 0x1C95, 0x1C96, 0x1C97,
        0x1C98, 0x1C99, 0x1C9A, 0x1C9B, 0x1C9C, 0x1C9D, 0x1C9E, 0x1C9F, 0x1CA0, 0x1CA1, 0x1CA2, 0x1CA3,
        0x1CA4, 0x1CA5, 0x1CA6, 0x1CA7, 0x1CA8, 0x1CA9, 0x1CAA, 0x1CAB, 0x1CAC, 0x1CAD, 0x1CAE, 0x1CAF,
        0x1CB0, 0x1CB1, 0x1CB2, 0x1CB3, 0x1CB4, 0x1CB5, 0x1CB6, 0x1CB7, 0x1CB8, 0x1CB9, 0x1CBA, 0x1CBD,
        0x1CBE, 0x1CBF, 0x1D2C, 0x1D2D, 0x1D2E, 0x1D30, 0x1D31, 0x1D32, 0x1D33, 0x1D34, 0x1D35, 0x1D36,
        0x1D37, 0x1D38, 0x1D39, 0x1D3A, 0x1D3C, 0x1D3D, 0x1D3E, 0x1D3F, 0x1D40, 0x1D41, 0x1D42, 0x1D43,
        0x1D44, 0x1D45, 0x1D46, 0x1D47, 0x1D48, 0x1D49, 0x1D4A, 0x1D4B, 0x1D4C, 0x1D4D, 0x1D4F, 0x1D50,
        0x1D51, 0x1D52, 0x1D53, 0x1D54, 0x1D55, 0x1D56, 0x1D57, 0x1D58, 0x1D59, 0x1D5A, 0x1D5B, 0x1D5C,
        0x1D5D, 0x1D5E, 0x1D5F, 0x1D60, 0x1D61, 0x1D62, 0x1D63, 0x1D64, 0x1D65, 0x1D66, 0x1D67, 0x1D68,
        0x1D69, 0x1D6A, 0x1D78, 0x1D9B, 0x1D9C, 0x1D9D, 0x1D9E, 0x1D9F, 0x1DA0, 0x1DA1, 0x1DA2, 0x1DA3,
        0x1DA4, 0x1DA5, 0x1DA6, 0x1DA7, 0x1DA8, 0x1DA9, 0x1DAA, 0x1DAB, 0x1DAC, 0x1DAD, 0x1DAE, 0x1DAF,
        0x1DB0, 0x1DB1, 0x1DB2, 0x1DB3, 0x1DB4, 0x1DB5, 0x1DB6, 0x1DB7, 0x1DB8, 0x1DB9, 0x1DBA, 0x1DBB,
        0x1DBC, 0x1DBD, 0x1DBE, 0x1DBF, 0x1E00, 0x1E02, 0x1E04, 0x1E06, 0x1E08, 0x1E0A, 0x1E0C, 0x1E0E,
        0x1E10, 0x1E12, 0x1E14, 0x1E16, 0x1E18, 0x1E1A, 0x1E1C, 0x1E1E, 0x1E20, 0x1E22, 0x1E24, 0x1E26,
        0x1E28, 0x1E2A, 0x1E2C, 0x1E2E, 0x1E30, 0x1E32, 0x1E34, 0x1E36, 0x1E38, 0x1E3A, 0x1E3C, 0x1E3E,
        0x1E40, 0x1E42, 0x1E44, 0x1E46, 0x1E48, 0x1E4A, 0x1E4C, 0x1E4E, 0x1E50, 0x1E52, 0x1E54, 0x1E56,
        0x1E58, 0x1E5A, 0x1E5C, 0x1E5E, 0x1E60, 0x1E62, 0x1E64, 0x1E66, 0x1E68, 0x1E6A, 0x1E6C, 0x1E6E,
        0x1E70, 0x1E72, 0x1E74, 0x1E76, 0x1E78, 0x1E7A, 0x1E7C, 0x1E7E, 0x1E80, 0x1E82, 0x1E84, 0x1E86,
        0x1E88, 0x1E8A, 0x1E8C, 0x1E8E, 0x1E90, 0x1E92, 0x1E94, 0x1E9A, 0x1E9B, 0x1E9E, 0x1EA0, 0x1EA2,
        0x1EA4, 0x1EA6, 0x1EA8, 0x1EAA, 0x1EAC, 0x1EAE, 0x1EB0, 0x1EB2, 0x1EB4, 0x1EB6, 0x1EB8, 0x1EBA,
        0x1EBC, 0x1EBE, 0x1EC0, 0x1EC2, 0x1EC4, 0x1EC6, 0x1EC8, 0x1ECA, 0x1ECC, 0x1ECE, 0x1ED0, 0x1ED2,
        0x1ED4, 0x1ED6, 0x1ED8, 0x1EDA, 0x1EDC, 0x1EDE, 0x1EE0, 0x1EE2, 0x1EE4, 0x1EE6, 0x1EE8, 0x1EEA,
        0x1EEC, 0x1EEE, 0x1EF0, 0x1EF2, 0x1EF4, 0x1EF6, 0x1EF8, 0x1EFA, 0x1EFC, 0x1EFE, 0x1F08, 0x1F09,
        0x1F0A, 0x1F0B, 0x1F0C, 0x1F0D, 0x1F0E, 0x1F0F, 0x1F18, 0x1F19, 0x1F1A, 0x1F1B, 0x1F1C, 0x1F1D,
        0x1F28, 0x1F29, 0x1F2A, 0x1F2B, 0x1F2C, 0x1F2D, 0x1F2E, 0x1F2F, 0x1F38, 0x1F39, 0x1F3A, 0x1F3B,
        0x1F3C, 0x1F3D, 0x1F3E, 0x1F3F, 0x1F48, 0x1F49, 0x1F4A, 0x1F4B, 0x1F4C, 0x1F4D, 0x1F59, 0x1F5B,
        0x1F5D, 0x1F5F, 0x1F68, 0x1F69, 0x1F6A, 0x1F6B, 0x1F6C, 0x1F6D, 0x1F6E, 0x1F6F, 0x1F71, 0x1F73,
        0x1F75, 0x1F77, 0x1F79, 0x1F7B, 0x1F7D, 0x1F80, 0x1F81, 0x1F82, 0x1F83, 0x1F84, 0x1F85, 0x1F86,
        0x1F87, 0x1F88, 0x1F89, 0x1F8A, 0x1F8B, 0x1F8C, 0x1F8D, 0x1F8E, 0x1F8F, 0x1F90, 0x1F91, 0x1F92,
        0x1F93, 0x1F94, 0x1F95, 0x1F96, 0x1F97, 0x1F98, 0x1F99, 0x1F9A, 0x1F9B, 0x1F9C, 0x1F9D, 0x1F9E,
        0x1F9F, 0x1FA0, 0x1FA1, 0x1FA2, 0x1FA3, 0x1FA4, 0x1FA5, 0x1FA6, 0x1FA7, 0x1FA8, 0x1FA9, 0x1FAA,
        0x1FAB, 0x1FAC, 0x1FAD, 0x1FAE, 0x1FAF, 0x1FB2, 0x1FB3, 0x1FB4, 0x1FB7, 0x1FB8, 0x1FB9, 0x1FBA,
        0x1FBB, 0x1FBC, 0x1FBD, 0x1FBE, 0x1FBF, 0x1FC0, 0x1FC1, 0x1FC2, 0x1FC3, 0x1FC4, 0x1FC7, 0x1FC8,
        0x1FC9, 0x1FCA, 0x1FCB, 0x1FCC, 0x1FCD, 0x1FCE, 0x1FCF, 0x1FD3, 0x1FD8, 0x1FD9, 0x1FDA, 0x1FDB,
        0x1FDD, 0x1FDE, 0x1FDF, 0x1FE3, 0x1FE8, 0x1FE9, 0x1FEA, 0x1FEB, 0x1FEC, 0x1FED, 0x1FEE, 0x1FEF,
        0x1FF2, 0x1FF3, 0x1FF4, 0x1FF7, 0x1FF8, 0x1FF9, 0x1FFA, 0x1FFB, 0x1FFC, 0x1FFD, 0x1FFE, 0x2000,
        0x2001, 0x2002, 0x2003, 0x2004, 0x2005, 0x2006, 0x2007, 0x2008, 0x2009, 0x200A, 0x200B, 0x200C,
        0x200D, 0x200E, 0x200F, 0x2011, 0x2017, 0x2024, 0x2025, 0x2026, 0x202A, 0x202B, 0x202C, 0x202D,
        0x202E, 0x202F, 0x2033, 0x2034, 0x2036, 0x2037, 0x203C, 0x203E, 0x2047, 0x2048, 0x2049, 0x2057,
        0x205F, 0x2060, 0x2061, 0x2062, 0x2063, 0x2064, 0x2065, 0x2066, 0x2067, 0x2068, 0x2069, 0x206A,
        0x206B, 0x206C, 0x206D, 0x206E, 0x206F, 0x2070, 0x2071, 0x2074, 0x2075, 0x2076, 0x2077, 0x2078,
        0x2079, 0x207A, 0x207B, 0x207C, 0x207D, 0x207E, 0x207F, 0x2080, 0x2081, 0x2082, 0x2083, 0x2084,
        0x2085, 0x2086, 0x2087, 0x2088, 0x2089, 0x208A, 0x208B, 0x208C, 0x208D, 0x208E, 0x2090, 0x2091,
        0x2092, 0x2093, 0x2094, 0x2095, 0x2096, 0x2097, 0x2098, 0x2099, 0x209A, 0x209B, 0x209C, 0x20A8,
        0x2100, 0x2101, 0x2102, 0x2103, 0x2105, 0x2106, 0x2107, 0x2109, 0x210A, 0x210B, 0x210C, 0x210D,
        0x210E, 0x210F, 0x2110, 0x2111, 0x2112, 0x2113, 0x2115, 0x2116, 0x2119, 0x211A, 0x211B, 0x211C,
        0x211D, 0x2120, 0x2121, 0x2122, 0x2124, 0x2126, 0x2128, 0x212A, 0x212B, 0x212C, 0x212D, 0x212F,
        0x2130, 0x2131, 0x2132, 0x2133, 0x2134, 0x2135, 0x2136, 0x2137, 0x2138, 0x2139, 0x213B, 0x213C,
        0x213D, 0x213E, 0x213F, 0x2140, 0x2145, 0x2146, 0x2147, 0x2148, 0x2149, 0x2150, 0x2151, 0x2152,
        0x2153, 0x2154, 0x2155, 0x2156, 0x2157, 0x2158, 0x2159, 0x215A, 0x215B, 0x215C, 0x215D, 0x215E,
        0x215F, 0x2160, 0x2161, 0x2162, 0x2163, 0x2164, 0x2165, 0x2166, 0x2167, 0x2168, 0x2169, 0x216A,
        0x216B, 0x216C, 0x216D, 0x216E, 0x216F, 0x2170, 0x2171, 0x2172, 0x2173, 0x2174, 0x2175, 0x2176,
        0x2177, 0x2178, 0x2179, 0x217A, 0x217B, 0x217C, 0x217D, 0x217E, 0x217F, 0x2183, 0x2189, 0x222C,
        0x222D, 0x222F, 0x2230, 0x2329, 0x232A, 0x2460, 0x2461, 0x2462, 0x2463, 0x2464, 0x2465, 0x2466,
        0x2467, 0x2468, 0x2469, 0x246A, 0x246B, 0x246C, 0x246D, 0x246E, 0x246F, 0x2470, 0x2471, 0x2472,
        0x2473, 0x2474, 0x2475, 0x2476, 0x2477, 0x2478, 0x2479, 0x247A, 0x247B, 0x247C, 0x247D, 0x247E,
        0x247F, 0x2480, 0x2481, 0x2482, 0x2483, 0x2484, 0x2485, 0x2486, 0x2487, 0x2488, 0x2489, 0x248A,
        0x248B, 0x248C, 0x248D, 0x248E, 0x248F, 0x2490, 0x2491, 0x2492, 0x2493, 0x2494, 0x2495, 0x2496,
        0x2497, 0x2498, 0x2499, 0x249A, 0x249B, 0x249C, 0x249D, 0x249E, 0x249F, 0x24A0, 0x24A1, 0x24A2,
        0x24A3, 0x24A4, 0x24A5, 0x24A6, 0x24A7, 0x24A8, 0x24A9, 0x24AA, 0x24AB, 0x24AC, 0x24AD, 0x24AE,
        0x24AF, 0x24B0, 0x24B1, 0x24B2, 0x24B3, 0x24B4, 0x24B5, 0x24B6, 0x24B7, 0x24B8, 0x24B9, 0x24BA,
        0x24BB, 0x24BC, 0x24BD, 0x24BE, 0x24BF, 0x24C0, 0x24C1, 0x24C2, 0x24C3, 0x24C4, 0x24C5, 0x24C6,
        0x24C7, 0x24C8, 0x24C9, 0x24CA, 0x24CB, 0x24CC, 0x24CD, 0x24CE, 0x24CF, 0x24D0, 0x24D1, 0x24D2,
        0x24D3, 0x24D4, 0x24D5, 0x24D6, 0x24D7, 0x24D8, 0x24D9, 0x24DA, 0x24DB, 0x24DC, 0x24DD, 0x24DE,
        0x24DF, 0x24E0, 0x24E1, 0x24E2, 0x24E3, 0x24E4, 0x24E5, 0x24E6, 0x24E7, 0x24E8, 0x24E9, 0x24EA,
        0x2A0C, 0x2A74, 0x2A75, 0x2A76, 0x2ADC, 0x2C00, 0x2C01, 0x2C02, 0x2C03, 0x2C04, 0x2C05, 0x2C06,
        0x2C07, 0x2C08, 0x2C09, 0x2C0A, 0x2C0B, 0x2C0C, 0x2C0D, 0x2C0E, 0x2C0F, 0x2C10, 0x2C11, 0x2C12,
        0x2C13, 0x2C14, 0x2C15, 0x2C16, 0x2C17, 0x2C18, 0x2C19, 0x2C1A, 0x2C1B, 0x2C1C, 0x2C1D, 0x2C1E,
        0x2C1F, 0x2C20, 0x2C21, 0x2C22, 0x2C23, 0x2C24, 0x2C25, 0x2C26, 0x2C27, 0x2C28, 0x2C29, 0x2C2A,
        0x2C2B, 0x2C2C, 0x2C2D, 0x2C2E, 0x2C2F, 0x2C60, 0x2C62, 0x2C63, 0x2C64, 0x2C67, 0x2C69, 0x2C6B,
        0x2C6D, 0x2C6E, 0x2C6F, 0x2C70, 0x2C72, 0x2C75, 0x2C7C, 0x2C7D, 0x2C7E, 0x2C7F, 0x2C80, 0x2C82,
        0x2C84, 0x2C86, 0x2C88, 0x2C8A, 0x2C8C, 0x2C8E, 0x2C90, 0x2C92, 0x2C94, 0x2C96, 0x2C98, 0x2C9A,
        0x2C9C, 0x2C9E, 0x2CA0, 0x2CA2, 0x2CA4, 0x2CA6, 0x2CA8, 0x2CAA, 0x2CAC, 0x2CAE, 0x2CB0, 0x2CB2,
        0x2CB4, 0x2CB6, 0x2CB8, 0x2CBA, 0x2CBC, 0x2CBE, 0x2CC0, 0x2CC2, 0x2CC4, 0x2CC6, 0x2CC8, 0x2CCA,
        0x2CCC, 0x2CCE, 0x2CD0, 0x2CD2, 0x2CD4, 0x2CD6, 0x2CD8, 0x2CDA, 0x2CDC, 0x2CDE, 0x2CE0, 0x2CE2,
        0x2CEB, 0x2CED, 0x2CF2, 0x2D6F, 0x2E9F, 0x2EF3, 0x2F00, 0x2F01, 0x2F02, 0x2F03, 0x2F04, 0x2F05,
        0x2F06, 0x2F07, 0x2F08, 0x2F09, 0x2F0A, 0x2F0B, 0x2F0C, 0x2F0D, 0x2F0E, 0x2F0F, 0x2F10, 0x2F11,
        0x2F12, 0x2F13, 0x2F14, 0x2F15, 0x2F16, 0x2F17, 0x2F18, 0x2F19, 0x2F1A, 0x2F1B, 0x2F1C, 0x2F1D,
        0x2F1E, 0x2F1F, 0x2F20, 0x2F21, 0x2F22, 0x2F23, 0x2F24, 0x2F25, 0x2F26, 0x2F27, 0x2F28, 0x2F29,
        0x2F2A, 0x2F2B, 0x2F2C, 0x2F2D, 0x2F2E, 0x2F2F, 0x2F30, 0x2F31, 0x2F32, 0x2F33, 0x2F34, 0x2F35,
        0x2F36, 0x2F37, 0x2F38, 0x2F39, 0x2F3A, 0x2F3B, 0x2F3C, 0x2F3D, 0x2F3E, 0x2F3F, 0x2F40, 0x2F41,
        0x2F42, 0x2F43, 0x2F44, 0x2F45, 0x2F46, 0x2F47, 0x2F48, 0x2F49, 0x2F4A, 0x2F4B, 0x2F4C, 0x2F4D,
        0x2F4E, 0x2F4F, 0x2F50, 0x2F51, 0x2F52, 0x2F53, 0x2F54, 0x2F55, 0x2F56, 0x2F57, 0x2F58, 0x2F59,
        0x2F5A, 0x2F5B, 0x2F5C, 0x2F5D, 0x2F5E, 0x2F5F, 0x2F60, 0x2F61, 0x2F62, 0x2F63, 0x2F64, 0x2F65,
        0x2F66, 0x2F67, 0x2F68, 0x2F69, 0x2F6A, 0x2F6B, 0x2F6C, 0x2F6D, 0x2F6E, 0x2F6F, 0x2F70, 0x2F71,
        0x2F72, 0x2F73, 0x2F74, 0x2F75, 0x2F76, 0x2F77, 0x2F78, 0x2F79, 0x2F7A, 0x2F7B, 0x2F7C, 0x2F7D,
        0x2F7E, 0x2F7F, 0x2F80, 0x2F81, 0x2F82, 0x2F83, 0x2F84, 0x2F85, 0x2F86, 0x2F87, 0x2F88, 0x2F89,
        0x2F8A, 0x2F8B, 0x2F8C, 0x2F8D, 0x2F8E, 0x2F8F, 0x2F90, 0x2F91, 0x2F92, 0x2F93, 0x2F94, 0x2F95,
        0x2F96, 0x2F97, 0x2F98, 0x2F99, 0x2F9A, 0x2F9B, 0x2F9C, 0x2F9D, 0x2F9E, 0x2F9F, 0x2FA0, 0x2FA1,
        0x2FA2, 0x2FA3, 0x2FA4, 0x2FA5, 0x2FA6, 0x2FA7, 0x2FA8, 0x2FA9, 0x2FAA, 0x2FAB, 0x2FAC, 0x2FAD,
        0x2FAE, 0x2FAF, 0x2FB0, 0x2FB1, 0x2FB2, 0x2FB3, 0x2FB4, 0x2FB5, 0x2FB6, 0x2FB7, 0x2FB8, 0x2FB9,
        0x2FBA, 0x2FBB, 0x2FBC, 0x2FBD, 0x2FBE, 0x2FBF, 0x2FC0, 0x2FC1, 0x2FC2, 0x2FC3, 0x2FC4, 0x2FC5,
        0x2FC6, 0x2FC7, 0x2FC8, 0x2FC9, 0x2FCA, 0x2FCB, 0x2FCC, 0x2FCD, 0x2FCE, 0x2FCF, 0x2FD0, 0x2FD1,
        0x2FD2, 0x2FD3, 0x2FD4, 0x2FD5, 0x3000, 0x3036, 0x3038, 0x3039, 0x303A, 0x309B, 0x309C, 0x309F,
        0x30FF, 0x3131, 0x3132, 0x3133, 0x3134, 0x3135, 0x3136, 0x3137, 0x3138, 0x3139, 0x313A, 0x313B,
        0x313C, 0x313D, 0x313E, 0x313F, 0x3140, 0x3141, 0x3142, 0x3143, 0x3144, 0x3145, 0x3146, 0x3147,
        0x3148, 0x3149, 0x314A, 0x314B, 0x314C, 0x314D, 0x314E, 0x314F, 0x3150, 0x3151, 0x3152, 0x3153,
        0x3154, 0x3155, 0x3156, 0x3157, 0x3158, 0x3159, 0x315A, 0x315B, 0x315C, 0x315D, 0x315E, 0x315F,
        0x3160, 0x3161, 0x3162, 0x3163, 0x3164, 0x3165, 0x3166, 0x3167, 0x3168, 0x3169, 0x316A, 0x316B,
        0x316C, 0x316D, 0x316E, 0x316F, 0x3170, 0x3171, 0x3172, 0x3173, 0x3174, 0x3175, 0x3176, 0x3177,
        0x3178, 0x3179, 0x317A, 0x317B, 0x317C, 0x317D, 0x317E, 0x317F, 0x3180, 0x3181, 0x3182, 0x3183,
        0x3184, 0x3185, 0x3186, 0x3187, 0x3188, 0x3189, 0x318A, 0x318B, 0x318C, 0x318D, 0x318E, 0x3192,
        0x3193, 0x3194, 0x3195, 0x3196, 0x3197, 0x3198, 0x3199, 0x319A, 0x319B, 0x319C, 0x319D, 0x319E,
        0x319F, 0x3200, 0x3201, 0x3202, 0x3203, 0x3204, 0x3205, 0x3206, 0x3207, 0x3208, 0x3209, 0x320A,
        0x320B, 0x320C, 0x320D, 0x320E, 0x320F, 0x3210, 0x3211, 0x3212, 0x3213, 0x3214, 0x3215, 0x3216,
        0x3217, 0x3218, 0x3219, 0x321A, 0x321B, 0x321C, 0x321D, 0x321E, 0x3220, 0x3221, 0x3222, 0x3223,
        0x3224, 0x3225, 0x3226, 0x3227, 0x3228, 0x3229, 0x322A, 0x322B, 0x322C, 0x322D, 0x322E, 0x322F,
        0x3230, 0x3231, 0x3232, 0x3233, 0x3234, 0x3235, 0x3236, 0x3237, 0x3238, 0x3239, 0x323A, 0x323B,
        0x323C, 0x323D, 0x323E, 0x323F, 0x3240, 0x3241, 0x3242, 0x3243, 0x3244, 0x3245, 0x3246, 0x3247,
        0x3250, 0x3251, 0x3252, 0x3253, 0x3254, 0x3255, 0x3256, 0x3257, 0x3258, 0x3259, 0x325A, 0x325B,
        0x325C, 0x325D, 0x325E, 0x325F, 0x3260, 0x3261, 0x3262, 0x3263, 0x3264, 0x3265, 0x3266, 0x3267,
        0x3268, 0x3269, 0x326A, 0x326B, 0x326C, 0x326D, 0x326E, 0x326F, 0x3270, 0x3271, 0x3272, 0x3273,
        0x3274, 0x3275, 0x3276, 0x3277, 0x3278, 0x3279, 0x327A, 0x327B, 0x327C, 0x327D, 0x327E, 0x3280,
        0x3281, 0x3282, 0x3283, 0x3284, 0x3285, 0x3286, 0x3287, 0x3288, 0x3289, 0x328A, 0x328B, 0x328C,
        0x328D, 0x328E, 0x328F, 0x3290, 0x3291, 0x3292, 0x3293, 0x3294, 0x3295, 0x3296, 0x3297, 0x3298,
        0x3299, 0x329A, 0x329B, 0x329C, 0x329D, 0x329E, 0x329F, 0x32A0, 0x32A1, 0x32A2, 0x32A3, 0x32A4,
        0x32A5, 0x32A6, 0x32A7, 0x32A8, 0x32A9, 0x32AA, 0x32AB, 0x32AC, 0x32AD, 0x32AE, 0x32AF, 0x32B0,
        0x32B1, 0x32B2, 0x32B3, 0x32B4, 0x32B5, 0x32B6, 0x32B7, 0x32B8, 0x32B9, 0x32BA, 0x32BB, 0x32BC,
        0x32BD, 0x32BE, 0x32BF, 0x32C0, 0x32C1, 0x32C2, 0x32C3, 0x32C4, 0x32C5, 0x32C6, 0x32C7, 0x32C8,
        0x32C9, 0x32CA, 0x32CB, 0x32CC, 0x32CD, 0x32CE, 0x32CF, 0x32D0, 0x32D1, 0x32D2, 0x32D3, 0x32D4,
        0x32D5, 0x32D6, 0x32D7, 0x32D8, 0x32D9, 0x32DA, 0x32DB, 0x32DC, 0x32DD, 0x32DE, 0x32DF, 0x32E0,
        0x32E1, 0x32E2, 0x32E3, 0x32E4, 0x32E5, 0x32E6, 0x32E7, 0x32E8, 0x32E9, 0x32EA, 0x32EB, 0x32EC,
        0x32ED, 0x32EE, 0x32EF, 0x32F0, 0x32F1, 0x32F2, 0x32F3, 0x32F4, 0x32F5, 0x32F6, 0x32F7, 0x32F8,
        0x32F9, 0x32FA, 0x32FB, 0x32FC, 0x32FD, 0x32FE, 0x32FF, 0x3300, 0x3301, 0x3302, 0x3303, 0x3304,
        0x3305, 0x3306, 0x3307, 0x3308, 0x3309, 0x330A, 0x330B, 0x330C, 0x330D, 0x330E, 0x330F, 0x3310,
        0x3311, 0x3312, 0x3313, 0x3314, 0x3315, 0x3316, 0x3317, 0x3318, 0x3319, 0x331A, 0x331B, 0x331C,
        0x331D, 0x331E, 0x331F, 0x3320, 0x3321, 0x3322, 0x3323, 0x3324, 0x3325, 0x3326, 0x3327, 0x3328,
        0x3329, 0x332A, 0x332B, 0x332C, 0x332D, 0x332E, 0x332F, 0x3330, 0x3331, 0x3332, 0x3333, 0x3334,
        0x3335, 0x3336, 0x3337, 0x3338, 0x3339, 0x333A, 0x333B, 0x333C, 0x333D, 0x333E, 0x333F, 0x3340,
        0x3341, 0x3342, 0x3343, 0x3344, 0x3345, 0x3346, 0x3347, 0x3348, 0x3349, 0x334A, 0x334B, 0x334C,
        0x334D, 0x334E, 0x334F, 0x3350, 0x3351, 0x3352, 0x3353, 0x3354, 0x3355, 0x3356, 0x3357, 0x3358,
        0x3359, 0x335A, 0x335B, 0x335C, 0x335D, 0x335E, 0x335F, 0x3360, 0x3361, 0x3362, 0x3363, 0x3364,
        0x3365, 0x3366, 0x3367, 0x3368, 0x3369, 0x336A, 0x336B, 0x336C, 0x336D, 0x336E, 0x336F, 0x3370,
        0x3371, 0x3372, 0x3373, 0x3374, 0x3375, 0x3376, 0x3377, 0x3378, 0x3379, 0x337A, 0x337B, 0x337C,
        0x337D, 0x337E, 0x337F, 0x3380, 0x3381, 0x3382, 0x3383, 0x3384, 0x3385, 0x3386, 0x3387, 0x3388,
        0x3389, 0x338A, 0x338B, 0x338C, 0x338D, 0x338E, 0x338F, 0x3390, 0x3391, 0x3392, 0x3393, 0x3394,
        0x3395, 0x3396, 0x3397, 0x3398, 0x3399, 0x339A, 0x339B, 0x339C, 0x339D, 0x339E, 0x339F, 0x33A0,
        0x33A1, 0x33A2, 0x33A3, 0x33A4, 0x33A5, 0x33A6, 0x33A7, 0x33A8, 0x33A9, 0x33AA, 0x33AB, 0x33AC,
        0x33AD, 0x33AE, 0x33AF, 0x33B0, 0x33B1, 0x33B2, 0x33B3, 0x33B4, 0x33B5, 0x33B6, 0x33B7, 0x33B8,
        0x33B9, 0x33BA, 0x33BB, 0x33BC, 0x33BD, 0x33BE, 0x33BF, 0x33C0, 0x33C1, 0x33C2, 0x33C3, 0x33C4,
        0x33C5, 0x33C6, 0x33C7, 0x33C8, 0x33C9, 0x33CA, 0x33CB, 0x33CC, 0x33CD, 0x33CE, 0x33CF, 0x33D0,
        0x33D1, 0x33D2, 0x33D3, 0x33D4, 0x33D5, 0x33D6, 0x33D7, 0x33D8, 0x33D9, 0x33DA, 0x33DB, 0x33DC,
        0x33DD, 0x33DE, 0x33DF, 0x33E0, 0x33E1, 0x33E2, 0x33E3, 0x33E4, 0x33E5, 0x33E6, 0x33E7, 0x33E8,
        0x33E9, 0x33EA, 0x33EB, 0x33EC, 0x33ED, 0x33EE, 0x33EF, 0x33F0, 0x33F1, 0x33F2, 0x33F3, 0x33F4,
        0x33F5, 0x33F6, 0x33F7, 0x33F8, 0x33F9, 0x33FA, 0x33FB, 0x33FC, 0x33FD, 0x33FE, 0x33FF, 0xA640,
        0xA642, 0xA644, 0xA646, 0xA648, 0xA64A, 0xA64C, 0xA64E, 0xA650, 0xA652, 0xA654, 0xA656, 0xA658,
        0xA65A, 0xA65C, 0xA65E, 0xA660, 0xA662, 0xA664, 0xA666, 0xA668, 0xA66A, 0xA66C, 0xA680, 0xA682,
        0xA684, 0xA686, 0xA688, 0xA68A, 0xA68C, 0xA68E, 0xA690, 0xA692, 0xA694, 0xA696, 0xA698, 0xA69A,
        0xA69C, 0xA69D, 0xA722, 0xA724, 0xA726, 0xA728, 0xA72A, 0xA72C, 0xA72E, 0xA732, 0xA734, 0xA736,
        0xA738, 0xA73A, 0xA73C, 0xA73E, 0xA740, 0xA742, 0xA744, 0xA746, 0xA748, 0xA74A, 0xA74C, 0xA74E,
        0xA750, 0xA752, 0xA754, 0xA756, 0xA758, 0xA75A, 0xA75C, 0xA75E, 0xA760, 0xA762, 0xA764, 0xA766,
        0xA768, 0xA76A, 0xA76C, 0xA76E, 0xA770, 0xA779, 0xA77B, 0xA77D, 0xA77E, 0xA780, 0xA782, 0xA784,
        0xA786, 0xA78B, 0xA78D, 0xA790, 0xA792, 0xA796, 0xA798, 0xA79A, 0xA79C, 0xA79E, 0xA7A0, 0xA7A2,
        0xA7A4, 0xA7A6, 0xA7A8, 0xA7AA, 0xA7AB, 0xA7AC, 0xA7AD, 0xA7AE, 0xA7B0, 0xA7B1, 0xA7B2, 0xA7B3,
        0xA7B4, 0xA7B6, 0xA7B8, 0xA7BA, 0xA7BC, 0xA7BE, 0xA7C0, 0xA7C2, 0xA7C4, 0xA7C5, 0xA7C6, 0xA7C7,
        0xA7C9, 0xA7CB, 0xA7CC, 0xA7CE, 0xA7D0, 0xA7D2, 0xA7D4, 0xA7D6, 0xA7D8, 0xA7DA, 0xA7DC, 0xA7F1,
        0xA7F2, 0xA7F3, 0xA7F4, 0xA7F5, 0xA7F8, 0xA7F9, 0xAB5C, 0xAB5D, 0xAB5E, 0xAB5F, 0xAB69, 0xAB70,
        0xAB71, 0xAB72, 0xAB73, 0xAB74, 0xAB75, 0xAB76, 0xAB77, 0xAB78, 0xAB79, 0xAB7A, 0xAB7B, 0xAB7C,
        0xAB7D, 0xAB7E, 0xAB7F, 0xAB80, 0xAB81, 0xAB82, 0xAB83, 0xAB84, 0xAB85, 0xAB86, 0xAB87, 0xAB88,
        0xAB89, 0xAB8A, 0xAB8B, 0xAB8C, 0xAB8D, 0xAB8E, 0xAB8F, 0xAB90, 0xAB91, 0xAB92, 0xAB93, 0xAB94,
        0xAB95, 0xAB96, 0xAB97, 0xAB98, 0xAB99, 0xAB9A, 0xAB9B, 0xAB9C, 0xAB9D, 0xAB9E, 0xAB9F, 0xABA0,
        0xABA1, 0xABA2, 0xABA3, 0xABA4, 0xABA5, 0xABA6, 0xABA7, 0xABA8, 0xABA9, 0xABAA, 0xABAB, 0xABAC,
        0xABAD, 0xABAE, 0xABAF, 0xABB0, 0xABB1, 0xABB2, 0xABB3, 0xABB4, 0xABB5, 0xABB6, 0xABB7, 0xABB8,
        0xABB9, 0xABBA, 0xABBB, 0xABBC, 0xABBD, 0xABBE, 0xABBF, 0xF900, 0xF901, 0xF902, 0xF903, 0xF904,
        0xF905, 0xF906, 0xF907, 0xF908, 0xF909, 0xF90A, 0xF90B, 0xF90C, 0xF90D, 0xF90E, 0xF90F, 0xF910,
        0xF911, 0xF912, 0xF913, 0xF914, 0xF915, 0xF916, 0xF917, 0xF918, 0xF919, 0xF91A, 0xF91B, 0xF91C,
        0xF91D, 0xF91E, 0xF91F, 0xF920, 0xF921, 0xF922, 0xF923, 0xF924, 0xF925, 0xF926, 0xF927, 0xF928,
        0xF929, 0xF92A, 0xF92B, 0xF92C, 0xF92D, 0xF92E, 0xF92F, 0xF930, 0xF931, 0xF932, 0xF933, 0xF934,
        0xF935, 0xF936, 0xF937, 0xF938, 0xF939, 0xF93A, 0xF93B, 0xF93C, 0xF93D, 0xF93E, 0xF93F, 0xF940,
        0xF941, 0xF942, 0xF943, 0xF944, 0xF945, 0xF946, 0xF947, 0xF948, 0xF949, 0xF94A, 0xF94B, 0xF94C,
        0xF94D, 0xF94E, 0xF94F, 0xF950, 0xF951, 0xF952, 0xF953, 0xF954, 0xF955, 0xF956, 0xF957, 0xF958,
        0xF959, 0xF95A, 0xF95B, 0xF95C, 0xF95D, 0xF95E, 0xF95F, 0xF960, 0xF961, 0xF962, 0xF963, 0xF964,
        0xF965, 0xF966, 0xF967, 0xF968, 0xF969, 0xF96A, 0xF96B, 0xF96C, 0xF96D, 0xF96E, 0xF96F, 0xF970,
        0xF971, 0xF972, 0xF973, 0xF974, 0xF975, 0xF976, 0xF977, 0xF978, 0xF979, 0xF97A, 0xF97B, 0xF97C,
        0xF97D, 0xF97E, 0xF97F, 0xF980, 0xF981, 0xF982, 0xF983, 0xF984, 0xF985, 0xF986, 0xF987, 0xF988,
        0xF989, 0xF98A, 0xF98B, 0xF98C, 0xF98D, 0xF98E, 0xF98F, 0xF990, 0xF991, 0xF992, 0xF993, 0xF994,
        0xF995, 0xF996, 0xF997, 0xF998, 0xF999, 0xF99A, 0xF99B, 0xF99C, 0xF99D, 0xF99E, 0xF99F, 0xF9A0,
        0xF9A1, 0xF9A2, 0xF9A3, 0xF9A4, 0xF9A5, 0xF9A6, 0xF9A7, 0xF9A8, 0xF9A9, 0xF9AA, 0xF9AB, 0xF9AC,
        0xF9AD, 0xF9AE, 0xF9AF, 0xF9B0, 0xF9B1, 0xF9B2, 0xF9B3, 0xF9B4, 0xF9B5, 0xF9B6, 0xF9B7, 0xF9B8,
        0xF9B9, 0xF9BA, 0xF9BB, 0xF9BC, 0xF9BD, 0xF9BE, 0xF9BF, 0xF9C0, 0xF9C1, 0xF9C2, 0xF9C3, 0xF9C4,
        0xF9C5, 0xF9C6, 0xF9C7, 0xF9C8, 0xF9C9, 0xF9CA, 0xF9CB, 0xF9CC, 0xF9CD, 0xF9CE, 0xF9CF, 0xF9D0,
        0xF9D1, 0xF9D2, 0xF9D3, 0xF9D4, 0xF9D5, 0xF9D6, 0xF9D7, 0xF9D8, 0xF9D9, 0xF9DA, 0xF9DB, 0xF9DC,
        0xF9DD, 0xF9DE, 0xF9DF, 0xF9E0, 0xF9E1, 0xF9E2, 0xF9E3, 0xF9E4, 0xF9E5, 0xF9E6, 0xF9E7, 0xF9E8,
        0xF9E9, 0xF9EA, 0xF9EB, 0xF9EC, 0xF9ED, 0xF9EE, 0xF9EF, 0xF9F0, 0xF9F1, 0xF9F2, 0xF9F3, 0xF9F4,
        0xF9F5, 0xF9F6, 0xF9F7, 0xF9F8, 0xF9F9, 0xF9FA, 0xF9FB, 0xF9FC, 0xF9FD, 0xF9FE, 0xF9FF, 0xFA00,
        0xFA01, 0xFA02, 0xFA03, 0xFA04, 0xFA05, 0xFA06, 0xFA07, 0xFA08, 0xFA09, 0xFA0A, 0xFA0B, 0xFA0C,
        0xFA0D, 0xFA10, 0xFA12, 0xFA15, 0xFA16, 0xFA17, 0xFA18, 0xFA19, 0xFA1A, 0xFA1B, 0xFA1C, 0xFA1D,
        0xFA1E, 0xFA20, 0xFA22, 0xFA25, 0xFA26, 0xFA2A, 0xFA2B, 0xFA2C, 0xFA2D, 0xFA2E, 0xFA2F, 0xFA30,
        0xFA31, 0xFA32, 0xFA33, 0xFA34, 0xFA35, 0xFA36, 0xFA37, 0xFA38, 0xFA39, 0xFA3A, 0xFA3B, 0xFA3C,
        0xFA3D, 0xFA3E, 0xFA3F, 0xFA40, 0xFA41, 0xFA42, 0xFA43, 0xFA44, 0xFA45, 0xFA46, 0xFA47, 0xFA48,
        0xFA49, 0xFA4A, 0xFA4B, 0xFA4C, 0xFA4D, 0xFA4E, 0xFA4F, 0xFA50, 0xFA51, 0xFA52, 0xFA53, 0xFA54,
        0xFA55, 0xFA56, 0xFA57, 0xFA58, 0xFA59, 0xFA5A, 0xFA5B, 0xFA5C, 0xFA5D, 0xFA5E, 0xFA5F, 0xFA60,
        0xFA61, 0xFA62, 0xFA63, 0xFA64, 0xFA65, 0xFA66, 0xFA67, 0xFA68, 0xFA69, 0xFA6A, 0xFA6B, 0xFA6C,
        0xFA6D, 0xFA70, 0xFA71, 0xFA72, 0xFA73, 0xFA74, 0xFA75, 0xFA76, 0xFA77, 0xFA78, 0xFA79, 0xFA7A,
        0xFA7B, 0xFA7C, 0xFA7D, 0xFA7E, 0xFA7F, 0xFA80, 0xFA81, 0xFA82, 0xFA83, 0xFA84, 0xFA85, 0xFA86,
        0xFA87, 0xFA88, 0xFA89, 0xFA8A, 0xFA8B, 0xFA8C, 0xFA8D, 0xFA8E, 0xFA8F, 0xFA90, 0xFA91, 0xFA92,
        0xFA93, 0xFA94, 0xFA95, 0xFA96, 0xFA97, 0xFA98, 0xFA99, 0xFA9A, 0xFA9B, 0xFA9C, 0xFA9D, 0xFA9E,
        0xFA9F, 0xFAA0, 0xFAA1, 0xFAA2, 0xFAA3, 0xFAA4, 0xFAA5, 0xFAA6, 0xFAA7, 0xFAA8, 0xFAA9, 0xFAAA,
        0xFAAB, 0xFAAC, 0xFAAD, 0xFAAE, 0xFAAF, 0xFAB0, 0xFAB1, 0xFAB2, 0xFAB3, 0xFAB4, 0xFAB5, 0xFAB6,
        0xFAB7, 0xFAB8, 0xFAB9, 0xFABA, 0xFABB, 0xFABC, 0xFABD, 0xFABE, 0xFABF, 0xFAC0, 0xFAC1, 0xFAC2,
        0xFAC3, 0xFAC4, 0xFAC5, 0xFAC6, 0xFAC7, 0xFAC8, 0xFAC9, 0xFACA, 0xFACB, 0xFACC, 0xFACD, 0xFACE,
        0xFACF, 0xFAD0, 0xFAD1, 0xFAD2, 0xFAD3, 0xFAD4, 0xFAD5, 0xFAD6, 0xFAD7, 0xFAD8, 0xFAD9, 0xFB00,
        0xFB01, 0xFB02, 0xFB03, 0xFB04, 0xFB05, 0xFB06, 0xFB13, 0xFB14, 0xFB15, 0xFB16, 0xFB17, 0xFB1D,
        0xFB1F, 0xFB20, 0xFB21, 0xFB22, 0xFB23, 0xFB24, 0xFB25, 0xFB26, 0xFB27, 0xFB28, 0xFB29, 0xFB2A,
        0xFB2B, 0xFB2C, 0xFB2D, 0xFB2E, 0xFB2F, 0xFB30, 0xFB31, 0xFB32, 0xFB33, 0xFB34, 0xFB35, 0xFB36,
        0xFB38, 0xFB39, 0xFB3A, 0xFB3B, 0xFB3C, 0xFB3E, 0xFB40, 0xFB41, 0xFB43, 0xFB44, 0xFB46, 0xFB47,
        0xFB48, 0xFB49, 0xFB4A, 0xFB4B, 0xFB4C, 0xFB4D, 0xFB4E, 0xFB4F, 0xFB50, 0xFB51, 0xFB52, 0xFB53,
        0xFB54, 0xFB55, 0xFB56, 0xFB57, 0xFB58, 0xFB59, 0xFB5A, 0xFB5B, 0xFB5C, 0xFB5D, 0xFB5E, 0xFB5F,
        0xFB60, 0xFB61, 0xFB62, 0xFB63, 0xFB64, 0xFB65, 0xFB66, 0xFB67, 0xFB68, 0xFB69, 0xFB6A, 0xFB6B,
        0xFB6C, 0xFB6D, 0xFB6E, 0xFB6F, 0xFB70, 0xFB71, 0xFB72, 0xFB73, 0xFB74, 0xFB75, 0xFB76, 0xFB77,
        0xFB78, 0xFB79, 0xFB7A, 0xFB7B, 0xFB7C, 0xFB7D, 0xFB7E, 0xFB7F, 0xFB80, 0xFB81, 0xFB82, 0xFB83,
        0xFB84, 0xFB85, 0xFB86, 0xFB87, 0xFB88, 0xFB89, 0xFB8A, 0xFB8B, 0xFB8C, 0xFB8D, 0xFB8E, 0xFB8F,
        0xFB90, 0xFB91, 0xFB92, 0xFB93, 0xFB94, 0xFB95, 0xFB96, 0xFB97, 0xFB98, 0xFB99, 0xFB9A, 0xFB9B,
        0xFB9C, 0xFB9D, 0xFB9E, 0xFB9F, 0xFBA0, 0xFBA1, 0xFBA2, 0xFBA3, 0xFBA4, 0xFBA5, 0xFBA6, 0xFBA7,
        0xFBA8, 0xFBA9, 0xFBAA, 0xFBAB, 0xFBAC, 0xFBAD, 0xFBAE, 0xFBAF, 0xFBB0, 0xFBB1, 0xFBD3, 0xFBD4,
        0xFBD5, 0xFBD6, 0xFBD7, 0xFBD8, 0xFBD9, 0xFBDA, 0xFBDB, 0xFBDC, 0xFBDD, 0xFBDE, 0xFBDF, 0xFBE0,
        0xFBE1, 0xFBE2, 0xFBE3, 0xFBE4, 0xFBE5, 0xFBE6, 0xFBE7, 0xFBE8, 0xFBE9, 0xFBEA, 0xFBEB, 0xFBEC,
        0xFBED, 0xFBEE, 0xFBEF, 0xFBF0, 0xFBF1, 0xFBF2, 0xFBF3, 0xFBF4, 0xFBF5, 0xFBF6, 0xFBF7, 0xFBF8,
        0xFBF9, 0xFBFA, 0xFBFB, 0xFBFC, 0xFBFD, 0xFBFE, 0xFBFF, 0xFC00, 0xFC01, 0xFC02, 0xFC03, 0xFC04,
        0xFC05, 0xFC06, 0xFC07, 0xFC08, 0xFC09, 0xFC0A, 0xFC0B, 0xFC0C, 0xFC0D, 0xFC0E, 0xFC0F, 0xFC10,
        0xFC11, 0xFC12, 0xFC13, 0xFC14, 0xFC15, 0xFC16, 0xFC17, 0xFC18, 0xFC19, 0xFC1A, 0xFC1B, 0xFC1C,
        0xFC1D, 0xFC1E, 0xFC1F, 0xFC20, 0xFC21, 0xFC22, 0xFC23, 0xFC24, 0xFC25, 0xFC26, 0xFC27, 0xFC28,
        0xFC29, 0xFC2A, 0xFC2B, 0xFC2C, 0xFC2D, 0xFC2E, 0xFC2F, 0xFC30, 0xFC31, 0xFC32, 0xFC33, 0xFC34,
        0xFC35, 0xFC36, 0xFC37, 0xFC38, 0xFC39, 0xFC3A, 0xFC3B, 0xFC3C, 0xFC3D, 0xFC3E, 0xFC3F, 0xFC40,
        0xFC41, 0xFC42, 0xFC43, 0xFC44, 0xFC45, 0xFC46, 0xFC47, 0xFC48, 0xFC49, 0xFC4A, 0xFC4B, 0xFC4C,
        0xFC4D, 0xFC4E, 0xFC4F, 0xFC50, 0xFC51, 0xFC52, 0xFC53, 0xFC54, 0xFC55, 0xFC56, 0xFC57, 0xFC58,
        0xFC59, 0xFC5A, 0xFC5B, 0xFC5C, 0xFC5D, 0xFC5E, 0xFC5F, 0xFC60, 0xFC61, 0xFC62, 0xFC63, 0xFC64,
        0xFC65, 0xFC66, 0xFC67, 0xFC68, 0xFC69, 0xFC6A, 0xFC6B, 0xFC6C, 0xFC6D, 0xFC6E, 0xFC6F, 0xFC70,
        0xFC71, 0xFC72, 0xFC73, 0xFC74, 0xFC75, 0xFC76, 0xFC77, 0xFC78, 0xFC79, 0xFC7A, 0xFC7B, 0xFC7C,
        0xFC7D, 0xFC7E, 0xFC7F, 0xFC80, 0xFC81, 0xFC82, 0xFC83, 0xFC84, 0xFC85, 0xFC86, 0xFC87, 0xFC88,
        0xFC89, 0xFC8A, 0xFC8B, 0xFC8C, 0xFC8D, 0xFC8E, 0xFC8F, 0xFC90, 0xFC91, 0xFC92, 0xFC93, 0xFC94,
        0xFC95, 0xFC96, 0xFC97, 0xFC98, 0xFC99, 0xFC9A, 0xFC9B, 0xFC9C, 0xFC9D, 0xFC9E, 0xFC9F, 0xFCA0,
        0xFCA1, 0xFCA2, 0xFCA3, 0xFCA4, 0xFCA5, 0xFCA6, 0xFCA7, 0xFCA8, 0xFCA9, 0xFCAA, 0xFCAB, 0xFCAC,
        0xFCAD, 0xFCAE, 0xFCAF, 0xFCB0, 0xFCB1, 0xFCB2, 0xFCB3, 0xFCB4, 0xFCB5, 0xFCB6, 0xFCB7, 0xFCB8,
        0xFCB9, 0xFCBA, 0xFCBB, 0xFCBC, 0xFCBD, 0xFCBE, 0xFCBF, 0xFCC0, 0xFCC1, 0xFCC2, 0xFCC3, 0xFCC4,
        0xFCC5, 0xFCC6, 0xFCC7, 0xFCC8, 0xFCC9, 0xFCCA, 0xFCCB, 0xFCCC, 0xFCCD, 0xFCCE, 0xFCCF, 0xFCD0,
        0xFCD1, 0xFCD2, 0xFCD3, 0xFCD4, 0xFCD5, 0xFCD6, 0xFCD7, 0xFCD8, 0xFCD9, 0xFCDA, 0xFCDB, 0xFCDC,
        0xFCDD, 0xFCDE, 0xFCDF, 0xFCE0, 0xFCE1, 0xFCE2, 0xFCE3, 0xFCE4, 0xFCE5, 0xFCE6, 0xFCE7, 0xFCE8,
        0xFCE9, 0xFCEA, 0xFCEB, 0xFCEC, 0xFCED, 0xFCEE, 0xFCEF, 0xFCF0, 0xFCF1, 0xFCF2, 0xFCF3, 0xFCF4,
        0xFCF5, 0xFCF6, 0xFCF7, 0xFCF8, 0xFCF9, 0xFCFA, 0xFCFB, 0xFCFC, 0xFCFD, 0xFCFE, 0xFCFF, 0xFD00,
        0xFD01, 0xFD02, 0xFD03, 0xFD04, 0xFD05, 0xFD06, 0xFD07, 0xFD08, 0xFD09, 0xFD0A, 0xFD0B, 0xFD0C,
        0xFD0D, 0xFD0E, 0xFD0F, 0xFD10, 0xFD11, 0xFD12, 0xFD13, 0xFD14, 0xFD15, 0xFD16, 0xFD17, 0xFD18,
        0xFD19, 0xFD1A, 0xFD1B, 0xFD1C, 0xFD1D, 0xFD1E, 0xFD1F, 0xFD20, 0xFD21, 0xFD22, 0xFD23, 0xFD24,
        0xFD25, 0xFD26, 0xFD27, 0xFD28, 0xFD29, 0xFD2A, 0xFD2B, 0xFD2C, 0xFD2D, 0xFD2E, 0xFD2F, 0xFD30,
        0xFD31, 0xFD32, 0xFD33, 0xFD34, 0xFD35, 0xFD36, 0xFD37, 0xFD38, 0xFD39, 0xFD3A, 0xFD3B, 0xFD3C,
        0xFD3D, 0xFD50, 0xFD51, 0xFD52, 0xFD53, 0xFD54, 0xFD55, 0xFD56, 0xFD57, 0xFD58, 0xFD59, 0xFD5A,
        0xFD5B, 0xFD5C, 0xFD5D, 0xFD5E, 0xFD5F, 0xFD60, 0xFD61, 0xFD62, 0xFD63, 0xFD64, 0xFD65, 0xFD66,
        0xFD67, 0xFD68, 0xFD69, 0xFD6A, 0xFD6B, 0xFD6C, 0xFD6D, 0xFD6E, 0xFD6F, 0xFD70, 0xFD71, 0xFD72,
        0xFD73, 0xFD74, 0xFD75, 0xFD76, 0xFD77, 0xFD78, 0xFD79, 0xFD7A, 0xFD7B, 0xFD7C, 0xFD7D, 0xFD7E,
        0xFD7F, 0xFD80, 0xFD81, 0xFD82, 0xFD83, 0xFD84, 0xFD85, 0xFD86, 0xFD87, 0xFD88, 0xFD89, 0xFD8A,
        0xFD8B, 0xFD8C, 0xFD8D, 0xFD8E, 0xFD8F, 0xFD92, 0xFD93, 0xFD94, 0xFD95, 0xFD96, 0xFD97, 0xFD98,
        0xFD99, 0xFD9A, 0xFD9B, 0xFD9C, 0xFD9D, 0xFD9E, 0xFD9F, 0xFDA0, 0xFDA1, 0xFDA2, 0xFDA3, 0xFDA4,
        0xFDA5, 0xFDA6, 0xFDA7, 0xFDA8, 0xFDA9, 0xFDAA, 0xFDAB, 0xFDAC, 0xFDAD, 0xFDAE, 0xFDAF, 0xFDB0,
        0xFDB1, 0xFDB2, 0xFDB3, 0xFDB4, 0xFDB5, 0xFDB6, 0xFDB7, 0xFDB8, 0xFDB9, 0xFDBA, 0xFDBB, 0xFDBC,
        0xFDBD, 0xFDBE, 0xFDBF, 0xFDC0, 0xFDC1, 0xFDC2, 0xFDC3, 0xFDC4, 0xFDC5, 0xFDC6, 0xFDC7, 0xFDF0,
        0xFDF1, 0xFDF2, 0xFDF3, 0xFDF4, 0xFDF5, 0xFDF6, 0xFDF7, 0xFDF8, 0xFDF9, 0xFDFA, 0xFDFB, 0xFDFC,
        0xFE00, 0xFE01, 0xFE02, 0xFE03, 0xFE04, 0xFE05, 0xFE06, 0xFE07, 0xFE08, 0xFE09, 0xFE0A, 0xFE0B,
        0xFE0C, 0xFE0D, 0xFE0E, 0xFE0F, 0xFE10, 0xFE11, 0xFE12, 0xFE13, 0xFE14, 0xFE15, 0xFE16, 0xFE17,
        0xFE18, 0xFE19, 0xFE30, 0xFE31, 0xFE32, 0xFE33, 0xFE34, 0xFE35, 0xFE36, 0xFE37, 0xFE38, 0xFE39,
        0xFE3A, 0xFE3B, 0xFE3C, 0xFE3D, 0xFE3E, 0xFE3F, 0xFE40, 0xFE41, 0xFE42, 0xFE43, 0xFE44, 0xFE47,
        0xFE48, 0xFE49, 0xFE4A, 0xFE4B, 0xFE4C, 0xFE4D, 0xFE4E, 0xFE4F, 0xFE50, 0xFE51, 0xFE52, 0xFE54,
        0xFE55, 0xFE56, 0xFE57, 0xFE58, 0xFE59, 0xFE5A, 0xFE5B, 0xFE5C, 0xFE5D, 0xFE5E, 0xFE5F, 0xFE60,
        0xFE61, 0xFE62, 0xFE63, 0xFE64, 0xFE65, 0xFE66, 0xFE68, 0xFE69, 0xFE6A, 0xFE6B, 0xFE70, 0xFE71,
        0xFE72, 0xFE74, 0xFE76, 0xFE77, 0xFE78, 0xFE79, 0xFE7A, 0xFE7B, 0xFE7C, 0xFE7D, 0xFE7E, 0xFE7F,
        0xFE80, 0xFE81, 0xFE82, 0xFE83, 0xFE84, 0xFE85, 0xFE86, 0xFE87, 0xFE88, 0xFE89, 0xFE8A, 0xFE8B,
        0xFE8C, 0xFE8D, 0xFE8E, 0xFE8F, 0xFE90, 0xFE91, 0xFE92, 0xFE93, 0xFE94, 0xFE95, 0xFE96, 0xFE97,
        0xFE98, 0xFE99, 0xFE9A, 0xFE9B, 0xFE9C, 0xFE9D, 0xFE9E, 0xFE9F, 0xFEA0, 0xFEA1, 0xFEA2, 0xFEA3,
        0xFEA4, 0xFEA5, 0xFEA6, 0xFEA7, 0xFEA8, 0xFEA9, 0xFEAA, 0xFEAB, 0xFEAC, 0xFEAD, 0xFEAE, 0xFEAF,
        0xFEB0, 0xFEB1, 0xFEB2, 0xFEB3, 0xFEB4, 0xFEB5, 0xFEB6, 0xFEB7, 0xFEB8, 0xFEB9, 0xFEBA, 0xFEBB,
        0xFEBC, 0xFEBD, 0xFEBE, 0xFEBF, 0xFEC0, 0xFEC1, 0xFEC2, 0xFEC3, 0xFEC4, 0xFEC5, 0xFEC6, 0xFEC7,
        0xFEC8, 0xFEC9, 0xFECA, 0xFECB, 0xFECC, 0xFECD, 0xFECE, 0xFECF, 0xFED0, 0xFED1, 0xFED2, 0xFED3,
        0xFED4, 0xFED5, 0xFED6, 0xFED7, 0xFED8, 0xFED9, 0xFEDA, 0xFEDB, 0xFEDC, 0xFEDD, 0xFEDE, 0xFEDF,
        0xFEE0, 0xFEE1, 0xFEE2, 0xFEE3, 0xFEE4, 0xFEE5, 0xFEE6, 0xFEE7, 0xFEE8, 0xFEE9, 0xFEEA, 0xFEEB,
        0xFEEC, 0xFEED, 0xFEEE, 0xFEEF, 0xFEF0, 0xFEF1, 0xFEF2, 0xFEF3, 0xFEF4, 0xFEF5, 0xFEF6, 0xFEF7,
        0xFEF8, 0xFEF9, 0xFEFA, 0xFEFB, 0xFEFC, 0xFEFF, 0xFF01, 0xFF02, 0xFF03, 0xFF04, 0xFF05, 0xFF06,
        0xFF07, 0xFF08, 0xFF09, 0xFF0A, 0xFF0B, 0xFF0C, 0xFF0D, 0xFF0E, 0xFF0F, 0xFF10, 0xFF11, 0xFF12,
        0xFF13, 0xFF14, 0xFF15, 0xFF16, 0xFF17, 0xFF18, 0xFF19, 0xFF1A, 0xFF1B, 0xFF1C, 0xFF1D, 0xFF1E,
        0xFF1F, 0xFF20, 0xFF21, 0xFF22, 0xFF23, 0xFF24, 0xFF25, 0xFF26, 0xFF27, 0xFF28, 0xFF29, 0xFF2A,
        0xFF2B, 0xFF2C, 0xFF2D, 0xFF2E, 0xFF2F, 0xFF30, 0xFF31, 0xFF32, 0xFF33, 0xFF34, 0xFF35, 0xFF36,
        0xFF37, 0xFF38, 0xFF39, 0xFF3A, 0xFF3B, 0xFF3C, 0xFF3D, 0xFF3E, 0xFF3F, 0xFF40, 0xFF41, 0xFF42,
        0xFF43, 0xFF44, 0xFF45, 0xFF46, 0xFF47, 0xFF48, 0xFF49, 0xFF4A, 0xFF4B, 0xFF4C, 0xFF4D, 0xFF4E,
        0xFF4F, 0xFF50, 0xFF51, 0xFF52, 0xFF53, 0xFF54, 0xFF55, 0xFF56, 0xFF57, 0xFF58, 0xFF59, 0xFF5A,
        0xFF5B, 0xFF5C, 0xFF5D, 0xFF5E, 0xFF5F, 0xFF60, 0xFF61, 0xFF62, 0xFF63, 0xFF64, 0xFF65, 0xFF66,
        0xFF67, 0xFF68, 0xFF69, 0xFF6A, 0xFF6B, 0xFF6C, 0xFF6D, 0xFF6E, 0xFF6F, 0xFF70, 0xFF71, 0xFF72,
        0xFF73, 0xFF74, 0xFF75, 0xFF76, 0xFF77, 0xFF78, 0xFF79, 0xFF7A, 0xFF7B, 0xFF7C, 0xFF7D, 0xFF7E,
        0xFF7F, 0xFF80, 0xFF81, 0xFF82, 0xFF83, 0xFF84, 0xFF85, 0xFF86, 0xFF87, 0xFF88, 0xFF89, 0xFF8A,
        0xFF8B, 0xFF8C, 0xFF8D, 0xFF8E, 0xFF8F, 0xFF90, 0xFF91, 0xFF92, 0xFF93, 0xFF94, 0xFF95, 0xFF96,
        0xFF97, 0xFF98, 0xFF99, 0xFF9A, 0xFF9B, 0xFF9C, 0xFF9D, 0xFF9E, 0xFF9F, 0xFFA0, 0xFFA1, 0xFFA2,
        0xFFA3, 0xFFA4, 0xFFA5, 0xFFA6, 0xFFA7, 0xFFA8, 0xFFA9, 0xFFAA, 0xFFAB, 0xFFAC, 0xFFAD, 0xFFAE,
        0xFFAF, 0xFFB0, 0xFFB1, 0xFFB2, 0xFFB3, 0xFFB4, 0xFFB5, 0xFFB6, 0xFFB7, 0xFFB8, 0xFFB9, 0xFFBA,
        0xFFBB, 0xFFBC, 0xFFBD, 0xFFBE, 0xFFC2, 0xFFC3, 0xFFC4, 0xFFC5, 0xFFC6, 0xFFC7, 0xFFCA, 0xFFCB,
        0xFFCC, 0xFFCD, 0xFFCE, 0xFFCF, 0xFFD2, 0xFFD3, 0xFFD4, 0xFFD5, 0xFFD6, 0xFFD7, 0xFFDA, 0xFFDB,
        0xFFDC, 0xFFE0, 0xFFE1, 0xFFE2, 0xFFE3, 0xFFE4, 0xFFE5, 0xFFE6, 0xFFE8, 0xFFE9, 0xFFEA, 0xFFEB,
        0xFFEC, 0xFFED, 0xFFEE, 0xFFF0, 0xFFF1, 0xFFF2, 0xFFF3, 0xFFF4, 0xFFF5, 0xFFF6, 0xFFF7, 0xFFF8,
        0x10400, 0x10401, 0x10402, 0x10403, 0x10404, 0x10405, 0x10406, 0x10407, 0x10408, 0x10409, 0x1040A, 0x1040B,
        0x1040C, 0x1040D, 0x1040E, 0x1040F, 0x10410, 0x10411, 0x10412, 0x10413, 0x10414, 0x10415, 0x10416, 0x10417,
        0x10418, 0x10419, 0x1041A, 0x1041B, 0x1041C, 0x1041D, 0x1041E, 0x1041F, 0x10420, 0x10421, 0x10422, 0x10423,
        0x10424, 0x10425, 0x10426, 0x10427, 0x104B0, 0x104B1, 0x104B2, 0x104B3, 0x104B4, 0x104B5, 0x104B6, 0x104B7,
        0x104B8, 0x104B9, 0x104BA, 0x104BB, 0x104BC, 0x104BD, 0x104BE, 0x104BF, 0x104C0, 0x104C1, 0x104C2, 0x104C3,
        0x104C4, 0x104C5, 0x104C6, 0x104C7, 0x104C8, 0x104C9, 0x104CA, 0x104CB, 0x104CC, 0x104CD, 0x104CE, 0x104CF,
        0x104D0, 0x104D1, 0x104D2, 0x104D3, 0x10570, 0x10571, 0x10572, 0x10573, 0x10574, 0x10575, 0x10576, 0x10577,
        0x10578, 0x10579, 0x1057A, 0x1057C, 0x1057D, 0x1057E, 0x1057F, 0x10580, 0x10581, 0x10582, 0x10583, 0x10584,
        0x10585, 0x10586, 0x10587, 0x10588, 0x10589, 0x1058A, 0x1058C, 0x1058D, 0x1058E, 0x1058F, 0x10590, 0x10591,
        0x10592, 0x10594, 0x10595, 0x10781, 0x10782, 0x10783, 0x10784, 0x10785, 0x10787, 0x10788, 0x10789, 0x1078A,
        0x1078B, 0x1078C, 0x1078D, 0x1078E, 0x1078F, 0x10790, 0x10791, 0x10792, 0x10793, 0x10794, 0x10795, 0x10796,
        0x10797, 0x10798, 0x10799, 0x1079A, 0x1079B, 0x1079C, 0x1079D, 0x1079E, 0x1079F, 0x107A0, 0x107A1, 0x107A2,
        0x107A3, 0x107A4, 0x107A5, 0x107A6, 0x107A7, 0x107A8, 0x107A9, 0x107AA, 0x107AB, 0x107AC, 0x107AD, 0x107AE,
        0x107AF, 0x107B0, 0x107B2, 0x107B3, 0x107B4, 0x107B5, 0x107B6, 0x107B7, 0x107B8, 0x107B9, 0x107BA, 0x10C80,
        0x10C81, 0x10C82, 0x10C83, 0x10C84, 0x10C85, 0x10C86, 0x10C87, 0x10C88, 0x10C89, 0x10C8A, 0x10C8B, 0x10C8C,
        0x10C8D, 0x10C8E, 0x10C8F, 0x10C90, 0x10C91, 0x10C92, 0x10C93, 0x10C94, 0x10C95, 0x10C96, 0x10C97, 0x10C98,
        0x10C99, 0x10C9A, 0x10C9B, 0x10C9C, 0x10C9D, 0x10C9E, 0x10C9F, 0x10CA0, 0x10CA1, 0x10CA2, 0x10CA3, 0x10CA4,
        0x10CA5, 0x10CA6, 0x10CA7, 0x10CA8, 0x10CA9, 0x10CAA, 0x10CAB, 0x10CAC, 0x10CAD, 0x10CAE, 0x10CAF, 0x10CB0,
        0x10CB1, 0x10CB2, 0x10D50, 0x10D51, 0x10D52, 0x10D53, 0x10D54, 0x10D55, 0x10D56, 0x10D57, 0x10D58, 0x10D59,
        0x10D5A, 0x10D5B, 0x10D5C, 0x10D5D, 0x10D5E, 0x10D5F, 0x10D60, 0x10D61, 0x10D62, 0x10D63, 0x10D64, 0x10D65,
        0x118A0, 0x118A1, 0x118A2, 0x118A3, 0x118A4, 0x118A5, 0x118A6, 0x118A7, 0x118A8, 0x118A9, 0x118AA, 0x118AB,
        0x118AC, 0x118AD, 0x118AE, 0x118AF, 0x118B0, 0x118B1, 0x118B2, 0x118B3, 0x118B4, 0x118B5, 0x118B6, 0x118B7,
        0x118B8, 0x118B9, 0x118BA, 0x118BB, 0x118BC, 0x118BD, 0x118BE, 0x118BF, 0x16E40, 0x16E41, 0x16E42, 0x16E43,
        0x16E44, 0x16E45, 0x16E46, 0x16E47, 0x16E48, 0x16E49, 0x16E4A, 0x16E4B, 0x16E4C, 0x16E4D, 0x16E4E, 0x16E4F,
        0x16E50, 0x16E51, 0x16E52, 0x16E53, 0x16E54, 0x16E55, 0x16E56, 0x16E57, 0x16E58, 0x16E59, 0x16E5A, 0x16E5B,
        0x16E5C, 0x16E5D, 0x16E5E, 0x16E5F, 0x16EA0, 0x16EA1, 0x16EA2, 0x16EA3, 0x16EA4, 0x16EA5, 0x16EA6, 0x16EA7,
        0x16EA8, 0x16EA9, 0x16EAA, 0x16EAB, 0x16EAC, 0x16EAD, 0x16EAE, 0x16EAF, 0x16EB0, 0x16EB1, 0x16EB2, 0x16EB3,
        0x16EB4, 0x16EB5, 0x16EB6, 0x16EB7, 0x16EB8, 0x1BCA0, 0x1BCA1, 0x1BCA2, 0x1BCA3, 0x1CCD6, 0x1CCD7, 0x1CCD8,
        0x1CCD9, 0x1CCDA, 0x1CCDB, 0x1CCDC, 0x1CCDD, 0x1CCDE, 0x1CCDF, 0x1CCE0, 0x1CCE1, 0x1CCE2, 0x1CCE3, 0x1CCE4,
        0x1CCE5, 0x1CCE6, 0x1CCE7, 0x1CCE8, 0x1CCE9, 0x1CCEA, 0x1CCEB, 0x1CCEC, 0x1CCED, 0x1CCEE, 0x1CCEF, 0x1CCF0,
        0x1CCF1, 0x1CCF2, 0x1CCF3, 0x1CCF4, 0x1CCF5, 0x1CCF6, 0x1CCF7, 0x1CCF8, 0x1CCF9, 0x1D15E, 0x1D15F, 0x1D160,
        0x1D161, 0x1D162, 0x1D163, 0x1D164, 0x1D173, 0x1D174, 0x1D175, 0x1D176, 0x1D177, 0x1D178, 0x1D179, 0x1D17A,
        0x1D1BB, 0x1D1BC, 0x1D1BD, 0x1D1BE, 0x1D1BF, 0x1D1C0, 0x1D400, 0x1D401, 0x1D402, 0x1D403, 0x1D404, 0x1D405,
        0x1D406, 0x1D407, 0x1D408, 0x1D409, 0x1D40A, 0x1D40B, 0x1D40C, 0x1D40D, 0x1D40E, 0x1D40F, 0x1D410, 0x1D411,
        0x1D412, 0x1D413, 0x1D414, 0x1D415, 0x1D416, 0x1D417, 0x1D418, 0x1D419, 0x1D41A, 0x1D41B, 0x1D41C, 0x1D41D,
        0x1D41E, 0x1D41F, 0x1D420, 0x1D421, 0x1D422, 0x1D423, 0x1D424, 0x1D425, 0x1D426, 0x1D427, 0x1D428, 0x1D429,
        0x1D42A, 0x1D42B, 0x1D42C, 0x1D42D, 0x1D42E, 0x1D42F, 0x1D430, 0x1D431, 0x1D432, 0x1D433, 0x1D434, 0x1D435,
        0x1D436, 0x1D437, 0x1D438, 0x1D439, 0x1D43A, 0x1D43B, 0x1D43C, 0x1D43D, 0x1D43E, 0x1D43F, 0x1D440, 0x1D441,
        0x1D442, 0x1D443, 0x1D444, 0x1D445, 0x1D446, 0x1D447, 0x1D448, 0x1D449, 0x1D44A, 0x1D44B, 0x1D44C, 0x1D44D,
        0x1D44E, 0x1D44F, 0x1D450, 0x1D451, 0x1D452, 0x1D453, 0x1D454, 0x1D456, 0x1D457, 0x1D458, 0x1D459, 0x1D45A,
        0x1D45B, 0x1D45C, 0x1D45D, 0x1D45E, 0x1D45F, 0x1D460, 0x1D461, 0x1D462, 0x1D463, 0x1D464, 0x1D465, 0x1D466,
        0x1D467, 0x1D468, 0x1D469, 0x1D46A, 0x1D46B, 0x1D46C, 0x1D46D, 0x1D46E, 0x1D46F, 0x1D470, 0x1D471, 0x1D472,
        0x1D473, 0x1D474, 0x1D475, 0x1D476, 0x1D477, 0x1D478, 0x1D479, 0x1D47A, 0x1D47B, 0x1D47C, 0x1D47D, 0x1D47E,
        0x1D47F, 0x1D480, 0x1D481, 0x1D482, 0x1D483, 0x1D484, 0x1D485, 0x1D486, 0x1D487, 0x1D488, 0x1D489, 0x1D48A,
        0x1D48B, 0x1D48C, 0x1D48D, 0x1D48E, 0x1D48F, 0x1D490, 0x1D491, 0x1D492, 0x1D493, 0x1D494, 0x1D495, 0x1D496,
        0x1D497, 0x1D498, 0x1D499, 0x1D49A, 0x1D49B, 0x1D49C, 0x1D49E, 0x1D49F, 0x1D4A2, 0x1D4A5, 0x1D4A6, 0x1D4A9,
        0x1D4AA, 0x1D4AB, 0x1D4AC, 0x1D4AE, 0x1D4AF, 0x1D4B0, 0x1D4B1, 0x1D4B2, 0x1D4B3, 0x1D4B4, 0x1D4B5, 0x1D4B6,
        0x1D4B7, 0x1D4B8, 0x1D4B9, 0x1D4BB, 0x1D4BD, 0x1D4BE, 0x1D4BF, 0x1D4C0, 0x1D4C1, 0x1D4C2, 0x1D4C3, 0x1D4C5,
        0x1D4C6, 0x1D4C7, 0x1D4C8, 0x1D4C9, 0x1D4CA, 0x1D4CB, 0x1D4CC, 0x1D4CD, 0x1D4CE, 0x1D4CF, 0x1D4D0, 0x1D4D1,
        0x1D4D2, 0x1D4D3, 0x1D4D4, 0x1D4D5, 0x1D4D6, 0x1D4D7, 0x1D4D8, 0x1D4D9, 0x1D4DA, 0x1D4DB, 0x1D4DC, 0x1D4DD,
        0x1D4DE, 0x1D4DF, 0x1D4E0, 0x1D4E1, 0x1D4E2, 0x1D4E3, 0x1D4E4, 0x1D4E5, 0x1D4E6, 0x1D4E7, 0x1D4E8, 0x1D4E9,
        0x1D4EA, 0x1D4EB, 0x1D4EC, 0x1D4ED, 0x1D4EE, 0x1D4EF, 0x1D4F0, 0x1D4F1, 0x1D4F2, 0x1D4F3, 0x1D4F4, 0x1D4F5,
        0x1D4F6, 0x1D4F7, 0x1D4F8, 0x1D4F9, 0x1D4FA, 0x1D4FB, 0x1D4FC, 0x1D4FD, 0x1D4FE, 0x1D4FF, 0x1D500, 0x1D501,
        0x1D502, 0x1D503, 0x1D504, 0x1D505, 0x1D507, 0x1D508, 0x1D509, 0x1D50A, 0x1D50D, 0x1D50E, 0x1D50F, 0x1D510,
        0x1D511, 0x1D512, 0x1D513, 0x1D514, 0x1D516, 0x1D517, 0x1D518, 0x1D519, 0x1D51A, 0x1D51B, 0x1D51C, 0x1D51E,
        0x1D51F, 0x1D520, 0x1D521, 0x1D522, 0x1D523, 0x1D524, 0x1D525, 0x1D526, 0x1D527, 0x1D528, 0x1D529, 0x1D52A,
        0x1D52B, 0x1D52C, 0x1D52D, 0x1D52E, 0x1D52F, 0x1D530, 0x1D531, 0x1D532, 0x1D533, 0x1D534, 0x1D535, 0x1D536,
        0x1D537, 0x1D538, 0x1D539, 0x1D53B, 0x1D53C, 0x1D53D, 0x1D53E, 0x1D540, 0x1D541, 0x1D542, 0x1D543, 0x1D544,
        0x1D546, 0x1D54A, 0x1D54B, 0x1D54C, 0x1D54D, 0x1D54E, 0x1D54F, 0x1D550, 0x1D552, 0x1D553, 0x1D554, 0x1D555,
        0x1D556, 0x1D557, 0x1D558, 0x1D559, 0x1D55A, 0x1D55B, 0x1D55C, 0x1D55D, 0x1D55E, 0x1D55F, 0x1D560, 0x1D561,
        0x1D562, 0x1D563, 0x1D564, 0x1D565, 0x1D566, 0x1D567, 0x1D568, 0x1D569, 0x1D56A, 0x1D56B, 0x1D56C, 0x1D56D,
        0x1D56E, 0x1D56F, 0x1D570, 0x1D571, 0x1D572, 0x1D573, 0x1D574, 0x1D575, 0x1D576, 0x1D577, 0x1D578, 0x1D579,
        0x1D57A, 0x1D57B, 0x1D57C, 0x1D57D, 0x1D57E, 0x1D57F, 0x1D580, 0x1D581, 0x1D582, 0x1D583, 0x1D584, 0x1D585,
        0x1D586, 0x1D587, 0x1D588, 0x1D589, 0x1D58A, 0x1D58B, 0x1D58C, 0x1D58D, 0x1D58E, 0x1D58F, 0x1D590, 0x1D591,
        0x1D592, 0x1D593, 0x1D594, 0x1D595, 0x1D596, 0x1D597, 0x1D598, 0x1D599, 0x1D59A, 0x1D59B, 0x1D59C, 0x1D59D,
        0x1D59E, 0x1D59F, 0x1D5A0, 0x1D5A1, 0x1D5A2, 0x1D5A3, 0x1D5A4, 0x1D5A5, 0x1D5A6, 0x1D5A7, 0x1D5A8, 0x1D5A9,
        0x1D5AA, 0x1D5AB, 0x1D5AC, 0x1D5AD, 0x1D5AE, 0x1D5AF, 0x1D5B0, 0x1D5B1, 0x1D5B2, 0x1D5B3, 0x1D5B4, 0x1D5B5,
        0x1D5B6, 0x1D5B7, 0x1D5B8, 0x1D5B9, 0x1D5BA, 0x1D5BB, 0x1D5BC, 0x1D5BD, 0x1D5BE, 0x1D5BF, 0x1D5C0, 0x1D5C1,
        0x1D5C2, 0x1D5C3, 0x1D5C4, 0x1D5C5, 0x1D5C6, 0x1D5C7, 0x1D5C8, 0x1D5C9, 0x1D5CA, 0x1D5CB, 0x1D5CC, 0x1D5CD,
        0x1D5CE, 0x1D5CF, 0x1D5D0, 0x1D5D1, 0x1D5D2, 0x1D5D3, 0x1D5D4, 0x1D5D5, 0x1D5D6, 0x1D5D7, 0x1D5D8, 0x1D5D9,
        0x1D5DA, 0x1D5DB, 0x1D5DC, 0x1D5DD, 0x1D5DE, 0x1D5DF, 0x1D5E0, 0x1D5E1, 0x1D5E2, 0x1D5E3, 0x1D5E4, 0x1D5E5,
        0x1D5E6, 0x1D5E7, 0x1D5E8, 0x1D5E9, 0x1D5EA, 0x1D5EB, 0x1D5EC, 0x1D5ED, 0x1D5EE, 0x1D5EF, 0x1D5F0, 0x1D5F1,
        0x1D5F2, 0x1D5F3, 0x1D5F4, 0x1D5F5, 0x1D5F6, 0x1D5F7, 0x1D5F8, 0x1D5F9, 0x1D5FA, 0x1D5FB, 0x1D5FC, 0x1D5FD,
        0x1D5FE, 0x1D5FF, 0x1D600, 0x1D601, 0x1D602, 0x1D603, 0x1D604, 0x1D605, 0x1D606, 0x1D607, 0x1D608, 0x1D609,
        0x1D60A, 0x1D60B, 0x1D60C, 0x1D60D, 0x1D60E, 0x1D60F, 0x1D610, 0x1D611, 0x1D612, 0x1D613, 0x1D614, 0x1D615,
        0x1D616, 0x1D617, 0x1D618, 0x1D619, 0x1D61A, 0x1D61B, 0x1D61C, 0x1D61D, 0x1D61E, 0x1D61F, 0x1D620, 0x1D621,
        0x1D622, 0x1D623, 0x1D624, 0x1D625, 0x1D626, 0x1D627, 0x1D628, 0x1D629, 0x1D62A, 0x1D62B, 0x1D62C, 0x1D62D,
        0x1D62E, 0x1D62F, 0x1D630, 0x1D631, 0x1D632, 0x1D633, 0x1D634, 0x1D635, 0x1D636, 0x1D637, 0x1D638, 0x1D639,
        0x1D63A, 0x1D63B, 0x1D63C, 0x1D63D, 0x1D63E, 0x1D63F, 0x1D640, 0x1D641, 0x1D642, 0x1D643, 0x1D644, 0x1D645,
        0x1D646, 0x1D647, 0x1D648, 0x1D649, 0x1D64A, 0x1D64B, 0x1D64C, 0x1D64D, 0x1D64E, 0x1D64F, 0x1D650, 0x1D651,
        0x1D652, 0x1D653, 0x1D654, 0x1D655, 0x1D656, 0x1D657, 0x1D658, 0x1D659, 0x1D65A, 0x1D65B, 0x1D65C, 0x1D65D,
        0x1D65E, 0x1D65F, 0x1D660, 0x1D661, 0x1D662, 0x1D663, 0x1D664, 0x1D665, 0x1D666, 0x1D667, 0x1D668, 0x1D669,
        0x1D66A, 0x1D66B, 0x1D66C, 0x1D66D, 0x1D66E, 0x1D66F, 0x1D670, 0x1D671, 0x1D672, 0x1D673, 0x1D674, 0x1D675,
        0x1D676, 0x1D677, 0x1D678, 0x1D679, 0x1D67A, 0x1D67B, 0x1D67C, 0x1D67D, 0x1D67E, 0x1D67F, 0x1D680, 0x1D681,
        0x1D682, 0x1D683, 0x1D684, 0x1D685, 0x1D686, 0x1D687, 0x1D688, 0x1D689, 0x1D68A, 0x1D68B, 0x1D68C, 0x1D68D,
        0x1D68E, 0x1D68F, 0x1D690, 0x1D691, 0x1D692, 0x1D693, 0x1D694, 0x1D695, 0x1D696, 0x1D697, 0x1D698, 0x1D699,
        0x1D69A, 0x1D69B, 0x1D69C, 0x1D69D, 0x1D69E, 0x1D69F, 0x1D6A0, 0x1D6A1, 0x1D6A2, 0x1D6A3, 0x1D6A4, 0x1D6A5,
        0x1D6A8, 0x1D6A9, 0x1D6AA, 0x1D6AB, 0x1D6AC, 0x1D6AD, 0x1D6AE, 0x1D6AF, 0x1D6B0, 0x1D6B1, 0x1D6B2, 0x1D6B3,
        0x1D6B4, 0x1D6B5, 0x1D6B6, 0x1D6B7, 0x1D6B8, 0x1D6B9, 0x1D6BA, 0x1D6BB, 0x1D6BC, 0x1D6BD, 0x1D6BE, 0x1D6BF,
        0x1D6C0, 0x1D6C1, 0x1D6C2, 0x1D6C3, 0x1D6C4, 0x1D6C5, 0x1D6C6, 0x1D6C7, 0x1D6C8, 0x1D6C9, 0x1D6CA, 0x1D6CB,
        0x1D6CC, 0x1D6CD, 0x1D6CE, 0x1D6CF, 0x1D6D0, 0x1D6D1, 0x1D6D2, 0x1D6D3, 0x1D6D4, 0x1D6D5, 0x1D6D6, 0x1D6D7,
        0x1D6D8, 0x1D6D9, 0x1D6DA, 0x1D6DB, 0x1D6DC, 0x1D6DD, 0x1D6DE, 0x1D6DF, 0x1D6E0, 0x1D6E1, 0x1D6E2, 0x1D6E3,
        0x1D6E4, 0x1D6E5, 0x1D6E6, 0x1D6E7, 0x1D6E8, 0x1D6E9, 0x1D6EA, 0x1D6EB, 0x1D6EC, 0x1D6ED, 0x1D6EE, 0x1D6EF,
        0x1D6F0, 0x1D6F1, 0x1D6F2, 0x1D6F3, 0x1D6F4, 0x1D6F5, 0x1D6F6, 0x1D6F7, 0x1D6F8, 0x1D6F9, 0x1D6FA, 0x1D6FB,
        0x1D6FC, 0x1D6FD, 0x1D6FE, 0x1D6FF, 0x1D700, 0x1D701, 0x1D702, 0x1D703, 0x1D704, 0x1D705, 0x1D706, 0x1D707,
        0x1D708, 0x1D709, 0x1D70A, 0x1D70B, 0x1D70C, 0x1D70D, 0x1D70E, 0x1D70F, 0x1D710, 0x1D711, 0x1D712, 0x1D713,
        0x1D714, 0x1D715, 0x1D716, 0x1D717, 0x1D718, 0x1D719, 0x1D71A, 0x1D71B, 0x1D71C, 0x1D71D, 0x1D71E, 0x1D71F,
        0x1D720, 0x1D721, 0x1D722, 0x1D723, 0x1D724, 0x1D725, 0x1D726, 0x1D727, 0x1D728, 0x1D729, 0x1D72A, 0x1D72B,
        0x1D72C, 0x1D72D, 0x1D72E, 0x1D72F, 0x1D730, 0x1D731, 0x1D732, 0x1D733, 0x1D734, 0x1D735, 0x1D736, 0x1D737,
        0x1D738, 0x1D739, 0x1D73A, 0x1D73B, 0x1D73C, 0x1D73D, 0x1D73E, 0x1D73F, 0x1D740, 0x1D741, 0x1D742, 0x1D743,
        0x1D744, 0x1D745, 0x1D746, 0x1D747, 0x1D748, 0x1D749, 0x1D74A, 0x1D74B, 0x1D74C, 0x1D74D, 0x1D74E, 0x1D74F,
        0x1D750, 0x1D751, 0x1D752, 0x1D753, 0x1D754, 0x1D755, 0x1D756, 0x1D757, 0x1D758, 0x1D759, 0x1D75A, 0x1D75B,
        0x1D75C, 0x1D75D, 0x1D75E, 0x1D75F, 0x1D760, 0x1D761, 0x1D762, 0x1D763, 0x1D764, 0x1D765, 0x1D766, 0x1D767,
        0x1D768, 0x1D769, 0x1D76A, 0x1D76B, 0x1D76C, 0x1D76D, 0x1D76E, 0x1D76F, 0x1D770, 0x1D771, 0x1D772, 0x1D773,
        0x1D774, 0x1D775, 0x1D776, 0x1D777, 0x1D778, 0x1D779, 0x1D77A, 0x1D77B, 0x1D77C, 0x1D77D, 0x1D77E, 0x1D77F,
        0x1D780, 0x1D781, 0x1D782, 0x1D783, 0x1D784, 0x1D785, 0x1D786, 0x1D787, 0x1D788, 0x1D789, 0x1D78A, 0x1D78B,
        0x1D78C, 0x1D78D, 0x1D78E, 0x1D78F, 0x1D790, 0x1D791, 0x1D792, 0x1D793, 0x1D794, 0x1D795, 0x1D796, 0x1D797,
        0x1D798, 0x1D799, 0x1D79A, 0x1D79B, 0x1D79C, 0x1D79D, 0x1D79E, 0x1D79F, 0x1D7A0, 0x1D7A1, 0x1D7A2, 0x1D7A3,
        0x1D7A4, 0x1D7A5, 0x1D7A6, 0x1D7A7, 0x1D7A8, 0x1D7A9, 0x1D7AA, 0x1D7AB, 0x1D7AC, 0x1D7AD, 0x1D7AE, 0x1D7AF,
        0x1D7B0, 0x1D7B1, 0x1D7B2, 0x1D7B3, 0x1D7B4, 0x1D7B5, 0x1D7B6, 0x1D7B7, 0x1D7B8, 0x1D7B9, 0x1D7BA, 0x1D7BB,
        0x1D7BC, 0x1D7BD, 0x1D7BE, 0x1D7BF, 0x1D7C0, 0x1D7C1, 0x1D7C2, 0x1D7C3, 0x1D7C4, 0x1D7C5, 0x1D7C6, 0x1D7C7,
        0x1D7C8, 0x1D7C9, 0x1D7CA, 0x1D7CB, 0x1D7CE, 0x1D7CF, 0x1D7D0, 0x1D7D1, 0x1D7D2, 0x1D7D3, 0x1D7D4, 0x1D7D5,
        0x1D7D6, 0x1D7D7, 0x1D7D8, 0x1D7D9, 0x1D7DA, 0x1D7DB, 0x1D7DC, 0x1D7DD, 0x1D7DE, 0x1D7DF, 0x1D7E0, 0x1D7E1,
        0x1D7E2, 0x1D7E3, 0x1D7E4, 0x1D7E5, 0x1D7E6, 0x1D7E7, 0x1D7E8, 0x1D7E9, 0x1D7EA, 0x1D7EB, 0x1D7EC, 0x1D7ED,
        0x1D7EE, 0x1D7EF, 0x1D7F0, 0x1D7F1, 0x1D7F2, 0x1D7F3, 0x1D7F4, 0x1D7F5, 0x1D7F6, 0x1D7F7, 0x1D7F8, 0x1D7F9,
        0x1D7FA, 0x1D7FB, 0x1D7FC, 0x1D7FD, 0x1D7FE, 0x1D7FF, 0x1E030, 0x1E031, 0x1E032, 0x1E033, 0x1E034, 0x1E035,
        0x1E036, 0x1E037, 0x1E038, 0x1E039, 0x1E03A, 0x1E03B, 0x1E03C, 0x1E03D, 0x1E03E, 0x1E03F, 0x1E040, 0x1E041,
        0x1E042, 0x1E043, 0x1E044, 0x1E045, 0x1E046, 0x1E047, 0x1E048, 0x1E049, 0x1E04A, 0x1E04B, 0x1E04C, 0x1E04D,
        0x1E04E, 0x1E04F, 0x1E050, 0x1E051, 0x1E052, 0x1E053, 0x1E054, 0x1E055, 0x1E056, 0x1E057, 0x1E058, 0x1E059,
        0x1E05A, 0x1E05B, 0x1E05C, 0x1E05D, 0x1E05E, 0x1E05F, 0x1E060, 0x1E061, 0x1E062, 0x1E063, 0x1E064, 0x1E065,
        0x1E066, 0x1E067, 0x1E068, 0x1E069, 0x1E06A, 0x1E06B, 0x1E06C, 0x1E06D, 0x1E900, 0x1E901, 0x1E902, 0x1E903,
        0x1E904, 0x1E905, 0x1E906, 0x1E907, 0x1E908, 0x1E909, 0x1E90A, 0x1E90B, 0x1E90C, 0x1E90D, 0x1E90E, 0x1E90F,
        0x1E910, 0x1E911, 0x1E912, 0x1E913, 0x1E914, 0x1E915, 0x1E916, 0x1E917, 0x1E918, 0x1E919, 0x1E91A, 0x1E91B,
        0x1E91C, 0x1E91D, 0x1E91E, 0x1E91F, 0x1E920, 0x1E921, 0x1EE00, 0x1EE01, 0x1EE02, 0x1EE03, 0x1EE05, 0x1EE06,
        0x1EE07, 0x1EE08, 0x1EE09, 0x1EE0A, 0x1EE0B, 0x1EE0C, 0x1EE0D, 0x1EE0E, 0x1EE0F, 0x1EE10, 0x1EE11, 0x1EE12,
        0x1EE13, 0x1EE14, 0x1EE15, 0x1EE16, 0x1EE17, 0x1EE18, 0x1EE19, 0x1EE1A, 0x1EE1B, 0x1EE1C, 0x1EE1D, 0x1EE1E,
        0x1EE1F, 0x1EE21, 0x1EE22, 0x1EE24, 0x1EE27, 0x1EE29, 0x1EE2A, 0x1EE2B, 0x1EE2C, 0x1EE2D, 0x1EE2E, 0x1EE2F,
        0x1EE30, 0x1EE31, 0x1EE32, 0x1EE34, 0x1EE35, 0x1EE36, 0x1EE37, 0x1EE39, 0x1EE3B, 0x1EE42, 0x1EE47, 0x1EE49,
        0x1EE4B, 0x1EE4D, 0x1EE4E, 0x1EE4F, 0x1EE51, 0x1EE52, 0x1EE54, 0x1EE57, 0x1EE59, 0x1EE5B, 0x1EE5D, 0x1EE5F,
        0x1EE61, 0x1EE62, 0x1EE64, 0x1EE67, 0x1EE68, 0x1EE69, 0x1EE6A, 0x1EE6C, 0x1EE6D, 0x1EE6E, 0x1EE6F, 0x1EE70,
        0x1EE71, 0x1EE72, 0x1EE74, 0x1EE75, 0x1EE76, 0x1EE77, 0x1EE79, 0x1EE7A, 0x1EE7B, 0x1EE7C, 0x1EE7E, 0x1EE80,
        0x1EE81, 0x1EE82, 0x1EE83, 0x1EE84, 0x1EE85, 0x1EE86, 0x1EE87, 0x1EE88, 0x1EE89, 0x1EE8B, 0x1EE8C, 0x1EE8D,
        0x1EE8E, 0x1EE8F, 0x1EE90, 0x1EE91, 0x1EE92, 0x1EE93, 0x1EE94, 0x1EE95, 0x1EE96, 0x1EE97, 0x1EE98, 0x1EE99,
        0x1EE9A, 0x1EE9B, 0x1EEA1, 0x1EEA2, 0x1EEA3, 0x1EEA5, 0x1EEA6, 0x1EEA7, 0x1EEA8, 0x1EEA9, 0x1EEAB, 0x1EEAC,
        0x1EEAD, 0x1EEAE, 0x1EEAF, 0x1EEB0, 0x1EEB1, 0x1EEB2, 0x1EEB3, 0x1EEB4, 0x1EEB5, 0x1EEB6, 0x1EEB7, 0x1EEB8,
        0x1EEB9, 0x1EEBA, 0x1EEBB, 0x1F100, 0x1F101, 0x1F102, 0x1F103, 0x1F104, 0x1F105, 0x1F106, 0x1F107, 0x1F108,
        0x1F109, 0x1F10A, 0x1F110, 0x1F111, 0x1F112, 0x1F113, 0x1F114, 0x1F115, 0x1F116, 0x1F117, 0x1F118, 0x1F119,
        0x1F11A, 0x1F11B, 0x1F11C, 0x1F11D, 0x1F11E, 0x1F11F, 0x1F120, 0x1F121, 0x1F122, 0x1F123, 0x1F124, 0x1F125,
        0x1F126, 0x1F127, 0x1F128, 0x1F129, 0x1F12A, 0x1F12B, 0x1F12C, 0x1F12D, 0x1F12E, 0x1F130, 0x1F131, 0x1F132,
        0x1F133, 0x1F134, 0x1F135, 0x1F136, 0x1F137, 0x1F138, 0x1F139, 0x1F13A, 0x1F13B, 0x1F13C, 0x1F13D, 0x1F13E,
        0x1F13F, 0x1F140, 0x1F141, 0x1F142, 0x1F143, 0x1F144, 0x1F145, 0x1F146, 0x1F147, 0x1F148, 0x1F149, 0x1F14A,
        0x1F14B, 0x1F14C, 0x1F14D, 0x1F14E, 0x1F14F, 0x1F16A, 0x1F16B, 0x1F16C, 0x1F190, 0x1F200, 0x1F201, 0x1F202,
        0x1F210, 0x1F211, 0x1F212, 0x1F213, 0x1F214, 0x1F215, 0x1F216, 0x1F217, 0x1F218, 0x1F219, 0x1F21A, 0x1F21B,
        0x1F21C, 0x1F21D, 0x1F21E, 0x1F21F, 0x1F220, 0x1F221, 0x1F222, 0x1F223, 0x1F224, 0x1F225, 0x1F226, 0x1F227,
        0x1F228, 0x1F229, 0x1F22A, 0x1F22B, 0x1F22C, 0x1F22D, 0x1F22E, 0x1F22F, 0x1F230, 0x1F231, 0x1F232, 0x1F233,
        0x1F234, 0x1F235, 0x1F236, 0x1F237, 0x1F238, 0x1F239, 0x1F23A, 0x1F23B, 0x1F240, 0x1F241, 0x1F242, 0x1F243,
        0x1F244, 0x1F245, 0x1F246, 0x1F247, 0x1F248, 0x1F250, 0x1F251, 0x1FBF0, 0x1FBF1, 0x1FBF2, 0x1FBF3, 0x1FBF4,
        0x1FBF5, 0x1FBF6, 0x1FBF7, 0x1FBF8, 0x1FBF9, 0x2F800, 0x2F801, 0x2F802, 0x2F803, 0x2F804, 0x2F805, 0x2F806,
        0x2F807, 0x2F808, 0x2F809, 0x2F80A, 0x2F80B, 0x2F80C, 0x2F80D, 0x2F80E, 0x2F80F, 0x2F810, 0x2F811, 0x2F812,
        0x2F813, 0x2F814, 0x2F815, 0x2F816, 0x2F817, 0x2F818, 0x2F819, 0x2F81A, 0x2F81B, 0x2F81C, 0x2F81D, 0x2F81E,
        0x2F81F, 0x2F820, 0x2F821, 0x2F822, 0x2F823, 0x2F824, 0x2F825, 0x2F826, 0x2F827, 0x2F828, 0x2F829, 0x2F82A,
        0x2F82B, 0x2F82C, 0x2F82D, 0x2F82E, 0x2F82F, 0x2F830, 0x2F831, 0x2F832, 0x2F833, 0x2F834, 0x2F835, 0x2F836,
        0x2F837, 0x2F838, 0x2F839, 0x2F83A, 0x2F83B, 0x2F83C, 0x2F83D, 0x2F83E, 0x2F83F, 0x2F840, 0x2F841, 0x2F842,
        0x2F843, 0x2F844, 0x2F845, 0x2F846, 0x2F847, 0x2F848, 0x2F849, 0x2F84A, 0x2F84B, 0x2F84C, 0x2F84D, 0x2F84E,
        0x2F84F, 0x2F850, 0x2F851, 0x2F852, 0x2F853, 0x2F854, 0x2F855, 0x2F856, 0x2F857, 0x2F858, 0x2F859, 0x2F85A,
        0x2F85B, 0x2F85C, 0x2F85D, 0x2F85E, 0x2F85F, 0x2F860, 0x2F861, 0x2F862, 0x2F863, 0x2F864, 0x2F865, 0x2F866,
        0x2F867, 0x2F868, 0x2F869, 0x2F86A, 0x2F86B, 0x2F86C, 0x2F86D, 0x2F86E, 0x2F86F, 0x2F870, 0x2F871, 0x2F872,
        0x2F873, 0x2F874, 0x2F875, 0x2F876, 0x2F877, 0x2F878, 0x2F879, 0x2F87A, 0x2F87B, 0x2F87C, 0x2F87D, 0x2F87E,
        0x2F87F, 0x2F880, 0x2F881, 0x2F882, 0x2F883, 0x2F884, 0x2F885, 0x2F886, 0x2F887, 0x2F888, 0x2F889, 0x2F88A,
        0x2F88B, 0x2F88C, 0x2F88D, 0x2F88E, 0x2F88F, 0x2F890, 0x2F891, 0x2F892, 0x2F893, 0x2F894, 0x2F895, 0x2F896,
        0x2F897, 0x2F898, 0x2F899, 0x2F89A, 0x2F89B, 0x2F89C, 0x2F89D, 0x2F89E, 0x2F89F, 0x2F8A0, 0x2F8A1, 0x2F8A2,
        0x2F8A3, 0x2F8A4, 0x2F8A5, 0x2F8A6, 0x2F8A7, 0x2F8A8, 0x2F8A9, 0x2F8AA, 0x2F8AB, 0x2F8AC, 0x2F8AD, 0x2F8AE,
        0x2F8AF, 0x2F8B0, 0x2F8B1, 0x2F8B2, 0x2F8B3, 0x2F8B4, 0x2F8B5, 0x2F8B6, 0x2F8B7, 0x2F8B8, 0x2F8B9, 0x2F8BA,
        0x2F8BB, 0x2F8BC, 0x2F8BD, 0x2F8BE, 0x2F8BF, 0x2F8C0, 0x2F8C1, 0x2F8C2, 0x2F8C3, 0x2F8C4, 0x2F8C5, 0x2F8C6,
        0x2F8C7, 0x2F8C8, 0x2F8C9, 0x2F8CA, 0x2F8CB, 0x2F8CC, 0x2F8CD, 0x2F8CE, 0x2F8CF, 0x2F8D0, 0x2F8D1, 0x2F8D2,
        0x2F8D3, 0x2F8D4, 0x2F8D5, 0x2F8D6, 0x2F8D7, 0x2F8D8, 0x2F8D9, 0x2F8DA, 0x2F8DB, 0x2F8DC, 0x2F8DD, 0x2F8DE,
        0x2F8DF, 0x2F8E0, 0x2F8E1, 0x2F8E2, 0x2F8E3, 0x2F8E4, 0x2F8E5, 0x2F8E6, 0x2F8E7, 0x2F8E8, 0x2F8E9, 0x2F8EA,
        0x2F8EB, 0x2F8EC, 0x2F8ED, 0x2F8EE, 0x2F8EF, 0x2F8F0, 0x2F8F1, 0x2F8F2, 0x2F8F3, 0x2F8F4, 0x2F8F5, 0x2F8F6,
        0x2F8F7, 0x2F8F8, 0x2F8F9, 0x2F8FA, 0x2F8FB, 0x2F8FC, 0x2F8FD, 0x2F8FE, 0x2F8FF, 0x2F900, 0x2F901, 0x2F902,
        0x2F903, 0x2F904, 0x2F905, 0x2F906, 0x2F907, 0x2F908, 0x2F909, 0x2F90A, 0x2F90B, 0x2F90C, 0x2F90D, 0x2F90E,
        0x2F90F, 0x2F910, 0x2F911, 0x2F912, 0x2F913, 0x2F914, 0x2F915, 0x2F916, 0x2F917, 0x2F918, 0x2F919, 0x2F91A,
        0x2F91B, 0x2F91C, 0x2F91D, 0x2F91E, 0x2F91F, 0x2F920, 0x2F921, 0x2F922, 0x2F923, 0x2F924, 0x2F925, 0x2F926,
        0x2F927, 0x2F928, 0x2F929, 0x2F92A, 0x2F92B, 0x2F92C, 0x2F92D, 0x2F92E, 0x2F92F, 0x2F930, 0x2F931, 0x2F932,
        0x2F933, 0x2F934, 0x2F935, 0x2F936, 0x2F937, 0x2F938, 0x2F939, 0x2F93A, 0x2F93B, 0x2F93C, 0x2F93D, 0x2F93E,
        0x2F93F, 0x2F940, 0x2F941, 0x2F942, 0x2F943, 0x2F944, 0x2F945, 0x2F946, 0x2F947, 0x2F948, 0x2F949, 0x2F94A,
        0x2F94B, 0x2F94C, 0x2F94D, 0x2F94E, 0x2F94F, 0x2F950, 0x2F951, 0x2F952, 0x2F953, 0x2F954, 0x2F955, 0x2F956,
        0x2F957, 0x2F958, 0x2F959, 0x2F95A, 0x2F95B, 0x2F95C, 0x2F95D, 0x2F95E, 0x2F95F, 0x2F960, 0x2F961, 0x2F962,
        0x2F963, 0x2F964, 0x2F965, 0x2F966, 0x2F967, 0x2F968, 0x2F969, 0x2F96A, 0x2F96B, 0x2F96C, 0x2F96D, 0x2F96E,
        0x2F96F, 0x2F970, 0x2F971, 0x2F972, 0x2F973, 0x2F974, 0x2F975, 0x2F976, 0x2F977, 0x2F978, 0x2F979, 0x2F97A,
        0x2F97B, 0x2F97C, 0x2F97D, 0x2F97E, 0x2F97F, 0x2F980, 0x2F981, 0x2F982, 0x2F983, 0x2F984, 0x2F985, 0x2F986,
        0x2F987, 0x2F988, 0x2F989, 0x2F98A, 0x2F98B, 0x2F98C, 0x2F98D, 0x2F98E, 0x2F98F, 0x2F990, 0x2F991, 0x2F992,
        0x2F993, 0x2F994, 0x2F995, 0x2F996, 0x2F997, 0x2F998, 0x2F999, 0x2F99A, 0x2F99B, 0x2F99C, 0x2F99D, 0x2F99E,
        0x2F99F, 0x2F9A0, 0x2F9A1, 0x2F9A2, 0x2F9A3, 0x2F9A4, 0x2F9A5, 0x2F9A6, 0x2F9A7, 0x2F9A8, 0x2F9A9, 0x2F9AA,
        0x2F9AB, 0x2F9AC, 0x2F9AD, 0x2F9AE, 0x2F9AF, 0x2F9B0, 0x2F9B1, 0x2F9B2, 0x2F9B3, 0x2F9B4, 0x2F9B5, 0x2F9B6,
        0x2F9B7, 0x2F9B8, 0x2F9B9, 0x2F9BA, 0x2F9BB, 0x2F9BC, 0x2F9BD, 0x2F9BE, 0x2F9BF, 0x2F9C0, 0x2F9C1, 0x2F9C2,
        0x2F9C3, 0x2F9C4, 0x2F9C5, 0x2F9C6, 0x2F9C7, 0x2F9C8, 0x2F9C9, 0x2F9CA, 0x2F9CB, 0x2F9CC, 0x2F9CD, 0x2F9CE,
        0x2F9CF, 0x2F9D0, 0x2F9D1, 0x2F9D2, 0x2F9D3, 0x2F9D4, 0x2F9D5, 0x2F9D6, 0x2F9D7, 0x2F9D8, 0x2F9D9, 0x2F9DA,
        0x2F9DB, 0x2F9DC, 0x2F9DD, 0x2F9DE, 0x2F9DF, 0x2F9E0, 0x2F9E1, 0x2F9E2, 0x2F9E3, 0x2F9E4, 0x2F9E5, 0x2F9E6,
        0x2F9E7, 0x2F9E8, 0x2F9E9, 0x2F9EA, 0x2F9EB, 0x2F9EC, 0x2F9ED, 0x2F9EE, 0x2F9EF, 0x2F9F0, 0x2F9F1, 0x2F9F2,
        0x2F9F3, 0x2F9F4, 0x2F9F5, 0x2F9F6, 0x2F9F7, 0x2F9F8, 0x2F9F9, 0x2F9FA, 0x2F9FB, 0x2F9FC, 0x2F9FD, 0x2F9FE,
        0x2F9FF, 0x2FA00, 0x2FA01, 0x2FA02, 0x2FA03, 0x2FA04, 0x2FA05, 0x2FA06, 0x2FA07, 0x2FA08, 0x2FA09, 0x2FA0A,
        0x2FA0B, 0x2FA0C, 0x2FA0D, 0x2FA0E, 0x2FA0F, 0x2FA10, 0x2FA11, 0x2FA12, 0x2FA13, 0x2FA14, 0x2FA15, 0x2FA16,
        0x2FA17, 0x2FA18, 0x2FA19, 0x2FA1A, 0x2FA1B, 0x2FA1C, 0x2FA1D, 0xE0000, 0xE0001, 0xE0002, 0xE0003, 0xE0004,
        0xE0005, 0xE0006, 0xE0007, 0xE0008, 0xE0009, 0xE000A, 0xE000B, 0xE000C, 0xE000D, 0xE000E, 0xE000F, 0xE0010,
        0xE0011, 0xE0012, 0xE0013, 0xE0014, 0xE0015, 0xE0016, 0xE0017, 0xE0018, 0xE0019, 0xE001A, 0xE001B, 0xE001C,
        0xE001D, 0xE001E, 0xE001F, 0xE0020, 0xE0021, 0xE0022, 0xE0023, 0xE0024, 0xE0025, 0xE0026, 0xE0027, 0xE0028,
        0xE0029, 0xE002A, 0xE002B, 0xE002C, 0xE002D, 0xE002E, 0xE002F, 0xE0030, 0xE0031, 0xE0032, 0xE0033, 0xE0034,
        0xE0035, 0xE0036, 0xE0037, 0xE0038, 0xE0039, 0xE003A, 0xE003B, 0xE003C, 0xE003D, 0xE003E, 0xE003F, 0xE0040,
        0xE0041, 0xE0042, 0xE0043, 0xE0044, 0xE0045, 0xE0046, 0xE0047, 0xE0048, 0xE0049, 0xE004A, 0xE004B, 0xE004C,
        0xE004D, 0xE004E, 0xE004F, 0xE0050, 0xE0051, 0xE0052, 0xE0053, 0xE0054, 0xE0055, 0xE0056, 0xE0057, 0xE0058,
        0xE0059, 0xE005A, 0xE005B, 0xE005C, 0xE005D, 0xE005E, 0xE005F, 0xE0060, 0xE0061, 0xE0062, 0xE0063, 0xE0064,
        0xE0065, 0xE0066, 0xE0067, 0xE0068, 0xE0069, 0xE006A, 0xE006B, 0xE006C, 0xE006D, 0xE006E, 0xE006F, 0xE0070,
        0xE0071, 0xE0072, 0xE0073, 0xE0074, 0xE0075, 0xE0076, 0xE0077, 0xE0078, 0xE0079, 0xE007A, 0xE007B, 0xE007C,
        0xE007D, 0xE007E, 0xE007F, 0xE0080, 0xE0081, 0xE0082, 0xE0083, 0xE0084, 0xE0085, 0xE0086, 0xE0087, 0xE0088,
        0xE0089, 0xE008A, 0xE008B, 0xE008C, 0xE008D, 0xE008E, 0xE008F, 0xE0090, 0xE0091, 0xE0092, 0xE0093, 0xE0094,
        0xE0095, 0xE0096, 0xE0097, 0xE0098, 0xE0099, 0xE009A, 0xE009B, 0xE009C, 0xE009D, 0xE009E, 0xE009F, 0xE00A0,
        0xE00A1, 0xE00A2, 0xE00A3, 0xE00A4, 0xE00A5, 0xE00A6, 0xE00A7, 0xE00A8, 0xE00A9, 0xE00AA, 0xE00AB, 0xE00AC,
        0xE00AD, 0xE00AE, 0xE00AF, 0xE00B0, 0xE00B1, 0xE00B2, 0xE00B3, 0xE00B4, 0xE00B5, 0xE00B6, 0xE00B7, 0xE00B8,
        0xE00B9, 0xE00BA, 0xE00BB, 0xE00BC, 0xE00BD, 0xE00BE, 0xE00BF, 0xE00C0, 0xE00C1, 0xE00C2, 0xE00C3, 0xE00C4,
        0xE00C5, 0xE00C6, 0xE00C7, 0xE00C8, 0xE00C9, 0xE00CA, 0xE00CB, 0xE00CC, 0xE00CD, 0xE00CE, 0xE00CF, 0xE00D0,
        0xE00D1, 0xE00D2, 0xE00D3, 0xE00D4, 0xE00D5, 0xE00D6, 0xE00D7, 0xE00D8, 0xE00D9, 0xE00DA, 0xE00DB, 0xE00DC,
        0xE00DD, 0xE00DE, 0xE00DF, 0xE00E0, 0xE00E1, 0xE00E2, 0xE00E3, 0xE00E4, 0xE00E5, 0xE00E6, 0xE00E7, 0xE00E8,
        0xE00E9, 0xE00EA, 0xE00EB, 0xE00EC, 0xE00ED, 0xE00EE, 0xE00EF, 0xE00F0, 0xE00F1, 0xE00F2, 0xE00F3, 0xE00F4,
        0xE00F5, 0xE00F6, 0xE00F7, 0xE00F8, 0xE00F9, 0xE00FA, 0xE00FB, 0xE00FC, 0xE00FD, 0xE00FE, 0xE00FF, 0xE0100,
        0xE0101, 0xE0102, 0xE0103, 0xE0104, 0xE0105, 0xE0106, 0xE0107, 0xE0108, 0xE0109, 0xE010A, 0xE010B, 0xE010C,
        0xE010D, 0xE010E, 0xE010F, 0xE0110, 0xE0111, 0xE0112, 0xE0113, 0xE0114, 0xE0115, 0xE0116, 0xE0117, 0xE0118,
        0xE0119, 0xE011A, 0xE011B, 0xE011C, 0xE011D, 0xE011E, 0xE011F, 0xE0120, 0xE0121, 0xE0122, 0xE0123, 0xE0124,
        0xE0125, 0xE0126, 0xE0127, 0xE0128, 0xE0129, 0xE012A, 0xE012B, 0xE012C, 0xE012D, 0xE012E, 0xE012F, 0xE0130,
        0xE0131, 0xE0132, 0xE0133, 0xE0134, 0xE0135, 0xE0136, 0xE0137, 0xE0138, 0xE0139, 0xE013A, 0xE013B, 0xE013C,
        0xE013D, 0xE013E, 0xE013F, 0xE0140, 0xE0141, 0xE0142, 0xE0143, 0xE0144, 0xE0145, 0xE0146, 0xE0147, 0xE0148,
        0xE0149, 0xE014A, 0xE014B, 0xE014C, 0xE014D, 0xE014E, 0xE014F, 0xE0150, 0xE0151, 0xE0152, 0xE0153, 0xE0154,
        0xE0155, 0xE0156, 0xE0157, 0xE0158, 0xE0159, 0xE015A, 0xE015B, 0xE015C, 0xE015D, 0xE015E, 0xE015F, 0xE0160,
        0xE0161, 0xE0162, 0xE0163, 0xE0164, 0xE0165, 0xE0166, 0xE0167, 0xE0168, 0xE0169, 0xE016A, 0xE016B, 0xE016C,
        0xE016D, 0xE016E, 0xE016F, 0xE0170, 0xE0171, 0xE0172, 0xE0173, 0xE0174, 0xE0175, 0xE0176, 0xE0177, 0xE0178,
        0xE0179, 0xE017A, 0xE017B, 0xE017C, 0xE017D, 0xE017E, 0xE017F, 0xE0180, 0xE0181, 0xE0182, 0xE0183, 0xE0184,
        0xE0185, 0xE0186, 0xE0187, 0xE0188, 0xE0189, 0xE018A, 0xE018B, 0xE018C, 0xE018D, 0xE018E, 0xE018F, 0xE0190,
        0xE0191, 0xE0192, 0xE0193, 0xE0194, 0xE0195, 0xE0196, 0xE0197, 0xE0198, 0xE0199, 0xE019A, 0xE019B, 0xE019C,
        0xE019D, 0xE019E, 0xE019F, 0xE01A0, 0xE01A1, 0xE01A2, 0xE01A3, 0xE01A4, 0xE01A5, 0xE01A6, 0xE01A7, 0xE01A8,
        0xE01A9, 0xE01AA, 0xE01AB, 0xE01AC, 0xE01AD, 0xE01AE, 0xE01AF, 0xE01B0, 0xE01B1, 0xE01B2, 0xE01B3, 0xE01B4,
        0xE01B5, 0xE01B6, 0xE01B7, 0xE01B8, 0xE01B9, 0xE01BA, 0xE01BB, 0xE01BC, 0xE01BD, 0xE01BE, 0xE01BF, 0xE01C0,
        0xE01C1, 0xE01C2, 0xE01C3, 0xE01C4, 0xE01C5, 0xE01C6, 0xE01C7, 0xE01C8, 0xE01C9, 0xE01CA, 0xE01CB, 0xE01CC,
        0xE01CD, 0xE01CE, 0xE01CF, 0xE01D0, 0xE01D1, 0xE01D2, 0xE01D3, 0xE01D4, 0xE01D5, 0xE01D6, 0xE01D7, 0xE01D8,
        0xE01D9, 0xE01DA, 0xE01DB, 0xE01DC, 0xE01DD, 0xE01DE, 0xE01DF, 0xE01E0, 0xE01E1, 0xE01E2, 0xE01E3, 0xE01E4,
        0xE01E5, 0xE01E6, 0xE01E7, 0xE01E8, 0xE01E9, 0xE01EA, 0xE01EB, 0xE01EC, 0xE01ED, 0xE01EE, 0xE01EF, 0xE01F0,
        0xE01F1, 0xE01F2, 0xE01F3, 0xE01F4, 0xE01F5, 0xE01F6, 0xE01F7, 0xE01F8, 0xE01F9, 0xE01FA, 0xE01FB, 0xE01FC,
        0xE01FD, 0xE01FE, 0xE01FF, 0xE0200, 0xE0201, 0xE0202, 0xE0203, 0xE0204, 0xE0205, 0xE0206, 0xE0207, 0xE0208,
        0xE0209, 0xE020A, 0xE020B, 0xE020C, 0xE020D, 0xE020E, 0xE020F, 0xE0210, 0xE0211, 0xE0212, 0xE0213, 0xE0214,
        0xE0215, 0xE0216, 0xE0217, 0xE0218, 0xE0219, 0xE021A, 0xE021B, 0xE021C, 0xE021D, 0xE021E, 0xE021F, 0xE0220,
        0xE0221, 0xE0222, 0xE0223, 0xE0224, 0xE0225, 0xE0226, 0xE0227, 0xE0228, 0xE0229, 0xE022A, 0xE022B, 0xE022C,
        0xE022D, 0xE022E, 0xE022F, 0xE0230, 0xE0231, 0xE0232, 0xE0233, 0xE0234, 0xE0235, 0xE0236, 0xE0237, 0xE0238,
        0xE0239, 0xE023A, 0xE023B, 0xE023C, 0xE023D, 0xE023E, 0xE023F, 0xE0240, 0xE0241, 0xE0242, 0xE0243, 0xE0244,
        0xE0245, 0xE0246, 0xE0247, 0xE0248, 0xE0249, 0xE024A, 0xE024B, 0xE024C, 0xE024D, 0xE024E, 0xE024F, 0xE0250,
        0xE0251, 0xE0252, 0xE0253, 0xE0254, 0xE0255, 0xE0256, 0xE0257, 0xE0258, 0xE0259, 0xE025A, 0xE025B, 0xE025C,
        0xE025D, 0xE025E, 0xE025F, 0xE0260, 0xE0261, 0xE0262, 0xE0263, 0xE0264, 0xE0265, 0xE0266, 0xE0267, 0xE0268,
        0xE0269, 0xE026A, 0xE026B, 0xE026C, 0xE026D, 0xE026E, 0xE026F, 0xE0270, 0xE0271, 0xE0272, 0xE0273, 0xE0274,
        0xE0275, 0xE0276, 0xE0277, 0xE0278, 0xE0279, 0xE027A, 0xE027B, 0xE027C, 0xE027D, 0xE027E, 0xE027F, 0xE0280,
        0xE0281, 0xE0282, 0xE0283, 0xE0284, 0xE0285, 0xE0286, 0xE0287, 0xE0288, 0xE0289, 0xE028A, 0xE028B, 0xE028C,
        0xE028D, 0xE028E, 0xE028F, 0xE0290, 0xE0291, 0xE0292, 0xE0293, 0xE0294, 0xE0295, 0xE0296, 0xE0297, 0xE0298,
        0xE0299, 0xE029A, 0xE029B, 0xE029C, 0xE029D, 0xE029E, 0xE029F, 0xE02A0, 0xE02A1, 0xE02A2, 0xE02A3, 0xE02A4,
        0xE02A5, 0xE02A6, 0xE02A7, 0xE02A8, 0xE02A9, 0xE02AA, 0xE02AB, 0xE02AC, 0xE02AD, 0xE02AE, 0xE02AF, 0xE02B0,
        0xE02B1, 0xE02B2, 0xE02B3, 0xE02B4, 0xE02B5, 0xE02B6, 0xE02B7, 0xE02B8, 0xE02B9, 0xE02BA, 0xE02BB, 0xE02BC,
        0xE02BD, 0xE02BE, 0xE02BF, 0xE02C0, 0xE02C1, 0xE02C2, 0xE02C3, 0xE02C4, 0xE02C5, 0xE02C6, 0xE02C7, 0xE02C8,
        0xE02C9, 0xE02CA, 0xE02CB, 0xE02CC, 0xE02CD, 0xE02CE, 0xE02CF, 0xE02D0, 0xE02D1, 0xE02D2, 0xE02D3, 0xE02D4,
        0xE02D5, 0xE02D6, 0xE02D7, 0xE02D8, 0xE02D9, 0xE02DA, 0xE02DB, 0xE02DC, 0xE02DD, 0xE02DE, 0xE02DF, 0xE02E0,
        0xE02E1, 0xE02E2, 0xE02E3, 0xE02E4, 0xE02E5, 0xE02E6, 0xE02E7, 0xE02E8, 0xE02E9, 0xE02EA, 0xE02EB, 0xE02EC,
        0xE02ED, 0xE02EE, 0xE02EF, 0xE02F0, 0xE02F1, 0xE02F2, 0xE02F3, 0xE02F4, 0xE02F5, 0xE02F6, 0xE02F7, 0xE02F8,
        0xE02F9, 0xE02FA, 0xE02FB, 0xE02FC, 0xE02FD, 0xE02FE, 0xE02FF, 0xE0300, 0xE0301, 0xE0302, 0xE0303, 0xE0304,
        0xE0305, 0xE0306, 0xE0307, 0xE0308, 0xE0309, 0xE030A, 0xE030B, 0xE030C, 0xE030D, 0xE030E, 0xE030F, 0xE0310,
        0xE0311, 0xE0312, 0xE0313, 0xE0314, 0xE0315, 0xE0316, 0xE0317, 0xE0318, 0xE0319, 0xE031A, 0xE031B, 0xE031C,
        0xE031D, 0xE031E, 0xE031F, 0xE0320, 0xE0321, 0xE0322, 0xE0323, 0xE0324, 0xE0325, 0xE0326, 0xE0327, 0xE0328,
        0xE0329, 0xE032A, 0xE032B, 0xE032C, 0xE032D, 0xE032E, 0xE032F, 0xE0330, 0xE0331, 0xE0332, 0xE0333, 0xE0334,
        0xE0335, 0xE0336, 0xE0337, 0xE0338, 0xE0339, 0xE033A, 0xE033B, 0xE033C, 0xE033D, 0xE033E, 0xE033F, 0xE0340,
        0xE0341, 0xE0342, 0xE0343, 0xE0344, 0xE0345, 0xE0346, 0xE0347, 0xE0348, 0xE0349, 0xE034A, 0xE034B, 0xE034C,
        0xE034D, 0xE034E, 0xE034F, 0xE0350, 0xE0351, 0xE0352, 0xE0353, 0xE0354, 0xE0355, 0xE0356, 0xE0357, 0xE0358,
        0xE0359, 0xE035A, 0xE035B, 0xE035C, 0xE035D, 0xE035E, 0xE035F, 0xE0360, 0xE0361, 0xE0362, 0xE0363, 0xE0364,
        0xE0365, 0xE0366, 0xE0367, 0xE0368, 0xE0369, 0xE036A, 0xE036B, 0xE036C, 0xE036D, 0xE036E, 0xE036F, 0xE0370,
        0xE0371, 0xE0372, 0xE0373, 0xE0374, 0xE0375, 0xE0376, 0xE0377, 0xE0378, 0xE0379, 0xE037A, 0xE037B, 0xE037C,
        0xE037D, 0xE037E, 0xE037F, 0xE0380, 0xE0381, 0xE0382, 0xE0383, 0xE0384, 0xE0385, 0xE0386, 0xE0387, 0xE0388,
        0xE0389, 0xE038A, 0xE038B, 0xE038C, 0xE038D, 0xE038E, 0xE038F, 0xE0390, 0xE0391, 0xE0392, 0xE0393, 0xE0394,
        0xE0395, 0xE0396, 0xE0397, 0xE0398, 0xE0399, 0xE039A, 0xE039B, 0xE039C, 0xE039D, 0xE039E, 0xE039F, 0xE03A0,
        0xE03A1, 0xE03A2, 0xE03A3, 0xE03A4, 0xE03A5, 0xE03A6, 0xE03A7, 0xE03A8, 0xE03A9, 0xE03AA, 0xE03AB, 0xE03AC,
        0xE03AD, 0xE03AE, 0xE03AF, 0xE03B0, 0xE03B1, 0xE03B2, 0xE03B3, 0xE03B4, 0xE03B5, 0xE03B6, 0xE03B7, 0xE03B8,
        0xE03B9, 0xE03BA, 0xE03BB, 0xE03BC, 0xE03BD, 0xE03BE, 0xE03BF, 0xE03C0, 0xE03C1, 0xE03C2, 0xE03C3, 0xE03C4,
        0xE03C5, 0xE03C6, 0xE03C7, 0xE03C8, 0xE03C9, 0xE03CA, 0xE03CB, 0xE03CC, 0xE03CD, 0xE03CE, 0xE03CF, 0xE03D0,
        0xE03D1, 0xE03D2, 0xE03D3, 0xE03D4, 0xE03D5, 0xE03D6, 0xE03D7, 0xE03D8, 0xE03D9, 0xE03DA, 0xE03DB, 0xE03DC,
        0xE03DD, 0xE03DE, 0xE03DF, 0xE03E0, 0xE03E1, 0xE03E2, 0xE03E3, 0xE03E4, 0xE03E5, 0xE03E6, 0xE03E7, 0xE03E8,
        0xE03E9, 0xE03EA, 0xE03EB, 0xE03EC, 0xE03ED, 0xE03EE, 0xE03EF, 0xE03F0, 0xE03F1, 0xE03F2, 0xE03F3, 0xE03F4,
        0xE03F5, 0xE03F6, 0xE03F7, 0xE03F8, 0xE03F9, 0xE03FA, 0xE03FB, 0xE03FC, 0xE03FD, 0xE03FE, 0xE03FF, 0xE0400,
        0xE0401, 0xE0402, 0xE0403, 0xE0404, 0xE0405, 0xE0406, 0xE0407, 0xE0408, 0xE0409, 0xE040A, 0xE040B, 0xE040C,
        0xE040D, 0xE040E, 0xE040F, 0xE0410, 0xE0411, 0xE0412, 0xE0413, 0xE0414, 0xE0415, 0xE0416, 0xE0417, 0xE0418,
        0xE0419, 0xE041A, 0xE041B, 0xE041C, 0xE041D, 0xE041E, 0xE041F, 0xE0420, 0xE0421, 0xE0422, 0xE0423, 0xE0424,
        0xE0425, 0xE0426, 0xE0427, 0xE0428, 0xE0429, 0xE042A, 0xE042B, 0xE042C, 0xE042D, 0xE042E, 0xE042F, 0xE0430,
        0xE0431, 0xE0432, 0xE0433, 0xE0434, 0xE0435, 0xE0436, 0xE0437, 0xE0438, 0xE0439, 0xE043A, 0xE043B, 0xE043C,
        0xE043D, 0xE043E, 0xE043F, 0xE0440, 0xE0441, 0xE0442, 0xE0443, 0xE0444, 0xE0445, 0xE0446, 0xE0447, 0xE0448,
        0xE0449, 0xE044A, 0xE044B, 0xE044C, 0xE044D, 0xE044E, 0xE044F, 0xE0450, 0xE0451, 0xE0452, 0xE0453, 0xE0454,
        0xE0455, 0xE0456, 0xE0457, 0xE0458, 0xE0459, 0xE045A, 0xE045B, 0xE045C, 0xE045D, 0xE045E, 0xE045F, 0xE0460,
        0xE0461, 0xE0462, 0xE0463, 0xE0464, 0xE0465, 0xE0466, 0xE0467, 0xE0468, 0xE0469, 0xE046A, 0xE046B, 0xE046C,
        0xE046D, 0xE046E, 0xE046F, 0xE0470, 0xE0471, 0xE0472, 0xE0473, 0xE0474, 0xE0475, 0xE0476, 0xE0477, 0xE0478,
        0xE0479, 0xE047A, 0xE047B, 0xE047C, 0xE047D, 0xE047E, 0xE047F, 0xE0480, 0xE0481, 0xE0482, 0xE0483, 0xE0484,
        0xE0485, 0xE0486, 0xE0487, 0xE0488, 0xE0489, 0xE048A, 0xE048B, 0xE048C, 0xE048D, 0xE048E, 0xE048F, 0xE0490,
        0xE0491, 0xE0492, 0xE0493, 0xE0494, 0xE0495, 0xE0496, 0xE0497, 0xE0498, 0xE0499, 0xE049A, 0xE049B, 0xE049C,
        0xE049D, 0xE049E, 0xE049F, 0xE04A0, 0xE04A1, 0xE04A2, 0xE04A3, 0xE04A4, 0xE04A5, 0xE04A6, 0xE04A7, 0xE04A8,
        0xE04A9, 0xE04AA, 0xE04AB, 0xE04AC, 0xE04AD, 0xE04AE, 0xE04AF, 0xE04B0, 0xE04B1, 0xE04B2, 0xE04B3, 0xE04B4,
        0xE04B5, 0xE04B6, 0xE04B7, 0xE04B8, 0xE04B9, 0xE04BA, 0xE04BB, 0xE04BC, 0xE04BD, 0xE04BE, 0xE04BF, 0xE04C0,
        0xE04C1, 0xE04C2, 0xE04C3, 0xE04C4, 0xE04C5, 0xE04C6, 0xE04C7, 0xE04C8, 0xE04C9, 0xE04CA, 0xE04CB, 0xE04CC,
        0xE04CD, 0xE04CE, 0xE04CF, 0xE04D0, 0xE04D1, 0xE04D2, 0xE04D3, 0xE04D4, 0xE04D5, 0xE04D6, 0xE04D7, 0xE04D8,
        0xE04D9, 0xE04DA, 0xE04DB, 0xE04DC, 0xE04DD, 0xE04DE, 0xE04DF, 0xE04E0, 0xE04E1, 0xE04E2, 0xE04E3, 0xE04E4,
        0xE04E5, 0xE04E6, 0xE04E7, 0xE04E8, 0xE04E9, 0xE04EA, 0xE04EB, 0xE04EC, 0xE04ED, 0xE04EE, 0xE04EF, 0xE04F0,
        0xE04F1, 0xE04F2, 0xE04F3, 0xE04F4, 0xE04F5, 0xE04F6, 0xE04F7, 0xE04F8, 0xE04F9, 0xE04FA, 0xE04FB, 0xE04FC,
        0xE04FD, 0xE04FE, 0xE04FF, 0xE0500, 0xE0501, 0xE0502, 0xE0503, 0xE0504, 0xE0505, 0xE0506, 0xE0507, 0xE0508,
        0xE0509, 0xE050A, 0xE050B, 0xE050C, 0xE050D, 0xE050E, 0xE050F, 0xE0510, 0xE0511, 0xE0512, 0xE0513, 0xE0514,
        0xE0515, 0xE0516, 0xE0517, 0xE0518, 0xE0519, 0xE051A, 0xE051B, 0xE051C, 0xE051D, 0xE051E, 0xE051F, 0xE0520,
        0xE0521, 0xE0522, 0xE0523, 0xE0524, 0xE0525, 0xE0526, 0xE0527, 0xE0528, 0xE0529, 0xE052A, 0xE052B, 0xE052C,
        0xE052D, 0xE052E, 0xE052F, 0xE0530, 0xE0531, 0xE0532, 0xE0533, 0xE0534, 0xE0535, 0xE0536, 0xE0537, 0xE0538,
        0xE0539, 0xE053A, 0xE053B, 0xE053C, 0xE053D, 0xE053E, 0xE053F, 0xE0540, 0xE0541, 0xE0542, 0xE0543, 0xE0544,
        0xE0545, 0xE0546, 0xE0547, 0xE0548, 0xE0549, 0xE054A, 0xE054B, 0xE054C, 0xE054D, 0xE054E, 0xE054F, 0xE0550,
        0xE0551, 0xE0552, 0xE0553, 0xE0554, 0xE0555, 0xE0556, 0xE0557, 0xE0558, 0xE0559, 0xE055A, 0xE055B, 0xE055C,
        0xE055D, 0xE055E, 0xE055F, 0xE0560, 0xE0561, 0xE0562, 0xE0563, 0xE0564, 0xE0565, 0xE0566, 0xE0567, 0xE0568,
        0xE0569, 0xE056A, 0xE056B, 0xE056C, 0xE056D, 0xE056E, 0xE056F, 0xE0570, 0xE0571, 0xE0572, 0xE0573, 0xE0574,
        0xE0575, 0xE0576, 0xE0577, 0xE0578, 0xE0579, 0xE057A, 0xE057B, 0xE057C, 0xE057D, 0xE057E, 0xE057F, 0xE0580,
        0xE0581, 0xE0582, 0xE0583, 0xE0584, 0xE0585, 0xE0586, 0xE0587, 0xE0588, 0xE0589, 0xE058A, 0xE058B, 0xE058C,
        0xE058D, 0xE058E, 0xE058F, 0xE0590, 0xE0591, 0xE0592, 0xE0593, 0xE0594, 0xE0595, 0xE0596, 0xE0597, 0xE0598,
        0xE0599, 0xE059A, 0xE059B, 0xE059C, 0xE059D, 0xE059E, 0xE059F, 0xE05A0, 0xE05A1, 0xE05A2, 0xE05A3, 0xE05A4,
        0xE05A5, 0xE05A6, 0xE05A7, 0xE05A8, 0xE05A9, 0xE05AA, 0xE05AB, 0xE05AC, 0xE05AD, 0xE05AE, 0xE05AF, 0xE05B0,
        0xE05B1, 0xE05B2, 0xE05B3, 0xE05B4, 0xE05B5, 0xE05B6, 0xE05B7, 0xE05B8, 0xE05B9, 0xE05BA, 0xE05BB, 0xE05BC,
        0xE05BD, 0xE05BE, 0xE05BF, 0xE05C0, 0xE05C1, 0xE05C2, 0xE05C3, 0xE05C4, 0xE05C5, 0xE05C6, 0xE05C7, 0xE05C8,
        0xE05C9, 0xE05CA, 0xE05CB, 0xE05CC, 0xE05CD, 0xE05CE, 0xE05CF, 0xE05D0, 0xE05D1, 0xE05D2, 0xE05D3, 0xE05D4,
        0xE05D5, 0xE05D6, 0xE05D7, 0xE05D8, 0xE05D9, 0xE05DA, 0xE05DB, 0xE05DC, 0xE05DD, 0xE05DE, 0xE05DF, 0xE05E0,
        0xE05E1, 0xE05E2, 0xE05E3, 0xE05E4, 0xE05E5, 0xE05E6, 0xE05E7, 0xE05E8, 0xE05E9, 0xE05EA, 0xE05EB, 0xE05EC,
        0xE05ED, 0xE05EE, 0xE05EF, 0xE05F0, 0xE05F1, 0xE05F2, 0xE05F3, 0xE05F4, 0xE05F5, 0xE05F6, 0xE05F7, 0xE05F8,
        0xE05F9, 0xE05FA, 0xE05FB, 0xE05FC, 0xE05FD, 0xE05FE, 0xE05FF, 0xE0600, 0xE0601, 0xE0602, 0xE0603, 0xE0604,
        0xE0605, 0xE0606, 0xE0607, 0xE0608, 0xE0609, 0xE060A, 0xE060B, 0xE060C, 0xE060D, 0xE060E, 0xE060F, 0xE0610,
        0xE0611, 0xE0612, 0xE0613, 0xE0614, 0xE0615, 0xE0616, 0xE0617, 0xE0618, 0xE0619, 0xE061A, 0xE061B, 0xE061C,
        0xE061D, 0xE061E, 0xE061F, 0xE0620, 0xE0621, 0xE0622, 0xE0623, 0xE0624, 0xE0625, 0xE0626, 0xE0627, 0xE0628,
        0xE0629, 0xE062A, 0xE062B, 0xE062C, 0xE062D, 0xE062E, 0xE062F, 0xE0630, 0xE0631, 0xE0632, 0xE0633, 0xE0634,
        0xE0635, 0xE0636, 0xE0637, 0xE0638, 0xE0639, 0xE063A, 0xE063B, 0xE063C, 0xE063D, 0xE063E, 0xE063F, 0xE0640,
        0xE0641, 0xE0642, 0xE0643, 0xE0644, 0xE0645, 0xE0646, 0xE0647, 0xE0648, 0xE0649, 0xE064A, 0xE064B, 0xE064C,
        0xE064D, 0xE064E, 0xE064F, 0xE0650, 0xE0651, 0xE0652, 0xE0653, 0xE0654, 0xE0655, 0xE0656, 0xE0657, 0xE0658,
        0xE0659, 0xE065A, 0xE065B, 0xE065C, 0xE065D, 0xE065E, 0xE065F, 0xE0660, 0xE0661, 0xE0662, 0xE0663, 0xE0664,
        0xE0665, 0xE0666, 0xE0667, 0xE0668, 0xE0669, 0xE066A, 0xE066B, 0xE066C, 0xE066D, 0xE066E, 0xE066F, 0xE0670,
        0xE0671, 0xE0672, 0xE0673, 0xE0674, 0xE0675, 0xE0676, 0xE0677, 0xE0678, 0xE0679, 0xE067A, 0xE067B, 0xE067C,
        0xE067D, 0xE067E, 0xE067F, 0xE0680, 0xE0681, 0xE0682, 0xE0683, 0xE0684, 0xE0685, 0xE0686, 0xE0687, 0xE0688,
        0xE0689, 0xE068A, 0xE068B, 0xE068C, 0xE068D, 0xE068E, 0xE068F, 0xE0690, 0xE0691, 0xE0692, 0xE0693, 0xE0694,
        0xE0695, 0xE0696, 0xE0697, 0xE0698, 0xE0699, 0xE069A, 0xE069B, 0xE069C, 0xE069D, 0xE069E, 0xE069F, 0xE06A0,
        0xE06A1, 0xE06A2, 0xE06A3, 0xE06A4, 0xE06A5, 0xE06A6, 0xE06A7, 0xE06A8, 0xE06A9, 0xE06AA, 0xE06AB, 0xE06AC,
        0xE06AD, 0xE06AE, 0xE06AF, 0xE06B0, 0xE06B1, 0xE06B2, 0xE06B3, 0xE06B4, 0xE06B5, 0xE06B6, 0xE06B7, 0xE06B8,
        0xE06B9, 0xE06BA, 0xE06BB, 0xE06BC, 0xE06BD, 0xE06BE, 0xE06BF, 0xE06C0, 0xE06C1, 0xE06C2, 0xE06C3, 0xE06C4,
        0xE06C5, 0xE06C6, 0xE06C7, 0xE06C8, 0xE06C9, 0xE06CA, 0xE06CB, 0xE06CC, 0xE06CD, 0xE06CE, 0xE06CF, 0xE06D0,
        0xE06D1, 0xE06D2, 0xE06D3, 0xE06D4, 0xE06D5, 0xE06D6, 0xE06D7, 0xE06D8, 0xE06D9, 0xE06DA, 0xE06DB, 0xE06DC,
        0xE06DD, 0xE06DE, 0xE06DF, 0xE06E0, 0xE06E1, 0xE06E2, 0xE06E3, 0xE06E4, 0xE06E5, 0xE06E6, 0xE06E7, 0xE06E8,
        0xE06E9, 0xE06EA, 0xE06EB, 0xE06EC, 0xE06ED, 0xE06EE, 0xE06EF, 0xE06F0, 0xE06F1, 0xE06F2, 0xE06F3, 0xE06F4,
        0xE06F5, 0xE06F6, 0xE06F7, 0xE06F8, 0xE06F9, 0xE06FA, 0xE06FB, 0xE06FC, 0xE06FD, 0xE06FE, 0xE06FF, 0xE0700,
        0xE0701, 0xE0702, 0xE0703, 0xE0704, 0xE0705, 0xE0706, 0xE0707, 0xE0708, 0xE0709, 0xE070A, 0xE070B, 0xE070C,
        0xE070D, 0xE070E, 0xE070F, 0xE0710, 0xE0711, 0xE0712, 0xE0713, 0xE0714, 0xE0715, 0xE0716, 0xE0717, 0xE0718,
        0xE0719, 0xE071A, 0xE071B, 0xE071C, 0xE071D, 0xE071E, 0xE071F, 0xE0720, 0xE0721, 0xE0722, 0xE0723, 0xE0724,
        0xE0725, 0xE0726, 0xE0727, 0xE0728, 0xE0729, 0xE072A, 0xE072B, 0xE072C, 0xE072D, 0xE072E, 0xE072F, 0xE0730,
        0xE0731, 0xE0732, 0xE0733, 0xE0734, 0xE0735, 0xE0736, 0xE0737, 0xE0738, 0xE0739, 0xE073A, 0xE073B, 0xE073C,
        0xE073D, 0xE073E, 0xE073F, 0xE0740, 0xE0741, 0xE0742, 0xE0743, 0xE0744, 0xE0745, 0xE0746, 0xE0747, 0xE0748,
        0xE0749, 0xE074A, 0xE074B, 0xE074C, 0xE074D, 0xE074E, 0xE074F, 0xE0750, 0xE0751, 0xE0752, 0xE0753, 0xE0754,
        0xE0755, 0xE0756, 0xE0757, 0xE0758, 0xE0759, 0xE075A, 0xE075B, 0xE075C, 0xE075D, 0xE075E, 0xE075F, 0xE0760,
        0xE0761, 0xE0762, 0xE0763, 0xE0764, 0xE0765, 0xE0766, 0xE0767, 0xE0768, 0xE0769, 0xE076A, 0xE076B, 0xE076C,
        0xE076D, 0xE076E, 0xE076F, 0xE0770, 0xE0771, 0xE0772, 0xE0773, 0xE0774, 0xE0775, 0xE0776, 0xE0777, 0xE0778,
        0xE0779, 0xE077A, 0xE077B, 0xE077C, 0xE077D, 0xE077E, 0xE077F, 0xE0780, 0xE0781, 0xE0782, 0xE0783, 0xE0784,
        0xE0785, 0xE0786, 0xE0787, 0xE0788, 0xE0789, 0xE078A, 0xE078B, 0xE078C, 0xE078D, 0xE078E, 0xE078F, 0xE0790,
        0xE0791, 0xE0792, 0xE0793, 0xE0794, 0xE0795, 0xE0796, 0xE0797, 0xE0798, 0xE0799, 0xE079A, 0xE079B, 0xE079C,
        0xE079D, 0xE079E, 0xE079F, 0xE07A0, 0xE07A1, 0xE07A2, 0xE07A3, 0xE07A4, 0xE07A5, 0xE07A6, 0xE07A7, 0xE07A8,
        0xE07A9, 0xE07AA, 0xE07AB, 0xE07AC, 0xE07AD, 0xE07AE, 0xE07AF, 0xE07B0, 0xE07B1, 0xE07B2, 0xE07B3, 0xE07B4,
        0xE07B5, 0xE07B6, 0xE07B7, 0xE07B8, 0xE07B9, 0xE07BA, 0xE07BB, 0xE07BC, 0xE07BD, 0xE07BE, 0xE07BF, 0xE07C0,
        0xE07C1, 0xE07C2, 0xE07C3, 0xE07C4, 0xE07C5, 0xE07C6, 0xE07C7, 0xE07C8, 0xE07C9, 0xE07CA, 0xE07CB, 0xE07CC,
        0xE07CD, 0xE07CE, 0xE07CF, 0xE07D0, 0xE07D1, 0xE07D2, 0xE07D3, 0xE07D4, 0xE07D5, 0xE07D6, 0xE07D7, 0xE07D8,
        0xE07D9, 0xE07DA, 0xE07DB, 0xE07DC, 0xE07DD, 0xE07DE, 0xE07DF, 0xE07E0, 0xE07E1, 0xE07E2, 0xE07E3, 0xE07E4,
        0xE07E5, 0xE07E6, 0xE07E7, 0xE07E8, 0xE07E9, 0xE07EA, 0xE07EB, 0xE07EC, 0xE07ED, 0xE07EE, 0xE07EF, 0xE07F0,
        0xE07F1, 0xE07F2, 0xE07F3, 0xE07F4, 0xE07F5, 0xE07F6, 0xE07F7, 0xE07F8, 0xE07F9, 0xE07FA, 0xE07FB, 0xE07FC,
        0xE07FD, 0xE07FE, 0xE07FF, 0xE0800, 0xE0801, 0xE0802, 0xE0803, 0xE0804, 0xE0805, 0xE0806, 0xE0807, 0xE0808,
        0xE0809, 0xE080A, 0xE080B, 0xE080C, 0xE080D, 0xE080E, 0xE080F, 0xE0810, 0xE0811, 0xE0812, 0xE0813, 0xE0814,
        0xE0815, 0xE0816, 0xE0817, 0xE0818, 0xE0819, 0xE081A, 0xE081B, 0xE081C, 0xE081D, 0xE081E, 0xE081F, 0xE0820,
        0xE0821, 0xE0822, 0xE0823, 0xE0824, 0xE0825, 0xE0826, 0xE0827, 0xE0828, 0xE0829, 0xE082A, 0xE082B, 0xE082C,
        0xE082D, 0xE082E, 0xE082F, 0xE0830, 0xE0831, 0xE0832, 0xE0833, 0xE0834, 0xE0835, 0xE0836, 0xE0837, 0xE0838,
        0xE0839, 0xE083A, 0xE083B, 0xE083C, 0xE083D, 0xE083E, 0xE083F, 0xE0840, 0xE0841, 0xE0842, 0xE0843, 0xE0844,
        0xE0845, 0xE0846, 0xE0847, 0xE0848, 0xE0849, 0xE084A, 0xE084B, 0xE084C, 0xE084D, 0xE084E, 0xE084F, 0xE0850,
        0xE0851, 0xE0852, 0xE0853, 0xE0854, 0xE0855, 0xE0856, 0xE0857, 0xE0858, 0xE0859, 0xE085A, 0xE085B, 0xE085C,
        0xE085D, 0xE085E, 0xE085F, 0xE0860, 0xE0861, 0xE0862, 0xE0863, 0xE0864, 0xE0865, 0xE0866, 0xE0867, 0xE0868,
        0xE0869, 0xE086A, 0xE086B, 0xE086C, 0xE086D, 0xE086E, 0xE086F, 0xE0870, 0xE0871, 0xE0872, 0xE0873, 0xE0874,
        0xE0875, 0xE0876, 0xE0877, 0xE0878, 0xE0879, 0xE087A, 0xE087B, 0xE087C, 0xE087D, 0xE087E, 0xE087F, 0xE0880,
        0xE0881, 0xE0882, 0xE0883, 0xE0884, 0xE0885, 0xE0886, 0xE0887, 0xE0888, 0xE0889, 0xE088A, 0xE088B, 0xE088C,
        0xE088D, 0xE088E, 0xE088F, 0xE0890, 0xE0891, 0xE0892, 0xE0893, 0xE0894, 0xE0895, 0xE0896, 0xE0897, 0xE0898,
        0xE0899, 0xE089A, 0xE089B, 0xE089C, 0xE089D, 0xE089E, 0xE089F, 0xE08A0, 0xE08A1, 0xE08A2, 0xE08A3, 0xE08A4,
        0xE08A5, 0xE08A6, 0xE08A7, 0xE08A8, 0xE08A9, 0xE08AA, 0xE08AB, 0xE08AC, 0xE08AD, 0xE08AE, 0xE08AF, 0xE08B0,
        0xE08B1, 0xE08B2, 0xE08B3, 0xE08B4, 0xE08B5, 0xE08B6, 0xE08B7, 0xE08B8, 0xE08B9, 0xE08BA, 0xE08BB, 0xE08BC,
        0xE08BD, 0xE08BE, 0xE08BF, 0xE08C0, 0xE08C1, 0xE08C2, 0xE08C3, 0xE08C4, 0xE08C5, 0xE08C6, 0xE08C7, 0xE08C8,
        0xE08C9, 0xE08CA, 0xE08CB, 0xE08CC, 0xE08CD, 0xE08CE, 0xE08CF, 0xE08D0, 0xE08D1, 0xE08D2, 0xE08D3, 0xE08D4,
        0xE08D5, 0xE08D6, 0xE08D7, 0xE08D8, 0xE08D9, 0xE08DA, 0xE08DB, 0xE08DC, 0xE08DD, 0xE08DE, 0xE08DF, 0xE08E0,
        0xE08E1, 0xE08E2, 0xE08E3, 0xE08E4, 0xE08E5, 0xE08E6, 0xE08E7, 0xE08E8, 0xE08E9, 0xE08EA, 0xE08EB, 0xE08EC,
        0xE08ED, 0xE08EE, 0xE08EF, 0xE08F0, 0xE08F1, 0xE08F2, 0xE08F3, 0xE08F4, 0xE08F5, 0xE08F6, 0xE08F7, 0xE08F8,
        0xE08F9, 0xE08FA, 0xE08FB, 0xE08FC, 0xE08FD, 0xE08FE, 0xE08FF, 0xE0900, 0xE0901, 0xE0902, 0xE0903, 0xE0904,
        0xE0905, 0xE0906, 0xE0907, 0xE0908, 0xE0909, 0xE090A, 0xE090B, 0xE090C, 0xE090D, 0xE090E, 0xE090F, 0xE0910,
        0xE0911, 0xE0912, 0xE0913, 0xE0914, 0xE0915, 0xE0916, 0xE0917, 0xE0918, 0xE0919, 0xE091A, 0xE091B, 0xE091C,
        0xE091D, 0xE091E, 0xE091F, 0xE0920, 0xE0921, 0xE0922, 0xE0923, 0xE0924, 0xE0925, 0xE0926, 0xE0927, 0xE0928,
        0xE0929, 0xE092A, 0xE092B, 0xE092C, 0xE092D, 0xE092E, 0xE092F, 0xE0930, 0xE0931, 0xE0932, 0xE0933, 0xE0934,
        0xE0935, 0xE0936, 0xE0937, 0xE0938, 0xE0939, 0xE093A, 0xE093B, 0xE093C, 0xE093D, 0xE093E, 0xE093F, 0xE0940,
        0xE0941, 0xE0942, 0xE0943, 0xE0944, 0xE0945, 0xE0946, 0xE0947, 0xE0948, 0xE0949, 0xE094A, 0xE094B, 0xE094C,
        0xE094D, 0xE094E, 0xE094F, 0xE0950, 0xE0951, 0xE0952, 0xE0953, 0xE0954, 0xE0955, 0xE0956, 0xE0957, 0xE0958,
        0xE0959, 0xE095A, 0xE095B, 0xE095C, 0xE095D, 0xE095E, 0xE095F, 0xE0960, 0xE0961, 0xE0962, 0xE0963, 0xE0964,
        0xE0965, 0xE0966, 0xE0967, 0xE0968, 0xE0969, 0xE096A, 0xE096B, 0xE096C, 0xE096D, 0xE096E, 0xE096F, 0xE0970,
        0xE0971, 0xE0972, 0xE0973, 0xE0974, 0xE0975, 0xE0976, 0xE0977, 0xE0978, 0xE0979, 0xE097A, 0xE097B, 0xE097C,
        0xE097D, 0xE097E, 0xE097F, 0xE0980, 0xE0981, 0xE0982, 0xE0983, 0xE0984, 0xE0985, 0xE0986, 0xE0987, 0xE0988,
        0xE0989, 0xE098A, 0xE098B, 0xE098C, 0xE098D, 0xE098E, 0xE098F, 0xE0990, 0xE0991, 0xE0992, 0xE0993, 0xE0994,
        0xE0995, 0xE0996, 0xE0997, 0xE0998, 0xE0999, 0xE099A, 0xE099B, 0xE099C, 0xE099D, 0xE099E, 0xE099F, 0xE09A0,
        0xE09A1, 0xE09A2, 0xE09A3, 0xE09A4, 0xE09A5, 0xE09A6, 0xE09A7, 0xE09A8, 0xE09A9, 0xE09AA, 0xE09AB, 0xE09AC,
        0xE09AD, 0xE09AE, 0xE09AF, 0xE09B0, 0xE09B1, 0xE09B2, 0xE09B3, 0xE09B4, 0xE09B5, 0xE09B6, 0xE09B7, 0xE09B8,
        0xE09B9, 0xE09BA, 0xE09BB, 0xE09BC, 0xE09BD, 0xE09BE, 0xE09BF, 0xE09C0, 0xE09C1, 0xE09C2, 0xE09C3, 0xE09C4,
        0xE09C5, 0xE09C6, 0xE09C7, 0xE09C8, 0xE09C9, 0xE09CA, 0xE09CB, 0xE09CC, 0xE09CD, 0xE09CE, 0xE09CF, 0xE09D0,
        0xE09D1, 0xE09D2, 0xE09D3, 0xE09D4, 0xE09D5, 0xE09D6, 0xE09D7, 0xE09D8, 0xE09D9, 0xE09DA, 0xE09DB, 0xE09DC,
        0xE09DD, 0xE09DE, 0xE09DF, 0xE09E0, 0xE09E1, 0xE09E2, 0xE09E3, 0xE09E4, 0xE09E5, 0xE09E6, 0xE09E7, 0xE09E8,
        0xE09E9, 0xE09EA, 0xE09EB, 0xE09EC, 0xE09ED, 0xE09EE, 0xE09EF, 0xE09F0, 0xE09F1, 0xE09F2, 0xE09F3, 0xE09F4,
        0xE09F5, 0xE09F6, 0xE09F7, 0xE09F8, 0xE09F9, 0xE09FA, 0xE09FB, 0xE09FC, 0xE09FD, 0xE09FE, 0xE09FF, 0xE0A00,
        0xE0A01, 0xE0A02, 0xE0A03, 0xE0A04, 0xE0A05, 0xE0A06, 0xE0A07, 0xE0A08, 0xE0A09, 0xE0A0A, 0xE0A0B, 0xE0A0C,
        0xE0A0D, 0xE0A0E, 0xE0A0F, 0xE0A10, 0xE0A11, 0xE0A12, 0xE0A13, 0xE0A14, 0xE0A15, 0xE0A16, 0xE0A17, 0xE0A18,
        0xE0A19, 0xE0A1A, 0xE0A1B, 0xE0A1C, 0xE0A1D, 0xE0A1E, 0xE0A1F, 0xE0A20, 0xE0A21, 0xE0A22, 0xE0A23, 0xE0A24,
        0xE0A25, 0xE0A26, 0xE0A27, 0xE0A28, 0xE0A29, 0xE0A2A, 0xE0A2B, 0xE0A2C, 0xE0A2D, 0xE0A2E, 0xE0A2F, 0xE0A30,
        0xE0A31, 0xE0A32, 0xE0A33, 0xE0A34, 0xE0A35, 0xE0A36, 0xE0A37, 0xE0A38, 0xE0A39, 0xE0A3A, 0xE0A3B, 0xE0A3C,
        0xE0A3D, 0xE0A3E, 0xE0A3F, 0xE0A40, 0xE0A41, 0xE0A42, 0xE0A43, 0xE0A44, 0xE0A45, 0xE0A46, 0xE0A47, 0xE0A48,
        0xE0A49, 0xE0A4A, 0xE0A4B, 0xE0A4C, 0xE0A4D, 0xE0A4E, 0xE0A4F, 0xE0A50, 0xE0A51, 0xE0A52, 0xE0A53, 0xE0A54,
        0xE0A55, 0xE0A56, 0xE0A57, 0xE0A58, 0xE0A59, 0xE0A5A, 0xE0A5B, 0xE0A5C, 0xE0A5D, 0xE0A5E, 0xE0A5F, 0xE0A60,
        0xE0A61, 0xE0A62, 0xE0A63, 0xE0A64, 0xE0A65, 0xE0A66, 0xE0A67, 0xE0A68, 0xE0A69, 0xE0A6A, 0xE0A6B, 0xE0A6C,
        0xE0A6D, 0xE0A6E, 0xE0A6F, 0xE0A70, 0xE0A71, 0xE0A72, 0xE0A73, 0xE0A74, 0xE0A75, 0xE0A76, 0xE0A77, 0xE0A78,
        0xE0A79, 0xE0A7A, 0xE0A7B, 0xE0A7C, 0xE0A7D, 0xE0A7E, 0xE0A7F, 0xE0A80, 0xE0A81, 0xE0A82, 0xE0A83, 0xE0A84,
        0xE0A85, 0xE0A86, 0xE0A87, 0xE0A88, 0xE0A89, 0xE0A8A, 0xE0A8B, 0xE0A8C, 0xE0A8D, 0xE0A8E, 0xE0A8F, 0xE0A90,
        0xE0A91, 0xE0A92, 0xE0A93, 0xE0A94, 0xE0A95, 0xE0A96, 0xE0A97, 0xE0A98, 0xE0A99, 0xE0A9A, 0xE0A9B, 0xE0A9C,
        0xE0A9D, 0xE0A9E, 0xE0A9F, 0xE0AA0, 0xE0AA1, 0xE0AA2, 0xE0AA3, 0xE0AA4, 0xE0AA5, 0xE0AA6, 0xE0AA7, 0xE0AA8,
        0xE0AA9, 0xE0AAA, 0xE0AAB, 0xE0AAC, 0xE0AAD, 0xE0AAE, 0xE0AAF, 0xE0AB0, 0xE0AB1, 0xE0AB2, 0xE0AB3, 0xE0AB4,
        0xE0AB5, 0xE0AB6, 0xE0AB7, 0xE0AB8, 0xE0AB9, 0xE0ABA, 0xE0ABB, 0xE0ABC, 0xE0ABD, 0xE0ABE, 0xE0ABF, 0xE0AC0,
        0xE0AC1, 0xE0AC2, 0xE0AC3, 0xE0AC4, 0xE0AC5, 0xE0AC6, 0xE0AC7, 0xE0AC8, 0xE0AC9, 0xE0ACA, 0xE0ACB, 0xE0ACC,
        0xE0ACD, 0xE0ACE, 0xE0ACF, 0xE0AD0, 0xE0AD1, 0xE0AD2, 0xE0AD3, 0xE0AD4, 0xE0AD5, 0xE0AD6, 0xE0AD7, 0xE0AD8,
        0xE0AD9, 0xE0ADA, 0xE0ADB, 0xE0ADC, 0xE0ADD, 0xE0ADE, 0xE0ADF, 0xE0AE0, 0xE0AE1, 0xE0AE2, 0xE0AE3, 0xE0AE4,
        0xE0AE5, 0xE0AE6, 0xE0AE7, 0xE0AE8, 0xE0AE9, 0xE0AEA, 0xE0AEB, 0xE0AEC, 0xE0AED, 0xE0AEE, 0xE0AEF, 0xE0AF0,
        0xE0AF1, 0xE0AF2, 0xE0AF3, 0xE0AF4, 0xE0AF5, 0xE0AF6, 0xE0AF7, 0xE0AF8, 0xE0AF9, 0xE0AFA, 0xE0AFB, 0xE0AFC,
        0xE0AFD, 0xE0AFE, 0xE0AFF, 0xE0B00, 0xE0B01, 0xE0B02, 0xE0B03, 0xE0B04, 0xE0B05, 0xE0B06, 0xE0B07, 0xE0B08,
        0xE0B09, 0xE0B0A, 0xE0B0B, 0xE0B0C, 0xE0B0D, 0xE0B0E, 0xE0B0F, 0xE0B10, 0xE0B11, 0xE0B12, 0xE0B13, 0xE0B14,
        0xE0B15, 0xE0B16, 0xE0B17, 0xE0B18, 0xE0B19, 0xE0B1A, 0xE0B1B, 0xE0B1C, 0xE0B1D, 0xE0B1E, 0xE0B1F, 0xE0B20,
        0xE0B21, 0xE0B22, 0xE0B23, 0xE0B24, 0xE0B25, 0xE0B26, 0xE0B27, 0xE0B28, 0xE0B29, 0xE0B2A, 0xE0B2B, 0xE0B2C,
        0xE0B2D, 0xE0B2E, 0xE0B2F, 0xE0B30, 0xE0B31, 0xE0B32, 0xE0B33, 0xE0B34, 0xE0B35, 0xE0B36, 0xE0B37, 0xE0B38,
        0xE0B39, 0xE0B3A, 0xE0B3B, 0xE0B3C, 0xE0B3D, 0xE0B3E, 0xE0B3F, 0xE0B40, 0xE0B41, 0xE0B42, 0xE0B43, 0xE0B44,
        0xE0B45, 0xE0B46, 0xE0B47, 0xE0B48, 0xE0B49, 0xE0B4A, 0xE0B4B, 0xE0B4C, 0xE0B4D, 0xE0B4E, 0xE0B4F, 0xE0B50,
        0xE0B51, 0xE0B52, 0xE0B53, 0xE0B54, 0xE0B55, 0xE0B56, 0xE0B57, 0xE0B58, 0xE0B59, 0xE0B5A, 0xE0B5B, 0xE0B5C,
        0xE0B5D, 0xE0B5E, 0xE0B5F, 0xE0B60, 0xE0B61, 0xE0B62, 0xE0B63, 0xE0B64, 0xE0B65, 0xE0B66, 0xE0B67, 0xE0B68,
        0xE0B69, 0xE0B6A, 0xE0B6B, 0xE0B6C, 0xE0B6D, 0xE0B6E, 0xE0B6F, 0xE0B70, 0xE0B71, 0xE0B72, 0xE0B73, 0xE0B74,
        0xE0B75, 0xE0B76, 0xE0B77, 0xE0B78, 0xE0B79, 0xE0B7A, 0xE0B7B, 0xE0B7C, 0xE0B7D, 0xE0B7E, 0xE0B7F, 0xE0B80,
        0xE0B81, 0xE0B82, 0xE0B83, 0xE0B84, 0xE0B85, 0xE0B86, 0xE0B87, 0xE0B88, 0xE0B89, 0xE0B8A, 0xE0B8B, 0xE0B8C,
        0xE0B8D, 0xE0B8E, 0xE0B8F, 0xE0B90, 0xE0B91, 0xE0B92, 0xE0B93, 0xE0B94, 0xE0B95, 0xE0B96, 0xE0B97, 0xE0B98,
        0xE0B99, 0xE0B9A, 0xE0B9B, 0xE0B9C, 0xE0B9D, 0xE0B9E, 0xE0B9F, 0xE0BA0, 0xE0BA1, 0xE0BA2, 0xE0BA3, 0xE0BA4,
        0xE0BA5, 0xE0BA6, 0xE0BA7, 0xE0BA8, 0xE0BA9, 0xE0BAA, 0xE0BAB, 0xE0BAC, 0xE0BAD, 0xE0BAE, 0xE0BAF, 0xE0BB0,
        0xE0BB1, 0xE0BB2, 0xE0BB3, 0xE0BB4, 0xE0BB5, 0xE0BB6, 0xE0BB7, 0xE0BB8, 0xE0BB9, 0xE0BBA, 0xE0BBB, 0xE0BBC,
        0xE0BBD, 0xE0BBE, 0xE0BBF, 0xE0BC0, 0xE0BC1, 0xE0BC2, 0xE0BC3, 0xE0BC4, 0xE0BC5, 0xE0BC6, 0xE0BC7, 0xE0BC8,
        0xE0BC9, 0xE0BCA, 0xE0BCB, 0xE0BCC, 0xE0BCD, 0xE0BCE, 0xE0BCF, 0xE0BD0, 0xE0BD1, 0xE0BD2, 0xE0BD3, 0xE0BD4,
        0xE0BD5, 0xE0BD6, 0xE0BD7, 0xE0BD8, 0xE0BD9, 0xE0BDA, 0xE0BDB, 0xE0BDC, 0xE0BDD, 0xE0BDE, 0xE0BDF, 0xE0BE0,
        0xE0BE1, 0xE0BE2, 0xE0BE3, 0xE0BE4, 0xE0BE5, 0xE0BE6, 0xE0BE7, 0xE0BE8, 0xE0BE9, 0xE0BEA, 0xE0BEB, 0xE0BEC,
        0xE0BED, 0xE0BEE, 0xE0BEF, 0xE0BF0, 0xE0BF1, 0xE0BF2, 0xE0BF3, 0xE0BF4, 0xE0BF5, 0xE0BF6, 0xE0BF7, 0xE0BF8,
        0xE0BF9, 0xE0BFA, 0xE0BFB, 0xE0BFC, 0xE0BFD, 0xE0BFE, 0xE0BFF, 0xE0C00, 0xE0C01, 0xE0C02, 0xE0C03, 0xE0C04,
        0xE0C05, 0xE0C06, 0xE0C07, 0xE0C08, 0xE0C09, 0xE0C0A, 0xE0C0B, 0xE0C0C, 0xE0C0D, 0xE0C0E, 0xE0C0F, 0xE0C10,
        0xE0C11, 0xE0C12, 0xE0C13, 0xE0C14, 0xE0C15, 0xE0C16, 0xE0C17, 0xE0C18, 0xE0C19, 0xE0C1A, 0xE0C1B, 0xE0C1C,
        0xE0C1D, 0xE0C1E, 0xE0C1F, 0xE0C20, 0xE0C21, 0xE0C22, 0xE0C23, 0xE0C24, 0xE0C25, 0xE0C26, 0xE0C27, 0xE0C28,
        0xE0C29, 0xE0C2A, 0xE0C2B, 0xE0C2C, 0xE0C2D, 0xE0C2E, 0xE0C2F, 0xE0C30, 0xE0C31, 0xE0C32, 0xE0C33, 0xE0C34,
        0xE0C35, 0xE0C36, 0xE0C37, 0xE0C38, 0xE0C39, 0xE0C3A, 0xE0C3B, 0xE0C3C, 0xE0C3D, 0xE0C3E, 0xE0C3F, 0xE0C40,
        0xE0C41, 0xE0C42, 0xE0C43, 0xE0C44, 0xE0C45, 0xE0C46, 0xE0C47, 0xE0C48, 0xE0C49, 0xE0C4A, 0xE0C4B, 0xE0C4C,
        0xE0C4D, 0xE0C4E, 0xE0C4F, 0xE0C50, 0xE0C51, 0xE0C52, 0xE0C53, 0xE0C54, 0xE0C55, 0xE0C56, 0xE0C57, 0xE0C58,
        0xE0C59, 0xE0C5A, 0xE0C5B, 0xE0C5C, 0xE0C5D, 0xE0C5E, 0xE0C5F, 0xE0C60, 0xE0C61, 0xE0C62, 0xE0C63, 0xE0C64,
        0xE0C65, 0xE0C66, 0xE0C67, 0xE0C68, 0xE0C69, 0xE0C6A, 0xE0C6B, 0xE0C6C, 0xE0C6D, 0xE0C6E, 0xE0C6F, 0xE0C70,
        0xE0C71, 0xE0C72, 0xE0C73, 0xE0C74, 0xE0C75, 0xE0C76, 0xE0C77, 0xE0C78, 0xE0C79, 0xE0C7A, 0xE0C7B, 0xE0C7C,
        0xE0C7D, 0xE0C7E, 0xE0C7F, 0xE0C80, 0xE0C81, 0xE0C82, 0xE0C83, 0xE0C84, 0xE0C85, 0xE0C86, 0xE0C87, 0xE0C88,
        0xE0C89, 0xE0C8A, 0xE0C8B, 0xE0C8C, 0xE0C8D, 0xE0C8E, 0xE0C8F, 0xE0C90, 0xE0C91, 0xE0C92, 0xE0C93, 0xE0C94,
        0xE0C95, 0xE0C96, 0xE0C97, 0xE0C98, 0xE0C99, 0xE0C9A, 0xE0C9B, 0xE0C9C, 0xE0C9D, 0xE0C9E, 0xE0C9F, 0xE0CA0,
        0xE0CA1, 0xE0CA2, 0xE0CA3, 0xE0CA4, 0xE0CA5, 0xE0CA6, 0xE0CA7, 0xE0CA8, 0xE0CA9, 0xE0CAA, 0xE0CAB, 0xE0CAC,
        0xE0CAD, 0xE0CAE, 0xE0CAF, 0xE0CB0, 0xE0CB1, 0xE0CB2, 0xE0CB3, 0xE0CB4, 0xE0CB5, 0xE0CB6, 0xE0CB7, 0xE0CB8,
        0xE0CB9, 0xE0CBA, 0xE0CBB, 0xE0CBC, 0xE0CBD, 0xE0CBE, 0xE0CBF, 0xE0CC0, 0xE0CC1, 0xE0CC2, 0xE0CC3, 0xE0CC4,
        0xE0CC5, 0xE0CC6, 0xE0CC7, 0xE0CC8, 0xE0CC9, 0xE0CCA, 0xE0CCB, 0xE0CCC, 0xE0CCD, 0xE0CCE, 0xE0CCF, 0xE0CD0,
        0xE0CD1, 0xE0CD2, 0xE0CD3, 0xE0CD4, 0xE0CD5, 0xE0CD6, 0xE0CD7, 0xE0CD8, 0xE0CD9, 0xE0CDA, 0xE0CDB, 0xE0CDC,
        0xE0CDD, 0xE0CDE, 0xE0CDF, 0xE0CE0, 0xE0CE1, 0xE0CE2, 0xE0CE3, 0xE0CE4, 0xE0CE5, 0xE0CE6, 0xE0CE7, 0xE0CE8,
        0xE0CE9, 0xE0CEA, 0xE0CEB, 0xE0CEC, 0xE0CED, 0xE0CEE, 0xE0CEF, 0xE0CF0, 0xE0CF1, 0xE0CF2, 0xE0CF3, 0xE0CF4,
        0xE0CF5, 0xE0CF6, 0xE0CF7, 0xE0CF8, 0xE0CF9, 0xE0CFA, 0xE0CFB, 0xE0CFC, 0xE0CFD, 0xE0CFE, 0xE0CFF, 0xE0D00,
        0xE0D01, 0xE0D02, 0xE0D03, 0xE0D04, 0xE0D05, 0xE0D06, 0xE0D07, 0xE0D08, 0xE0D09, 0xE0D0A, 0xE0D0B, 0xE0D0C,
        0xE0D0D, 0xE0D0E, 0xE0D0F, 0xE0D10, 0xE0D11, 0xE0D12, 0xE0D13, 0xE0D14, 0xE0D15, 0xE0D16, 0xE0D17, 0xE0D18,
        0xE0D19, 0xE0D1A, 0xE0D1B, 0xE0D1C, 0xE0D1D, 0xE0D1E, 0xE0D1F, 0xE0D20, 0xE0D21, 0xE0D22, 0xE0D23, 0xE0D24,
        0xE0D25, 0xE0D26, 0xE0D27, 0xE0D28, 0xE0D29, 0xE0D2A, 0xE0D2B, 0xE0D2C, 0xE0D2D, 0xE0D2E, 0xE0D2F, 0xE0D30,
        0xE0D31, 0xE0D32, 0xE0D33, 0xE0D34, 0xE0D35, 0xE0D36, 0xE0D37, 0xE0D38, 0xE0D39, 0xE0D3A, 0xE0D3B, 0xE0D3C,
        0xE0D3D, 0xE0D3E, 0xE0D3F, 0xE0D40, 0xE0D41, 0xE0D42, 0xE0D43, 0xE0D44, 0xE0D45, 0xE0D46, 0xE0D47, 0xE0D48,
        0xE0D49, 0xE0D4A, 0xE0D4B, 0xE0D4C, 0xE0D4D, 0xE0D4E, 0xE0D4F, 0xE0D50, 0xE0D51, 0xE0D52, 0xE0D53, 0xE0D54,
        0xE0D55, 0xE0D56, 0xE0D57, 0xE0D58, 0xE0D59, 0xE0D5A, 0xE0D5B, 0xE0D5C, 0xE0D5D, 0xE0D5E, 0xE0D5F, 0xE0D60,
        0xE0D61, 0xE0D62, 0xE0D63, 0xE0D64, 0xE0D65, 0xE0D66, 0xE0D67, 0xE0D68, 0xE0D69, 0xE0D6A, 0xE0D6B, 0xE0D6C,
        0xE0D6D, 0xE0D6E, 0xE0D6F, 0xE0D70, 0xE0D71, 0xE0D72, 0xE0D73, 0xE0D74, 0xE0D75, 0xE0D76, 0xE0D77, 0xE0D78,
        0xE0D79, 0xE0D7A, 0xE0D7B, 0xE0D7C, 0xE0D7D, 0xE0D7E, 0xE0D7F, 0xE0D80, 0xE0D81, 0xE0D82, 0xE0D83, 0xE0D84,
        0xE0D85, 0xE0D86, 0xE0D87, 0xE0D88, 0xE0D89, 0xE0D8A, 0xE0D8B, 0xE0D8C, 0xE0D8D, 0xE0D8E, 0xE0D8F, 0xE0D90,
        0xE0D91, 0xE0D92, 0xE0D93, 0xE0D94, 0xE0D95, 0xE0D96, 0xE0D97, 0xE0D98, 0xE0D99, 0xE0D9A, 0xE0D9B, 0xE0D9C,
        0xE0D9D, 0xE0D9E, 0xE0D9F, 0xE0DA0, 0xE0DA1, 0xE0DA2, 0xE0DA3, 0xE0DA4, 0xE0DA5, 0xE0DA6, 0xE0DA7, 0xE0DA8,
        0xE0DA9, 0xE0DAA, 0xE0DAB, 0xE0DAC, 0xE0DAD, 0xE0DAE, 0xE0DAF, 0xE0DB0, 0xE0DB1, 0xE0DB2, 0xE0DB3, 0xE0DB4,
        0xE0DB5, 0xE0DB6, 0xE0DB7, 0xE0DB8, 0xE0DB9, 0xE0DBA, 0xE0DBB, 0xE0DBC, 0xE0DBD, 0xE0DBE, 0xE0DBF, 0xE0DC0,
        0xE0DC1, 0xE0DC2, 0xE0DC3, 0xE0DC4, 0xE0DC5, 0xE0DC6, 0xE0DC7, 0xE0DC8, 0xE0DC9, 0xE0DCA, 0xE0DCB, 0xE0DCC,
        0xE0DCD, 0xE0DCE, 0xE0DCF, 0xE0DD0, 0xE0DD1, 0xE0DD2, 0xE0DD3, 0xE0DD4, 0xE0DD5, 0xE0DD6, 0xE0DD7, 0xE0DD8,
        0xE0DD9, 0xE0DDA, 0xE0DDB, 0xE0DDC, 0xE0DDD, 0xE0DDE, 0xE0DDF, 0xE0DE0, 0xE0DE1, 0xE0DE2, 0xE0DE3, 0xE0DE4,
        0xE0DE5, 0xE0DE6, 0xE0DE7, 0xE0DE8, 0xE0DE9, 0xE0DEA, 0xE0DEB, 0xE0DEC, 0xE0DED, 0xE0DEE, 0xE0DEF, 0xE0DF0,
        0xE0DF1, 0xE0DF2, 0xE0DF3, 0xE0DF4, 0xE0DF5, 0xE0DF6, 0xE0DF7, 0xE0DF8, 0xE0DF9, 0xE0DFA, 0xE0DFB, 0xE0DFC,
        0xE0DFD, 0xE0DFE, 0xE0DFF, 0xE0E00, 0xE0E01, 0xE0E02, 0xE0E03, 0xE0E04, 0xE0E05, 0xE0E06, 0xE0E07, 0xE0E08,
        0xE0E09, 0xE0E0A, 0xE0E0B, 0xE0E0C, 0xE0E0D, 0xE0E0E, 0xE0E0F, 0xE0E10, 0xE0E11, 0xE0E12, 0xE0E13, 0xE0E14,
        0xE0E15, 0xE0E16, 0xE0E17, 0xE0E18, 0xE0E19, 0xE0E1A, 0xE0E1B, 0xE0E1C, 0xE0E1D, 0xE0E1E, 0xE0E1F, 0xE0E20,
        0xE0E21, 0xE0E22, 0xE0E23, 0xE0E24, 0xE0E25, 0xE0E26, 0xE0E27, 0xE0E28, 0xE0E29, 0xE0E2A, 0xE0E2B, 0xE0E2C,
        0xE0E2D, 0xE0E2E, 0xE0E2F, 0xE0E30, 0xE0E31, 0xE0E32, 0xE0E33, 0xE0E34, 0xE0E35, 0xE0E36, 0xE0E37, 0xE0E38,
        0xE0E39, 0xE0E3A, 0xE0E3B, 0xE0E3C, 0xE0E3D, 0xE0E3E, 0xE0E3F, 0xE0E40, 0xE0E41, 0xE0E42, 0xE0E43, 0xE0E44,
        0xE0E45, 0xE0E46, 0xE0E47, 0xE0E48, 0xE0E49, 0xE0E4A, 0xE0E4B, 0xE0E4C, 0xE0E4D, 0xE0E4E, 0xE0E4F, 0xE0E50,
        0xE0E51, 0xE0E52, 0xE0E53, 0xE0E54, 0xE0E55, 0xE0E56, 0xE0E57, 0xE0E58, 0xE0E59, 0xE0E5A, 0xE0E5B, 0xE0E5C,
        0xE0E5D, 0xE0E5E, 0xE0E5F, 0xE0E60, 0xE0E61, 0xE0E62, 0xE0E63, 0xE0E64, 0xE0E65, 0xE0E66, 0xE0E67, 0xE0E68,
        0xE0E69, 0xE0E6A, 0xE0E6B, 0xE0E6C, 0xE0E6D, 0xE0E6E, 0xE0E6F, 0xE0E70, 0xE0E71, 0xE0E72, 0xE0E73, 0xE0E74,
        0xE0E75, 0xE0E76, 0xE0E77, 0xE0E78, 0xE0E79, 0xE0E7A, 0xE0E7B, 0xE0E7C, 0xE0E7D, 0xE0E7E, 0xE0E7F, 0xE0E80,
        0xE0E81, 0xE0E82, 0xE0E83, 0xE0E84, 0xE0E85, 0xE0E86, 0xE0E87, 0xE0E88, 0xE0E89, 0xE0E8A, 0xE0E8B, 0xE0E8C,
        0xE0E8D, 0xE0E8E, 0xE0E8F, 0xE0E90, 0xE0E91, 0xE0E92, 0xE0E93, 0xE0E94, 0xE0E95, 0xE0E96, 0xE0E97, 0xE0E98,
        0xE0E99, 0xE0E9A, 0xE0E9B, 0xE0E9C, 0xE0E9D, 0xE0E9E, 0xE0E9F, 0xE0EA0, 0xE0EA1, 0xE0EA2, 0xE0EA3, 0xE0EA4,
        0xE0EA5, 0xE0EA6, 0xE0EA7, 0xE0EA8, 0xE0EA9, 0xE0EAA, 0xE0EAB, 0xE0EAC, 0xE0EAD, 0xE0EAE, 0xE0EAF, 0xE0EB0,
        0xE0EB1, 0xE0EB2, 0xE0EB3, 0xE0EB4, 0xE0EB5, 0xE0EB6, 0xE0EB7, 0xE0EB8, 0xE0EB9, 0xE0EBA, 0xE0EBB, 0xE0EBC,
        0xE0EBD, 0xE0EBE, 0xE0EBF, 0xE0EC0, 0xE0EC1, 0xE0EC2, 0xE0EC3, 0xE0EC4, 0xE0EC5, 0xE0EC6, 0xE0EC7, 0xE0EC8,
        0xE0EC9, 0xE0ECA, 0xE0ECB, 0xE0ECC, 0xE0ECD, 0xE0ECE, 0xE0ECF, 0xE0ED0, 0xE0ED1, 0xE0ED2, 0xE0ED3, 0xE0ED4,
        0xE0ED5, 0xE0ED6, 0xE0ED7, 0xE0ED8, 0xE0ED9, 0xE0EDA, 0xE0EDB, 0xE0EDC, 0xE0EDD, 0xE0EDE, 0xE0EDF, 0xE0EE0,
        0xE0EE1, 0xE0EE2, 0xE0EE3, 0xE0EE4, 0xE0EE5, 0xE0EE6, 0xE0EE7, 0xE0EE8, 0xE0EE9, 0xE0EEA, 0xE0EEB, 0xE0EEC,
        0xE0EED, 0xE0EEE, 0xE0EEF, 0xE0EF0, 0xE0EF1, 0xE0EF2, 0xE0EF3, 0xE0EF4, 0xE0EF5, 0xE0EF6, 0xE0EF7, 0xE0EF8,
        0xE0EF9, 0xE0EFA, 0xE0EFB, 0xE0EFC, 0xE0EFD, 0xE0EFE, 0xE0EFF, 0xE0F00, 0xE0F01, 0xE0F02, 0xE0F03, 0xE0F04,
        0xE0F05, 0xE0F06, 0xE0F07, 0xE0F08, 0xE0F09, 0xE0F0A, 0xE0F0B, 0xE0F0C, 0xE0F0D, 0xE0F0E, 0xE0F0F, 0xE0F10,
        0xE0F11, 0xE0F12, 0xE0F13, 0xE0F14, 0xE0F15, 0xE0F16, 0xE0F17, 0xE0F18, 0xE0F19, 0xE0F1A, 0xE0F1B, 0xE0F1C,
        0xE0F1D, 0xE0F1E, 0xE0F1F, 0xE0F20, 0xE0F21, 0xE0F22, 0xE0F23, 0xE0F24, 0xE0F25, 0xE0F26, 0xE0F27, 0xE0F28,
        0xE0F29, 0xE0F2A, 0xE0F2B, 0xE0F2C, 0xE0F2D, 0xE0F2E, 0xE0F2F, 0xE0F30, 0xE0F31, 0xE0F32, 0xE0F33, 0xE0F34,
        0xE0F35, 0xE0F36, 0xE0F37, 0xE0F38, 0xE0F39, 0xE0F3A, 0xE0F3B, 0xE0F3C, 0xE0F3D, 0xE0F3E, 0xE0F3F, 0xE0F40,
        0xE0F41, 0xE0F42, 0xE0F43, 0xE0F44, 0xE0F45, 0xE0F46, 0xE0F47, 0xE0F48, 0xE0F49, 0xE0F4A, 0xE0F4B, 0xE0F4C,
        0xE0F4D, 0xE0F4E, 0xE0F4F, 0xE0F50, 0xE0F51, 0xE0F52, 0xE0F53, 0xE0F54, 0xE0F55, 0xE0F56, 0xE0F57, 0xE0F58,
        0xE0F59, 0xE0F5A, 0xE0F5B, 0xE0F5C, 0xE0F5D, 0xE0F5E, 0xE0F5F, 0xE0F60, 0xE0F61, 0xE0F62, 0xE0F63, 0xE0F64,
        0xE0F65, 0xE0F66, 0xE0F67, 0xE0F68, 0xE0F69, 0xE0F6A, 0xE0F6B, 0xE0F6C, 0xE0F6D, 0xE0F6E, 0xE0F6F, 0xE0F70,
        0xE0F71, 0xE0F72, 0xE0F73, 0xE0F74, 0xE0F75, 0xE0F76, 0xE0F77, 0xE0F78, 0xE0F79, 0xE0F7A, 0xE0F7B, 0xE0F7C,
        0xE0F7D, 0xE0F7E, 0xE0F7F, 0xE0F80, 0xE0F81, 0xE0F82, 0xE0F83, 0xE0F84, 0xE0F85, 0xE0F86, 0xE0F87, 0xE0F88,
        0xE0F89, 0xE0F8A, 0xE0F8B, 0xE0F8C, 0xE0F8D, 0xE0F8E, 0xE0F8F, 0xE0F90, 0xE0F91, 0xE0F92, 0xE0F93, 0xE0F94,
        0xE0F95, 0xE0F96, 0xE0F97, 0xE0F98, 0xE0F99, 0xE0F9A, 0xE0F9B, 0xE0F9C, 0xE0F9D, 0xE0F9E, 0xE0F9F, 0xE0FA0,
        0xE0FA1, 0xE0FA2, 0xE0FA3, 0xE0FA4, 0xE0FA5, 0xE0FA6, 0xE0FA7, 0xE0FA8, 0xE0FA9, 0xE0FAA, 0xE0FAB, 0xE0FAC,
        0xE0FAD, 0xE0FAE, 0xE0FAF, 0xE0FB0, 0xE0FB1, 0xE0FB2, 0xE0FB3, 0xE0FB4, 0xE0FB5, 0xE0FB6, 0xE0FB7, 0xE0FB8,
        0xE0FB9, 0xE0FBA, 0xE0FBB, 0xE0FBC, 0xE0FBD, 0xE0FBE, 0xE0FBF, 0xE0FC0, 0xE0FC1, 0xE0FC2, 0xE0FC3, 0xE0FC4,
        0xE0FC5, 0xE0FC6, 0xE0FC7, 0xE0FC8, 0xE0FC9, 0xE0FCA, 0xE0FCB, 0xE0FCC, 0xE0FCD, 0xE0FCE, 0xE0FCF, 0xE0FD0,
        0xE0FD1, 0xE0FD2, 0xE0FD3, 0xE0FD4, 0xE0FD5, 0xE0FD6, 0xE0FD7, 0xE0FD8, 0xE0FD9, 0xE0FDA, 0xE0FDB, 0xE0FDC,
        0xE0FDD, 0xE0FDE, 0xE0FDF, 0xE0FE0, 0xE0FE1, 0xE0FE2, 0xE0FE3, 0xE0FE4, 0xE0FE5, 0xE0FE6, 0xE0FE7, 0xE0FE8,
        0xE0FE9, 0xE0FEA, 0xE0FEB, 0xE0FEC, 0xE0FED, 0xE0FEE, 0xE0FEF, 0xE0FF0, 0xE0FF1, 0xE0FF2, 0xE0FF3, 0xE0FF4,
        0xE0FF5, 0xE0FF6, 0xE0FF7, 0xE0FF8, 0xE0FF9, 0xE0FFA, 0xE0FFB, 0xE0FFC, 0xE0FFD, 0xE0FFE, 0xE0FFF,
    ];

    /// <summary>Where each of those mappings begins and ends.</summary>
    internal static readonly int[] CasefoldOffsets =
    [
        0, 1, 2, 3, 4, 5, 6, 7, 8, 9, 10, 11,
        12, 13, 14, 15, 16, 17, 18, 19, 20, 21, 22, 23,
        24, 25, 26, 27, 29, 30, 30, 32, 33, 34, 36, 37,
        39, 40, 41, 44, 47, 50, 51, 52, 53, 54, 55, 56,
        57, 58, 59, 60, 61, 62, 63, 64, 65, 66, 67, 68,
        69, 70, 71, 72, 73, 74, 75, 76, 77, 78, 79, 80,
        82, 83, 84, 85, 86, 87, 88, 89, 90, 91, 92, 93,
        94, 95, 96, 97, 98, 99, 100, 101, 102, 103, 104, 105,
        106, 108, 110, 112, 113, 114, 115, 116, 117, 119, 121, 122,
        123, 124, 125, 127, 128, 129, 130, 131, 132, 133, 134, 135,
        136, 137, 138, 139, 140, 141, 142, 143, 144, 145, 146, 147,
        148, 149, 150, 151, 152, 153, 154, 155, 156, 157, 158, 159,
        160, 161, 162, 163, 164, 165, 166, 167, 168, 169, 170, 171,
        172, 173, 174, 175, 176, 177, 178, 179, 180, 181, 182, 183,
        184, 185, 186, 187, 188, 189, 190, 191, 193, 195, 197, 199,
        201, 203, 205, 207, 209, 210, 211, 212, 213, 214, 215, 216,
        217, 218, 219, 220, 221, 222, 223, 224, 225, 226, 228, 230,
        232, 233, 234, 235, 236, 237, 238, 239, 240, 241, 242, 243,
        244, 245, 246, 247, 248, 249, 250, 251, 252, 253, 254, 255,
        256, 257, 258, 259, 260, 261, 262, 263, 264, 265, 266, 267,
        268, 269, 270, 271, 272, 273, 274, 275, 276, 277, 278, 279,
        280, 281, 282, 283, 284, 285, 286, 287, 289, 291, 293, 295,
        297, 299, 300, 301, 302, 303, 304, 305, 306, 307, 309, 310,
        310, 311, 312, 313, 314, 316, 317, 318, 320, 323, 324, 325,
        326, 327, 328, 329, 330, 331, 332, 333, 334, 335, 336, 337,
        338, 339, 340, 341, 342, 343, 344, 345, 346, 347, 348, 349,
        350, 351, 352, 353, 354, 355, 356, 357, 358, 359, 360, 361,
        362, 363, 364, 365, 366, 367, 368, 369, 370, 371, 372, 373,
        374, 375, 376, 377, 378, 379, 380, 381, 382, 383, 384, 385,
        386, 387, 388, 389, 390, 391, 392, 393, 394, 395, 396, 397,
        398, 399, 400, 401, 402, 403, 404, 405, 406, 407, 408, 409,
        410, 411, 412, 413, 414, 415, 416, 417, 418, 419, 420, 421,
        422, 423, 424, 425, 426, 427, 428, 429, 430, 431, 432, 433,
        434, 435, 436, 437, 438, 439, 440, 441, 442, 443, 444, 445,
        446, 447, 448, 449, 450, 451, 452, 453, 454, 455, 456, 457,
        458, 459, 460, 461, 462, 463, 464, 465, 466, 467, 468, 469,
        470, 471, 472, 473, 474, 475, 476, 477, 478, 479, 480, 481,
        482, 483, 484, 485, 486, 487, 488, 489, 490, 491, 492, 493,
        494, 495, 496, 497, 498, 499, 500, 501, 502, 503, 504, 505,
        506, 507, 508, 509, 510, 511, 512, 513, 514, 515, 516, 517,
        518, 519, 520, 521, 522, 523, 524, 525, 526, 527, 528, 529,
        530, 531, 532, 533, 534, 535, 536, 537, 538, 539, 540, 541,
        542, 543, 544, 545, 546, 547, 548, 549, 550, 551, 552, 553,
        554, 555, 556, 557, 558, 559, 560, 561, 562, 563, 564, 565,
        566, 567, 568, 569, 570, 571, 572, 573, 574, 575, 577, 577,
        579, 581, 583, 585, 587, 589, 591, 593, 595, 597, 599, 601,
        603, 605, 607, 609, 611, 613, 615, 617, 619, 621, 623, 625,
        627, 629, 631, 632, 634, 636, 638, 640, 642, 644, 646, 648,
        650, 653, 655, 658, 660, 662, 664, 666, 668, 670, 672, 673,
        674, 675, 676, 677, 678, 679, 680, 681, 682, 683, 684, 685,
        686, 687, 688, 689, 690, 691, 692, 693, 694, 695, 696, 697,
        698, 699, 700, 701, 702, 703, 704, 705, 706, 707, 708, 709,
        710, 711, 712, 713, 713, 713, 714, 715, 716, 717, 718, 719,
        719, 719, 719, 719, 719, 719, 719, 720, 721, 722, 723, 724,
        725, 726, 727, 728, 729, 730, 731, 732, 733, 734, 735, 736,
        737, 738, 739, 740, 741, 742, 743, 744, 745, 746, 747, 748,
        749, 750, 751, 752, 753, 754, 755, 756, 757, 758, 759, 760,
        761, 762, 763, 764, 765, 766, 767, 768, 769, 770, 771, 772,
        773, 774, 775, 776, 777, 778, 779, 780, 781, 782, 783, 784,
        785, 786, 787, 788, 789, 790, 791, 792, 793, 794, 795, 796,
        797, 798, 799, 800, 801, 802, 803, 804, 805, 806, 807, 808,
        809, 810, 811, 812, 813, 814, 815, 816, 817, 818, 819, 820,
        821, 822, 823, 824, 825, 826, 827, 828, 829, 830, 831, 832,
        833, 834, 835, 836, 837, 838, 839, 840, 841, 842, 843, 844,
        845, 846, 847, 848, 849, 850, 851, 852, 853, 854, 855, 856,
        857, 858, 859, 860, 861, 862, 863, 864, 865, 866, 867, 868,
        869, 870, 871, 872, 873, 874, 875, 876, 877, 878, 879, 880,
        881, 882, 883, 884, 885, 886, 887, 888, 889, 890, 891, 892,
        893, 894, 895, 896, 897, 898, 899, 900, 901, 902, 903, 904,
        905, 906, 907, 908, 909, 910, 911, 912, 913, 914, 915, 916,
        917, 918, 919, 920, 921, 922, 923, 924, 925, 926, 927, 928,
        929, 930, 931, 932, 933, 934, 935, 936, 937, 938, 939, 940,
        941, 942, 943, 944, 945, 946, 947, 948, 950, 951, 953, 954,
        955, 956, 957, 958, 959, 960, 961, 962, 963, 964, 965, 966,
        967, 968, 969, 970, 971, 972, 973, 974, 975, 976, 977, 978,
        979, 980, 981, 982, 983, 984, 985, 986, 987, 988, 989, 990,
        991, 992, 993, 994, 995, 996, 997, 998, 999, 1000, 1001, 1002,
        1003, 1004, 1005, 1006, 1007, 1008, 1009, 1010, 1011, 1012, 1013, 1014,
        1015, 1016, 1017, 1018, 1019, 1020, 1021, 1022, 1023, 1024, 1025, 1026,
        1027, 1028, 1029, 1030, 1031, 1032, 1033, 1034, 1035, 1036, 1037, 1038,
        1039, 1040, 1041, 1042, 1043, 1044, 1045, 1046, 1047, 1048, 1049, 1050,
        1051, 1052, 1053, 1054, 1055, 1056, 1058, 1060, 1062, 1064, 1066, 1068,
        1070, 1072, 1074, 1076, 1078, 1080, 1082, 1084, 1086, 1088, 1090, 1092,
        1094, 1096, 1098, 1100, 1102, 1104, 1106, 1108, 1110, 1112, 1114, 1116,
        1118, 1120, 1122, 1124, 1126, 1128, 1130, 1132, 1134, 1136, 1138, 1140,
        1142, 1144, 1146, 1148, 1150, 1152, 1154, 1156, 1158, 1160, 1161, 1162,
        1163, 1164, 1166, 1168, 1169, 1171, 1173, 1176, 1178, 1180, 1182, 1184,
        1185, 1186, 1187, 1188, 1190, 1193, 1196, 1199, 1200, 1201, 1202, 1203,
        1204, 1207, 1210, 1213, 1214, 1215, 1216, 1217, 1218, 1219, 1222, 1225,
        1226, 1228, 1230, 1232, 1234, 1235, 1236, 1237, 1238, 1240, 1242, 1244,
        1245, 1246, 1247, 1248, 1249, 1250, 1251, 1252, 1253, 1254, 1255, 1255,
        1255, 1255, 1255, 1255, 1256, 1258, 1259, 1261, 1264, 1264, 1264, 1264,
        1264, 1264, 1265, 1267, 1270, 1272, 1275, 1277, 1279, 1281, 1283, 1285,
        1289, 1290, 1290, 1290, 1290, 1290, 1290, 1290, 1290, 1290, 1290, 1290,
        1290, 1290, 1290, 1290, 1290, 1290, 1291, 1292, 1293, 1294, 1295, 1296,
        1297, 1298, 1299, 1300, 1301, 1302, 1303, 1304, 1305, 1306, 1307, 1308,
        1309, 1310, 1311, 1312, 1313, 1314, 1315, 1316, 1317, 1318, 1319, 1320,
        1321, 1322, 1323, 1324, 1325, 1326, 1327, 1328, 1329, 1330, 1331, 1332,
        1334, 1337, 1340, 1341, 1343, 1346, 1349, 1350, 1352, 1353, 1354, 1355,
        1356, 1357, 1358, 1359, 1360, 1361, 1362, 1363, 1365, 1366, 1367, 1368,
        1369, 1370, 1372, 1375, 1377, 1378, 1379, 1380, 1381, 1382, 1383, 1384,
        1385, 1386, 1387, 1388, 1389, 1390, 1391, 1392, 1393, 1394, 1395, 1398,
        1399, 1400, 1401, 1402, 1403, 1404, 1405, 1406, 1407, 1408, 1411, 1414,
        1418, 1421, 1424, 1427, 1430, 1433, 1436, 1439, 1442, 1445, 1448, 1451,
        1454, 1456, 1457, 1459, 1462, 1464, 1465, 1467, 1470, 1474, 1476, 1477,
        1479, 1482, 1483, 1484, 1485, 1486, 1487, 1489, 1492, 1494, 1495, 1497,
        1500, 1504, 1506, 1507, 1509, 1512, 1513, 1514, 1515, 1516, 1517, 1520,
        1522, 1525, 1527, 1530, 1531, 1532, 1533, 1534, 1535, 1536, 1537, 1538,
        1539, 1540, 1541, 1543, 1545, 1547, 1549, 1551, 1553, 1555, 1557, 1559,
        1561, 1563, 1566, 1569, 1572, 1575, 1578, 1581, 1584, 1587, 1590, 1594,
        1598, 1602, 1606, 1610, 1614, 1618, 1622, 1626, 1630, 1634, 1636, 1638,
        1640, 1642, 1644, 1646, 1648, 1650, 1652, 1655, 1658, 1661, 1664, 1667,
        1670, 1673, 1676, 1679, 1682, 1685, 1688, 1691, 1694, 1697, 1700, 1703,
        1706, 1709, 1712, 1715, 1718, 1721, 1724, 1727, 1730, 1733, 1736, 1739,
        1742, 1745, 1748, 1751, 1754, 1757, 1760, 1763, 1764, 1765, 1766, 1767,
        1768, 1769, 1770, 1771, 1772, 1773, 1774, 1775, 1776, 1777, 1778, 1779,
        1780, 1781, 1782, 1783, 1784, 1785, 1786, 1787, 1788, 1789, 1790, 1791,
        1792, 1793, 1794, 1795, 1796, 1797, 1798, 1799, 1800, 1801, 1802, 1803,
        1804, 1805, 1806, 1807, 1808, 1809, 1810, 1811, 1812, 1813, 1814, 1815,
        1816, 1820, 1823, 1825, 1828, 1830, 1831, 1832, 1833, 1834, 1835, 1836,
        1837, 1838, 1839, 1840, 1841, 1842, 1843, 1844, 1845, 1846, 1847, 1848,
        1849, 1850, 1851, 1852, 1853, 1854, 1855, 1856, 1857, 1858, 1859, 1860,
        1861, 1862, 1863, 1864, 1865, 1866, 1867, 1868, 1869, 1870, 1871, 1872,
        1873, 1874, 1875, 1876, 1877, 1878, 1879, 1880, 1881, 1882, 1883, 1884,
        1885, 1886, 1887, 1888, 1889, 1890, 1891, 1892, 1893, 1894, 1895, 1896,
        1897, 1898, 1899, 1900, 1901, 1902, 1903, 1904, 1905, 1906, 1907, 1908,
        1909, 1910, 1911, 1912, 1913, 1914, 1915, 1916, 1917, 1918, 1919, 1920,
        1921, 1922, 1923, 1924, 1925, 1926, 1927, 1928, 1929, 1930, 1931, 1932,
        1933, 1934, 1935, 1936, 1937, 1938, 1939, 1940, 1941, 1942, 1943, 1944,
        1945, 1946, 1947, 1948, 1949, 1950, 1951, 1952, 1953, 1954, 1955, 1956,
        1957, 1958, 1959, 1960, 1961, 1962, 1963, 1964, 1965, 1966, 1967, 1968,
        1969, 1970, 1971, 1972, 1973, 1974, 1975, 1976, 1977, 1978, 1979, 1980,
        1981, 1982, 1983, 1984, 1985, 1986, 1987, 1988, 1989, 1990, 1991, 1992,
        1993, 1994, 1995, 1996, 1997, 1998, 1999, 2000, 2001, 2002, 2003, 2004,
        2005, 2006, 2007, 2008, 2009, 2010, 2011, 2012, 2013, 2014, 2015, 2016,
        2017, 2018, 2019, 2020, 2021, 2022, 2023, 2024, 2025, 2026, 2027, 2028,
        2029, 2030, 2031, 2032, 2033, 2034, 2035, 2036, 2037, 2038, 2039, 2040,
        2041, 2042, 2043, 2044, 2045, 2046, 2047, 2048, 2049, 2050, 2051, 2052,
        2053, 2054, 2055, 2056, 2057, 2058, 2059, 2060, 2061, 2062, 2063, 2064,
        2065, 2066, 2067, 2068, 2069, 2070, 2071, 2072, 2073, 2074, 2075, 2076,
        2077, 2078, 2079, 2080, 2081, 2082, 2083, 2084, 2085, 2086, 2087, 2088,
        2089, 2090, 2091, 2092, 2093, 2094, 2095, 2096, 2097, 2098, 2099, 2100,
        2101, 2102, 2103, 2104, 2105, 2106, 2107, 2108, 2109, 2110, 2111, 2112,
        2113, 2114, 2115, 2116, 2117, 2118, 2119, 2120, 2121, 2122, 2123, 2124,
        2125, 2126, 2127, 2128, 2129, 2130, 2131, 2132, 2133, 2134, 2135, 2136,
        2137, 2138, 2139, 2140, 2141, 2142, 2143, 2144, 2145, 2146, 2147, 2148,
        2149, 2150, 2151, 2152, 2153, 2154, 2155, 2156, 2157, 2158, 2159, 2160,
        2161, 2162, 2163, 2164, 2165, 2166, 2167, 2168, 2169, 2170, 2172, 2174,
        2176, 2178, 2179, 2180, 2181, 2182, 2183, 2184, 2185, 2186, 2187, 2188,
        2189, 2190, 2191, 2192, 2193, 2194, 2195, 2196, 2197, 2198, 2199, 2200,
        2201, 2202, 2203, 2204, 2205, 2206, 2207, 2208, 2209, 2210, 2211, 2212,
        2213, 2214, 2215, 2216, 2217, 2218, 2219, 2220, 2221, 2222, 2223, 2224,
        2225, 2226, 2227, 2228, 2229, 2229, 2230, 2231, 2232, 2233, 2234, 2235,
        2236, 2237, 2238, 2239, 2240, 2241, 2242, 2243, 2244, 2245, 2246, 2247,
        2248, 2249, 2250, 2251, 2252, 2253, 2254, 2255, 2256, 2257, 2258, 2259,
        2260, 2261, 2262, 2263, 2264, 2265, 2266, 2267, 2268, 2269, 2270, 2271,
        2272, 2273, 2274, 2275, 2276, 2277, 2278, 2279, 2280, 2281, 2282, 2283,
        2284, 2285, 2288, 2291, 2294, 2297, 2300, 2303, 2306, 2309, 2312, 2315,
        2318, 2321, 2324, 2327, 2330, 2333, 2336, 2339, 2342, 2345, 2348, 2351,
        2354, 2357, 2360, 2363, 2366, 2369, 2372, 2376, 2380, 2383, 2386, 2389,
        2392, 2395, 2398, 2401, 2404, 2407, 2410, 2413, 2416, 2419, 2422, 2425,
        2428, 2431, 2434, 2437, 2440, 2443, 2446, 2449, 2452, 2455, 2458, 2461,
        2464, 2467, 2470, 2473, 2476, 2479, 2482, 2485, 2488, 2489, 2490, 2491,
        2492, 2495, 2497, 2499, 2501, 2503, 2505, 2507, 2509, 2511, 2513, 2515,
        2517, 2519, 2521, 2523, 2525, 2526, 2527, 2528, 2529, 2530, 2531, 2532,
        2533, 2534, 2535, 2536, 2537, 2538, 2539, 2540, 2541, 2542, 2543, 2544,
        2545, 2546, 2547, 2548, 2549, 2550, 2551, 2552, 2553, 2555, 2557, 2558,
        2559, 2560, 2561, 2562, 2563, 2564, 2565, 2566, 2567, 2568, 2569, 2570,
        2571, 2572, 2573, 2574, 2575, 2576, 2577, 2578, 2579, 2580, 2581, 2582,
        2583, 2584, 2585, 2586, 2587, 2588, 2589, 2590, 2591, 2592, 2593, 2594,
        2595, 2596, 2597, 2598, 2599, 2600, 2601, 2602, 2603, 2604, 2605, 2606,
        2607, 2609, 2611, 2613, 2615, 2617, 2619, 2621, 2623, 2625, 2627, 2629,
        2631, 2633, 2635, 2637, 2639, 2641, 2643, 2645, 2647, 2649, 2651, 2653,
        2655, 2658, 2661, 2664, 2666, 2669, 2671, 2674, 2675, 2676, 2677, 2678,
        2679, 2680, 2681, 2682, 2683, 2684, 2685, 2686, 2687, 2688, 2689, 2690,
        2691, 2692, 2693, 2694, 2695, 2696, 2697, 2698, 2699, 2700, 2701, 2702,
        2703, 2704, 2705, 2706, 2707, 2708, 2709, 2710, 2711, 2712, 2713, 2714,
        2715, 2716, 2717, 2718, 2719, 2720, 2721, 2723, 2727, 2731, 2735, 2738,
        2742, 2745, 2748, 2753, 2757, 2760, 2763, 2766, 2770, 2774, 2777, 2780,
        2782, 2785, 2789, 2793, 2795, 2800, 2806, 2811, 2814, 2819, 2824, 2828,
        2831, 2834, 2837, 2841, 2846, 2850, 2853, 2856, 2859, 2861, 2863, 2865,
        2867, 2870, 2873, 2878, 2881, 2885, 2890, 2893, 2895, 2897, 2902, 2906,
        2911, 2914, 2919, 2921, 2924, 2927, 2930, 2933, 2936, 2940, 2943, 2945,
        2948, 2951, 2954, 2958, 2961, 2964, 2967, 2972, 2976, 2978, 2983, 2985,
        2989, 2993, 2996, 2999, 3002, 3006, 3008, 3011, 3015, 3017, 3022, 3025,
        3027, 3029, 3031, 3033, 3035, 3037, 3039, 3041, 3043, 3045, 3048, 3051,
        3054, 3057, 3060, 3063, 3066, 3069, 3072, 3075, 3078, 3081, 3084, 3087,
        3090, 3093, 3095, 3097, 3100, 3102, 3104, 3106, 3109, 3112, 3114, 3116,
        3118, 3120, 3122, 3126, 3128, 3130, 3132, 3134, 3136, 3138, 3140, 3142,
        3145, 3149, 3151, 3153, 3155, 3157, 3159, 3161, 3163, 3166, 3169, 3172,
        3175, 3177, 3179, 3181, 3183, 3185, 3187, 3189, 3191, 3193, 3195, 3198,
        3201, 3203, 3206, 3209, 3212, 3214, 3217, 3220, 3224, 3226, 3229, 3232,
        3235, 3238, 3243, 3249, 3251, 3253, 3255, 3257, 3259, 3261, 3263, 3265,
        3267, 3269, 3271, 3273, 3275, 3277, 3279, 3281, 3283, 3285, 3289, 3291,
        3293, 3295, 3299, 3302, 3304, 3306, 3308, 3310, 3312, 3314, 3316, 3318,
        3320, 3322, 3325, 3327, 3329, 3332, 3335, 3337, 3341, 3344, 3346, 3348,
        3350, 3352, 3355, 3358, 3360, 3362, 3364, 3366, 3368, 3370, 3372, 3374,
        3376, 3379, 3382, 3385, 3388, 3391, 3394, 3397, 3400, 3403, 3406, 3409,
        3412, 3415, 3418, 3421, 3424, 3427, 3430, 3433, 3436, 3439, 3442, 3445,
        3446, 3447, 3448, 3449, 3450, 3451, 3452, 3453, 3454, 3455, 3456, 3457,
        3458, 3459, 3460, 3461, 3462, 3463, 3464, 3465, 3466, 3467, 3468, 3469,
        3470, 3471, 3472, 3473, 3474, 3475, 3476, 3477, 3478, 3479, 3480, 3481,
        3482, 3483, 3484, 3485, 3486, 3487, 3488, 3489, 3490, 3491, 3492, 3493,
        3494, 3495, 3496, 3497, 3498, 3499, 3500, 3501, 3502, 3503, 3504, 3505,
        3506, 3507, 3508, 3509, 3510, 3511, 3512, 3513, 3514, 3515, 3516, 3517,
        3518, 3519, 3520, 3521, 3522, 3523, 3524, 3525, 3526, 3527, 3528, 3529,
        3530, 3531, 3532, 3533, 3534, 3535, 3536, 3537, 3538, 3539, 3540, 3541,
        3542, 3543, 3544, 3545, 3546, 3547, 3548, 3549, 3550, 3551, 3552, 3553,
        3554, 3555, 3556, 3557, 3558, 3559, 3560, 3561, 3562, 3563, 3564, 3565,
        3566, 3567, 3568, 3569, 3570, 3571, 3572, 3573, 3574, 3575, 3576, 3577,
        3578, 3579, 3580, 3581, 3582, 3583, 3584, 3585, 3586, 3587, 3588, 3589,
        3590, 3591, 3592, 3593, 3594, 3595, 3596, 3597, 3598, 3599, 3600, 3601,
        3602, 3603, 3604, 3605, 3606, 3607, 3608, 3609, 3610, 3611, 3612, 3613,
        3614, 3615, 3616, 3617, 3618, 3619, 3620, 3621, 3622, 3623, 3624, 3625,
        3626, 3627, 3628, 3629, 3630, 3631, 3632, 3633, 3634, 3635, 3636, 3637,
        3638, 3639, 3640, 3641, 3642, 3643, 3644, 3645, 3646, 3647, 3648, 3649,
        3650, 3651, 3652, 3653, 3654, 3655, 3656, 3657, 3658, 3659, 3660, 3661,
        3662, 3663, 3664, 3665, 3666, 3667, 3668, 3669, 3670, 3671, 3672, 3673,
        3674, 3675, 3676, 3677, 3678, 3679, 3680, 3681, 3682, 3683, 3684, 3685,
        3686, 3687, 3688, 3689, 3690, 3691, 3692, 3693, 3694, 3695, 3696, 3697,
        3698, 3699, 3700, 3701, 3702, 3703, 3704, 3705, 3706, 3707, 3708, 3709,
        3710, 3711, 3712, 3713, 3714, 3715, 3716, 3717, 3718, 3719, 3720, 3721,
        3722, 3723, 3724, 3725, 3726, 3727, 3728, 3729, 3730, 3731, 3732, 3733,
        3734, 3735, 3736, 3737, 3738, 3739, 3740, 3741, 3742, 3743, 3744, 3745,
        3746, 3747, 3748, 3749, 3750, 3751, 3752, 3753, 3754, 3755, 3756, 3757,
        3758, 3759, 3760, 3761, 3762, 3763, 3764, 3765, 3766, 3767, 3768, 3769,
        3770, 3771, 3772, 3773, 3774, 3775, 3776, 3777, 3778, 3779, 3780, 3781,
        3782, 3783, 3784, 3785, 3786, 3787, 3788, 3789, 3790, 3791, 3792, 3793,
        3794, 3795, 3796, 3797, 3798, 3799, 3800, 3801, 3802, 3803, 3804, 3805,
        3806, 3807, 3808, 3809, 3810, 3811, 3812, 3813, 3814, 3815, 3816, 3817,
        3818, 3819, 3820, 3821, 3822, 3823, 3824, 3825, 3826, 3827, 3828, 3829,
        3830, 3831, 3832, 3833, 3834, 3835, 3836, 3837, 3838, 3839, 3840, 3841,
        3842, 3843, 3844, 3845, 3846, 3847, 3848, 3849, 3850, 3851, 3852, 3853,
        3854, 3855, 3856, 3857, 3858, 3859, 3860, 3861, 3862, 3863, 3864, 3865,
        3866, 3867, 3868, 3869, 3870, 3871, 3872, 3873, 3874, 3875, 3876, 3877,
        3878, 3879, 3880, 3881, 3882, 3883, 3884, 3885, 3886, 3887, 3888, 3889,
        3890, 3891, 3892, 3893, 3894, 3895, 3896, 3897, 3898, 3899, 3900, 3901,
        3902, 3903, 3904, 3905, 3906, 3907, 3908, 3909, 3910, 3911, 3912, 3913,
        3914, 3915, 3916, 3917, 3918, 3919, 3920, 3921, 3922, 3923, 3924, 3925,
        3926, 3927, 3928, 3929, 3930, 3931, 3932, 3933, 3934, 3935, 3936, 3937,
        3938, 3939, 3940, 3941, 3942, 3943, 3944, 3945, 3946, 3947, 3948, 3949,
        3950, 3951, 3952, 3953, 3954, 3955, 3956, 3957, 3958, 3959, 3960, 3961,
        3962, 3963, 3964, 3965, 3966, 3967, 3968, 3969, 3970, 3971, 3972, 3973,
        3974, 3975, 3976, 3977, 3978, 3979, 3980, 3981, 3982, 3983, 3984, 3985,
        3986, 3987, 3988, 3989, 3990, 3991, 3992, 3993, 3994, 3995, 3996, 3997,
        3998, 3999, 4000, 4001, 4002, 4003, 4004, 4005, 4006, 4007, 4008, 4009,
        4010, 4011, 4012, 4013, 4014, 4015, 4016, 4017, 4018, 4019, 4020, 4021,
        4022, 4023, 4024, 4025, 4026, 4027, 4028, 4029, 4030, 4031, 4032, 4033,
        4034, 4035, 4036, 4037, 4038, 4039, 4040, 4041, 4042, 4043, 4044, 4045,
        4046, 4047, 4048, 4049, 4050, 4051, 4052, 4053, 4054, 4055, 4056, 4057,
        4058, 4059, 4060, 4061, 4062, 4063, 4064, 4065, 4066, 4067, 4068, 4069,
        4070, 4071, 4072, 4073, 4074, 4075, 4076, 4077, 4078, 4079, 4080, 4081,
        4082, 4083, 4084, 4085, 4086, 4087, 4088, 4089, 4090, 4091, 4092, 4093,
        4094, 4095, 4096, 4097, 4098, 4099, 4100, 4101, 4102, 4103, 4104, 4105,
        4106, 4107, 4108, 4109, 4110, 4111, 4112, 4113, 4114, 4115, 4116, 4117,
        4118, 4119, 4120, 4121, 4122, 4123, 4124, 4125, 4126, 4127, 4128, 4129,
        4131, 4133, 4135, 4138, 4141, 4143, 4145, 4147, 4149, 4151, 4153, 4155,
        4157, 4159, 4160, 4161, 4162, 4163, 4164, 4165, 4166, 4167, 4168, 4169,
        4171, 4173, 4176, 4179, 4181, 4183, 4185, 4187, 4189, 4191, 4193, 4195,
        4197, 4199, 4201, 4203, 4205, 4207, 4209, 4211, 4213, 4215, 4217, 4219,
        4221, 4223, 4225, 4227, 4229, 4231, 4233, 4235, 4237, 4238, 4239, 4240,
        4241, 4242, 4243, 4244, 4245, 4246, 4247, 4248, 4249, 4250, 4251, 4252,
        4253, 4254, 4255, 4256, 4257, 4258, 4259, 4260, 4261, 4262, 4263, 4264,
        4265, 4266, 4267, 4268, 4269, 4270, 4271, 4272, 4273, 4274, 4275, 4276,
        4277, 4278, 4279, 4280, 4281, 4282, 4283, 4284, 4285, 4286, 4287, 4288,
        4289, 4290, 4291, 4292, 4293, 4294, 4295, 4296, 4297, 4298, 4299, 4300,
        4301, 4302, 4303, 4304, 4305, 4306, 4307, 4308, 4309, 4310, 4311, 4312,
        4313, 4314, 4315, 4316, 4317, 4318, 4319, 4320, 4321, 4322, 4323, 4324,
        4325, 4326, 4327, 4328, 4329, 4330, 4331, 4332, 4333, 4334, 4335, 4336,
        4337, 4338, 4339, 4340, 4341, 4342, 4343, 4344, 4345, 4347, 4348, 4349,
        4350, 4351, 4352, 4353, 4354, 4355, 4356, 4357, 4358, 4359, 4361, 4363,
        4365, 4367, 4369, 4371, 4373, 4375, 4377, 4379, 4381, 4383, 4385, 4387,
        4389, 4391, 4393, 4395, 4396, 4397, 4398, 4399, 4401, 4403, 4405, 4407,
        4409, 4411, 4413, 4415, 4417, 4419, 4421, 4423, 4425, 4427, 4429, 4431,
        4433, 4435, 4437, 4439, 4441, 4443, 4445, 4447, 4449, 4451, 4453, 4455,
        4457, 4459, 4461, 4463, 4465, 4467, 4469, 4471, 4473, 4475, 4477, 4479,
        4481, 4483, 4485, 4487, 4489, 4491, 4493, 4495, 4497, 4499, 4501, 4503,
        4505, 4507, 4509, 4511, 4513, 4515, 4517, 4519, 4521, 4523, 4525, 4527,
        4529, 4531, 4533, 4535, 4537, 4539, 4541, 4543, 4545, 4547, 4549, 4551,
        4553, 4555, 4557, 4559, 4561, 4563, 4565, 4567, 4569, 4571, 4573, 4575,
        4577, 4579, 4581, 4583, 4585, 4587, 4590, 4593, 4596, 4599, 4602, 4605,
        4607, 4609, 4611, 4613, 4615, 4617, 4619, 4621, 4623, 4625, 4627, 4629,
        4631, 4633, 4635, 4637, 4639, 4641, 4643, 4645, 4647, 4649, 4651, 4653,
        4655, 4657, 4659, 4661, 4663, 4665, 4667, 4669, 4671, 4673, 4675, 4677,
        4679, 4681, 4683, 4685, 4687, 4689, 4691, 4693, 4695, 4697, 4699, 4701,
        4703, 4705, 4707, 4709, 4711, 4713, 4715, 4717, 4719, 4721, 4723, 4725,
        4727, 4729, 4731, 4733, 4735, 4737, 4739, 4741, 4743, 4745, 4747, 4749,
        4751, 4753, 4755, 4757, 4759, 4761, 4763, 4765, 4767, 4769, 4771, 4773,
        4775, 4777, 4779, 4781, 4783, 4785, 4787, 4789, 4791, 4793, 4795, 4797,
        4799, 4801, 4803, 4805, 4807, 4809, 4811, 4813, 4815, 4817, 4819, 4821,
        4823, 4825, 4827, 4829, 4831, 4833, 4835, 4837, 4839, 4841, 4843, 4845,
        4847, 4849, 4851, 4853, 4855, 4857, 4859, 4861, 4863, 4865, 4867, 4869,
        4871, 4873, 4875, 4877, 4879, 4881, 4883, 4885, 4887, 4889, 4892, 4895,
        4898, 4900, 4902, 4904, 4906, 4908, 4910, 4912, 4914, 4916, 4918, 4920,
        4922, 4924, 4926, 4928, 4930, 4932, 4934, 4936, 4938, 4940, 4942, 4944,
        4946, 4948, 4950, 4952, 4954, 4956, 4958, 4960, 4962, 4964, 4966, 4968,
        4970, 4972, 4974, 4976, 4978, 4980, 4982, 4984, 4986, 4988, 4990, 4992,
        4994, 4996, 4998, 5000, 5002, 5004, 5006, 5008, 5010, 5012, 5014, 5016,
        5018, 5020, 5022, 5024, 5026, 5028, 5030, 5032, 5034, 5036, 5038, 5040,
        5042, 5044, 5047, 5050, 5053, 5056, 5059, 5062, 5065, 5068, 5071, 5074,
        5077, 5080, 5083, 5086, 5089, 5092, 5095, 5098, 5101, 5104, 5107, 5110,
        5113, 5116, 5119, 5122, 5125, 5128, 5131, 5134, 5137, 5140, 5143, 5146,
        5149, 5152, 5155, 5158, 5161, 5164, 5167, 5170, 5173, 5176, 5179, 5182,
        5185, 5188, 5191, 5194, 5197, 5200, 5203, 5206, 5209, 5212, 5215, 5218,
        5221, 5224, 5227, 5230, 5233, 5236, 5239, 5242, 5245, 5248, 5251, 5254,
        5257, 5260, 5263, 5266, 5269, 5272, 5275, 5278, 5281, 5284, 5287, 5290,
        5293, 5296, 5299, 5302, 5305, 5308, 5311, 5314, 5317, 5320, 5323, 5326,
        5329, 5332, 5335, 5338, 5341, 5344, 5347, 5350, 5353, 5356, 5359, 5362,
        5365, 5368, 5371, 5374, 5377, 5380, 5383, 5386, 5389, 5392, 5395, 5398,
        5401, 5404, 5408, 5412, 5416, 5420, 5424, 5428, 5432, 5435, 5453, 5461,
        5465, 5465, 5465, 5465, 5465, 5465, 5465, 5465, 5465, 5465, 5465, 5465,
        5465, 5465, 5465, 5465, 5465, 5466, 5467, 5468, 5469, 5470, 5471, 5472,
        5473, 5474, 5477, 5479, 5480, 5481, 5482, 5483, 5484, 5485, 5486, 5487,
        5488, 5489, 5490, 5491, 5492, 5493, 5494, 5495, 5496, 5497, 5498, 5499,
        5500, 5501, 5503, 5505, 5507, 5509, 5510, 5511, 5512, 5513, 5514, 5515,
        5516, 5517, 5518, 5519, 5520, 5521, 5522, 5523, 5524, 5525, 5526, 5527,
        5528, 5529, 5530, 5531, 5532, 5533, 5534, 5535, 5536, 5537, 5538, 5540,
        5542, 5544, 5546, 5548, 5550, 5552, 5554, 5556, 5558, 5560, 5562, 5564,
        5566, 5567, 5568, 5569, 5570, 5571, 5572, 5573, 5574, 5575, 5576, 5577,
        5578, 5579, 5580, 5581, 5582, 5583, 5584, 5585, 5586, 5587, 5588, 5589,
        5590, 5591, 5592, 5593, 5594, 5595, 5596, 5597, 5598, 5599, 5600, 5601,
        5602, 5603, 5604, 5605, 5606, 5607, 5608, 5609, 5610, 5611, 5612, 5613,
        5614, 5615, 5616, 5617, 5618, 5619, 5620, 5621, 5622, 5623, 5624, 5625,
        5626, 5627, 5628, 5629, 5630, 5631, 5632, 5633, 5634, 5635, 5636, 5637,
        5638, 5639, 5640, 5641, 5642, 5643, 5644, 5645, 5646, 5647, 5648, 5649,
        5650, 5651, 5652, 5653, 5654, 5655, 5656, 5657, 5658, 5659, 5660, 5661,
        5662, 5663, 5664, 5665, 5666, 5667, 5668, 5669, 5670, 5671, 5672, 5673,
        5674, 5675, 5676, 5677, 5678, 5679, 5680, 5681, 5682, 5683, 5685, 5687,
        5689, 5691, 5693, 5695, 5697, 5699, 5699, 5700, 5701, 5702, 5703, 5704,
        5705, 5706, 5707, 5708, 5709, 5710, 5711, 5712, 5713, 5714, 5715, 5716,
        5717, 5718, 5719, 5720, 5721, 5722, 5723, 5724, 5725, 5726, 5727, 5728,
        5729, 5730, 5731, 5732, 5733, 5734, 5735, 5736, 5737, 5738, 5739, 5740,
        5741, 5742, 5743, 5744, 5745, 5746, 5747, 5748, 5749, 5750, 5751, 5752,
        5753, 5754, 5755, 5756, 5757, 5758, 5759, 5760, 5761, 5762, 5763, 5764,
        5765, 5766, 5767, 5768, 5769, 5770, 5771, 5772, 5773, 5774, 5775, 5776,
        5777, 5778, 5779, 5780, 5781, 5782, 5783, 5784, 5785, 5786, 5787, 5788,
        5789, 5790, 5791, 5792, 5793, 5794, 5795, 5796, 5797, 5798, 5799, 5800,
        5801, 5802, 5803, 5804, 5805, 5806, 5807, 5808, 5809, 5810, 5811, 5812,
        5813, 5814, 5815, 5816, 5817, 5818, 5819, 5820, 5821, 5822, 5823, 5824,
        5825, 5826, 5827, 5828, 5829, 5830, 5831, 5832, 5833, 5834, 5835, 5836,
        5837, 5838, 5839, 5840, 5841, 5842, 5843, 5844, 5845, 5846, 5847, 5848,
        5849, 5850, 5851, 5852, 5853, 5854, 5855, 5856, 5857, 5858, 5858, 5859,
        5860, 5861, 5862, 5863, 5864, 5865, 5866, 5867, 5868, 5869, 5870, 5871,
        5872, 5873, 5874, 5875, 5876, 5877, 5878, 5879, 5880, 5881, 5882, 5883,
        5884, 5885, 5886, 5887, 5888, 5889, 5890, 5891, 5892, 5893, 5894, 5895,
        5896, 5897, 5898, 5899, 5900, 5901, 5902, 5903, 5904, 5905, 5906, 5907,
        5908, 5909, 5910, 5911, 5912, 5914, 5915, 5916, 5917, 5918, 5919, 5920,
        5921, 5922, 5923, 5924, 5924, 5924, 5924, 5924, 5924, 5924, 5924, 5924,
        5924, 5925, 5926, 5927, 5928, 5929, 5930, 5931, 5932, 5933, 5934, 5935,
        5936, 5937, 5938, 5939, 5940, 5941, 5942, 5943, 5944, 5945, 5946, 5947,
        5948, 5949, 5950, 5951, 5952, 5953, 5954, 5955, 5956, 5957, 5958, 5959,
        5960, 5961, 5962, 5963, 5964, 5965, 5966, 5967, 5968, 5969, 5970, 5971,
        5972, 5973, 5974, 5975, 5976, 5977, 5978, 5979, 5980, 5981, 5982, 5983,
        5984, 5985, 5986, 5987, 5988, 5989, 5990, 5991, 5992, 5993, 5994, 5995,
        5996, 5997, 5998, 5999, 6000, 6001, 6002, 6003, 6004, 6005, 6006, 6007,
        6008, 6009, 6010, 6011, 6012, 6013, 6014, 6015, 6016, 6017, 6018, 6019,
        6020, 6021, 6022, 6023, 6024, 6025, 6026, 6027, 6028, 6029, 6030, 6031,
        6032, 6033, 6034, 6035, 6036, 6037, 6038, 6039, 6040, 6041, 6042, 6043,
        6044, 6045, 6046, 6047, 6048, 6049, 6050, 6051, 6052, 6053, 6054, 6055,
        6056, 6057, 6058, 6059, 6060, 6061, 6062, 6063, 6064, 6065, 6066, 6067,
        6068, 6069, 6070, 6071, 6072, 6073, 6074, 6075, 6076, 6077, 6078, 6079,
        6080, 6081, 6082, 6083, 6084, 6085, 6086, 6087, 6088, 6089, 6090, 6091,
        6092, 6093, 6094, 6095, 6096, 6097, 6098, 6099, 6100, 6101, 6102, 6103,
        6104, 6105, 6106, 6107, 6108, 6109, 6110, 6111, 6112, 6113, 6114, 6115,
        6116, 6117, 6118, 6119, 6120, 6121, 6122, 6123, 6124, 6125, 6126, 6127,
        6128, 6129, 6130, 6131, 6132, 6133, 6134, 6135, 6136, 6137, 6138, 6139,
        6140, 6141, 6142, 6143, 6144, 6145, 6146, 6147, 6148, 6149, 6150, 6151,
        6152, 6153, 6154, 6155, 6156, 6157, 6158, 6159, 6160, 6161, 6162, 6163,
        6164, 6165, 6166, 6167, 6168, 6169, 6170, 6171, 6172, 6173, 6174, 6175,
        6176, 6177, 6178, 6179, 6180, 6181, 6182, 6183, 6184, 6185, 6186, 6187,
        6188, 6189, 6190, 6191, 6192, 6193, 6194, 6195, 6196, 6197, 6198, 6199,
        6200, 6201, 6202, 6203, 6204, 6205, 6206, 6207, 6208, 6209, 6210, 6211,
        6212, 6213, 6214, 6215, 6216, 6217, 6218, 6219, 6220, 6221, 6222, 6223,
        6224, 6225, 6226, 6227, 6228, 6229, 6230, 6231, 6232, 6233, 6234, 6235,
        6236, 6237, 6238, 6239, 6240, 6241, 6242, 6243, 6244, 6245, 6246, 6247,
        6248, 6249, 6250, 6251, 6252, 6253, 6253, 6253, 6253, 6253, 6254, 6255,
        6256, 6257, 6258, 6259, 6260, 6261, 6262, 6263, 6264, 6265, 6266, 6267,
        6268, 6269, 6270, 6271, 6272, 6273, 6274, 6275, 6276, 6277, 6278, 6279,
        6280, 6281, 6282, 6283, 6284, 6285, 6286, 6287, 6288, 6289, 6291, 6293,
        6296, 6299, 6302, 6305, 6308, 6308, 6308, 6308, 6308, 6308, 6308, 6308,
        6308, 6310, 6312, 6315, 6318, 6321, 6324, 6325, 6326, 6327, 6328, 6329,
        6330, 6331, 6332, 6333, 6334, 6335, 6336, 6337, 6338, 6339, 6340, 6341,
        6342, 6343, 6344, 6345, 6346, 6347, 6348, 6349, 6350, 6351, 6352, 6353,
        6354, 6355, 6356, 6357, 6358, 6359, 6360, 6361, 6362, 6363, 6364, 6365,
        6366, 6367, 6368, 6369, 6370, 6371, 6372, 6373, 6374, 6375, 6376, 6377,
        6378, 6379, 6380, 6381, 6382, 6383, 6384, 6385, 6386, 6387, 6388, 6389,
        6390, 6391, 6392, 6393, 6394, 6395, 6396, 6397, 6398, 6399, 6400, 6401,
        6402, 6403, 6404, 6405, 6406, 6407, 6408, 6409, 6410, 6411, 6412, 6413,
        6414, 6415, 6416, 6417, 6418, 6419, 6420, 6421, 6422, 6423, 6424, 6425,
        6426, 6427, 6428, 6429, 6430, 6431, 6432, 6433, 6434, 6435, 6436, 6437,
        6438, 6439, 6440, 6441, 6442, 6443, 6444, 6445, 6446, 6447, 6448, 6449,
        6450, 6451, 6452, 6453, 6454, 6455, 6456, 6457, 6458, 6459, 6460, 6461,
        6462, 6463, 6464, 6465, 6466, 6467, 6468, 6469, 6470, 6471, 6472, 6473,
        6474, 6475, 6476, 6477, 6478, 6479, 6480, 6481, 6482, 6483, 6484, 6485,
        6486, 6487, 6488, 6489, 6490, 6491, 6492, 6493, 6494, 6495, 6496, 6497,
        6498, 6499, 6500, 6501, 6502, 6503, 6504, 6505, 6506, 6507, 6508, 6509,
        6510, 6511, 6512, 6513, 6514, 6515, 6516, 6517, 6518, 6519, 6520, 6521,
        6522, 6523, 6524, 6525, 6526, 6527, 6528, 6529, 6530, 6531, 6532, 6533,
        6534, 6535, 6536, 6537, 6538, 6539, 6540, 6541, 6542, 6543, 6544, 6545,
        6546, 6547, 6548, 6549, 6550, 6551, 6552, 6553, 6554, 6555, 6556, 6557,
        6558, 6559, 6560, 6561, 6562, 6563, 6564, 6565, 6566, 6567, 6568, 6569,
        6570, 6571, 6572, 6573, 6574, 6575, 6576, 6577, 6578, 6579, 6580, 6581,
        6582, 6583, 6584, 6585, 6586, 6587, 6588, 6589, 6590, 6591, 6592, 6593,
        6594, 6595, 6596, 6597, 6598, 6599, 6600, 6601, 6602, 6603, 6604, 6605,
        6606, 6607, 6608, 6609, 6610, 6611, 6612, 6613, 6614, 6615, 6616, 6617,
        6618, 6619, 6620, 6621, 6622, 6623, 6624, 6625, 6626, 6627, 6628, 6629,
        6630, 6631, 6632, 6633, 6634, 6635, 6636, 6637, 6638, 6639, 6640, 6641,
        6642, 6643, 6644, 6645, 6646, 6647, 6648, 6649, 6650, 6651, 6652, 6653,
        6654, 6655, 6656, 6657, 6658, 6659, 6660, 6661, 6662, 6663, 6664, 6665,
        6666, 6667, 6668, 6669, 6670, 6671, 6672, 6673, 6674, 6675, 6676, 6677,
        6678, 6679, 6680, 6681, 6682, 6683, 6684, 6685, 6686, 6687, 6688, 6689,
        6690, 6691, 6692, 6693, 6694, 6695, 6696, 6697, 6698, 6699, 6700, 6701,
        6702, 6703, 6704, 6705, 6706, 6707, 6708, 6709, 6710, 6711, 6712, 6713,
        6714, 6715, 6716, 6717, 6718, 6719, 6720, 6721, 6722, 6723, 6724, 6725,
        6726, 6727, 6728, 6729, 6730, 6731, 6732, 6733, 6734, 6735, 6736, 6737,
        6738, 6739, 6740, 6741, 6742, 6743, 6744, 6745, 6746, 6747, 6748, 6749,
        6750, 6751, 6752, 6753, 6754, 6755, 6756, 6757, 6758, 6759, 6760, 6761,
        6762, 6763, 6764, 6765, 6766, 6767, 6768, 6769, 6770, 6771, 6772, 6773,
        6774, 6775, 6776, 6777, 6778, 6779, 6780, 6781, 6782, 6783, 6784, 6785,
        6786, 6787, 6788, 6789, 6790, 6791, 6792, 6793, 6794, 6795, 6796, 6797,
        6798, 6799, 6800, 6801, 6802, 6803, 6804, 6805, 6806, 6807, 6808, 6809,
        6810, 6811, 6812, 6813, 6814, 6815, 6816, 6817, 6818, 6819, 6820, 6821,
        6822, 6823, 6824, 6825, 6826, 6827, 6828, 6829, 6830, 6831, 6832, 6833,
        6834, 6835, 6836, 6837, 6838, 6839, 6840, 6841, 6842, 6843, 6844, 6845,
        6846, 6847, 6848, 6849, 6850, 6851, 6852, 6853, 6854, 6855, 6856, 6857,
        6858, 6859, 6860, 6861, 6862, 6863, 6864, 6865, 6866, 6867, 6868, 6869,
        6870, 6871, 6872, 6873, 6874, 6875, 6876, 6877, 6878, 6879, 6880, 6881,
        6882, 6883, 6884, 6885, 6886, 6887, 6888, 6889, 6890, 6891, 6892, 6893,
        6894, 6895, 6896, 6897, 6898, 6899, 6900, 6901, 6902, 6903, 6904, 6905,
        6906, 6907, 6908, 6909, 6910, 6911, 6912, 6913, 6914, 6915, 6916, 6917,
        6918, 6919, 6920, 6921, 6922, 6923, 6924, 6925, 6926, 6927, 6928, 6929,
        6930, 6931, 6932, 6933, 6934, 6935, 6936, 6937, 6938, 6939, 6940, 6941,
        6942, 6943, 6944, 6945, 6946, 6947, 6948, 6949, 6950, 6951, 6952, 6953,
        6954, 6955, 6956, 6957, 6958, 6959, 6960, 6961, 6962, 6963, 6964, 6965,
        6966, 6967, 6968, 6969, 6970, 6971, 6972, 6973, 6974, 6975, 6976, 6977,
        6978, 6979, 6980, 6981, 6982, 6983, 6984, 6985, 6986, 6987, 6988, 6989,
        6990, 6991, 6992, 6993, 6994, 6995, 6996, 6997, 6998, 6999, 7000, 7001,
        7002, 7003, 7004, 7005, 7006, 7007, 7008, 7009, 7010, 7011, 7012, 7013,
        7014, 7015, 7016, 7017, 7018, 7019, 7020, 7021, 7022, 7023, 7024, 7025,
        7026, 7027, 7028, 7029, 7030, 7031, 7032, 7033, 7034, 7035, 7036, 7037,
        7038, 7039, 7040, 7041, 7042, 7043, 7044, 7045, 7046, 7047, 7048, 7049,
        7050, 7051, 7052, 7053, 7054, 7055, 7056, 7057, 7058, 7059, 7060, 7061,
        7062, 7063, 7064, 7065, 7066, 7067, 7068, 7069, 7070, 7071, 7072, 7073,
        7074, 7075, 7076, 7077, 7078, 7079, 7080, 7081, 7082, 7083, 7084, 7085,
        7086, 7087, 7088, 7089, 7090, 7091, 7092, 7093, 7094, 7095, 7096, 7097,
        7098, 7099, 7100, 7101, 7102, 7103, 7104, 7105, 7106, 7107, 7108, 7109,
        7110, 7111, 7112, 7113, 7114, 7115, 7116, 7117, 7118, 7119, 7120, 7121,
        7122, 7123, 7124, 7125, 7126, 7127, 7128, 7129, 7130, 7131, 7132, 7133,
        7134, 7135, 7136, 7137, 7138, 7139, 7140, 7141, 7142, 7143, 7144, 7145,
        7146, 7147, 7148, 7149, 7150, 7151, 7152, 7153, 7154, 7155, 7156, 7157,
        7158, 7159, 7160, 7161, 7162, 7163, 7164, 7165, 7166, 7167, 7168, 7169,
        7170, 7171, 7172, 7173, 7174, 7175, 7176, 7177, 7178, 7179, 7180, 7181,
        7182, 7183, 7184, 7185, 7186, 7187, 7188, 7189, 7190, 7191, 7192, 7193,
        7194, 7195, 7196, 7197, 7198, 7199, 7200, 7201, 7202, 7203, 7204, 7205,
        7206, 7207, 7208, 7209, 7210, 7211, 7212, 7213, 7214, 7215, 7216, 7217,
        7218, 7219, 7220, 7221, 7222, 7223, 7224, 7225, 7226, 7227, 7228, 7229,
        7230, 7231, 7232, 7233, 7234, 7235, 7236, 7237, 7238, 7239, 7240, 7241,
        7242, 7243, 7244, 7245, 7246, 7247, 7248, 7249, 7250, 7251, 7252, 7253,
        7254, 7255, 7256, 7257, 7258, 7259, 7260, 7261, 7262, 7263, 7264, 7265,
        7266, 7267, 7268, 7269, 7270, 7271, 7272, 7273, 7274, 7275, 7276, 7277,
        7278, 7279, 7280, 7281, 7282, 7283, 7284, 7285, 7286, 7287, 7288, 7289,
        7290, 7291, 7292, 7293, 7294, 7295, 7296, 7297, 7298, 7299, 7300, 7301,
        7302, 7303, 7304, 7305, 7306, 7307, 7308, 7309, 7310, 7311, 7312, 7313,
        7314, 7315, 7316, 7317, 7318, 7319, 7320, 7321, 7322, 7323, 7324, 7325,
        7326, 7327, 7328, 7329, 7330, 7331, 7332, 7333, 7334, 7335, 7336, 7337,
        7338, 7339, 7340, 7341, 7342, 7343, 7344, 7345, 7346, 7347, 7348, 7349,
        7350, 7351, 7352, 7353, 7354, 7355, 7356, 7357, 7358, 7359, 7360, 7361,
        7362, 7363, 7364, 7365, 7366, 7367, 7368, 7369, 7370, 7371, 7372, 7373,
        7374, 7375, 7376, 7377, 7378, 7379, 7380, 7381, 7382, 7383, 7384, 7385,
        7386, 7387, 7388, 7389, 7390, 7391, 7392, 7393, 7394, 7395, 7396, 7397,
        7398, 7399, 7400, 7401, 7402, 7403, 7404, 7405, 7406, 7407, 7408, 7409,
        7410, 7411, 7412, 7413, 7414, 7415, 7416, 7417, 7418, 7419, 7420, 7421,
        7422, 7423, 7424, 7425, 7426, 7427, 7428, 7429, 7430, 7431, 7432, 7433,
        7434, 7435, 7436, 7437, 7438, 7439, 7440, 7441, 7442, 7443, 7444, 7445,
        7446, 7447, 7448, 7449, 7450, 7451, 7452, 7453, 7454, 7455, 7456, 7457,
        7458, 7459, 7460, 7461, 7462, 7463, 7464, 7465, 7466, 7467, 7468, 7469,
        7470, 7471, 7472, 7473, 7474, 7475, 7476, 7477, 7478, 7479, 7480, 7481,
        7482, 7483, 7484, 7485, 7486, 7487, 7488, 7489, 7490, 7491, 7492, 7493,
        7494, 7495, 7496, 7497, 7498, 7499, 7500, 7501, 7502, 7503, 7504, 7505,
        7506, 7507, 7508, 7509, 7510, 7511, 7512, 7513, 7514, 7515, 7516, 7517,
        7518, 7519, 7520, 7521, 7522, 7523, 7524, 7525, 7526, 7527, 7528, 7529,
        7530, 7531, 7532, 7533, 7534, 7535, 7536, 7537, 7538, 7539, 7540, 7541,
        7542, 7543, 7544, 7545, 7546, 7547, 7548, 7549, 7550, 7551, 7552, 7553,
        7554, 7555, 7556, 7557, 7559, 7561, 7563, 7565, 7567, 7569, 7571, 7573,
        7575, 7577, 7579, 7582, 7585, 7588, 7591, 7594, 7597, 7600, 7603, 7606,
        7609, 7612, 7615, 7618, 7621, 7624, 7627, 7630, 7633, 7636, 7639, 7642,
        7645, 7648, 7651, 7654, 7657, 7660, 7661, 7662, 7664, 7666, 7667, 7668,
        7669, 7670, 7671, 7672, 7673, 7674, 7675, 7676, 7677, 7678, 7679, 7680,
        7681, 7682, 7683, 7684, 7685, 7686, 7687, 7688, 7689, 7690, 7691, 7692,
        7694, 7696, 7698, 7700, 7703, 7705, 7707, 7709, 7711, 7713, 7715, 7717,
        7718, 7719, 7720, 7721, 7722, 7723, 7724, 7725, 7726, 7727, 7728, 7729,
        7730, 7731, 7732, 7733, 7734, 7735, 7736, 7737, 7738, 7739, 7740, 7741,
        7742, 7743, 7744, 7745, 7746, 7747, 7748, 7749, 7750, 7751, 7752, 7753,
        7754, 7755, 7756, 7757, 7758, 7759, 7760, 7761, 7762, 7765, 7768, 7771,
        7774, 7777, 7780, 7783, 7786, 7789, 7790, 7791, 7792, 7793, 7794, 7795,
        7796, 7797, 7798, 7799, 7800, 7801, 7802, 7803, 7804, 7805, 7806, 7807,
        7808, 7809, 7810, 7811, 7812, 7813, 7814, 7815, 7816, 7817, 7818, 7819,
        7820, 7821, 7822, 7823, 7824, 7825, 7826, 7827, 7828, 7829, 7830, 7831,
        7832, 7833, 7834, 7835, 7836, 7837, 7838, 7839, 7840, 7841, 7842, 7843,
        7844, 7845, 7846, 7847, 7848, 7849, 7850, 7851, 7852, 7853, 7854, 7855,
        7856, 7857, 7858, 7859, 7860, 7861, 7862, 7863, 7864, 7865, 7866, 7867,
        7868, 7869, 7870, 7871, 7872, 7873, 7874, 7875, 7876, 7877, 7878, 7879,
        7880, 7881, 7882, 7883, 7884, 7885, 7886, 7887, 7888, 7889, 7890, 7891,
        7892, 7893, 7894, 7895, 7896, 7897, 7898, 7899, 7900, 7901, 7902, 7903,
        7904, 7905, 7906, 7907, 7908, 7909, 7910, 7911, 7912, 7913, 7914, 7915,
        7916, 7917, 7918, 7919, 7920, 7921, 7922, 7923, 7924, 7925, 7926, 7927,
        7928, 7929, 7930, 7931, 7932, 7933, 7934, 7935, 7936, 7937, 7938, 7939,
        7940, 7941, 7942, 7943, 7944, 7945, 7946, 7947, 7948, 7949, 7950, 7951,
        7952, 7953, 7954, 7955, 7956, 7957, 7958, 7959, 7960, 7961, 7962, 7963,
        7964, 7965, 7966, 7967, 7968, 7969, 7970, 7971, 7972, 7973, 7974, 7975,
        7976, 7977, 7978, 7979, 7980, 7981, 7982, 7983, 7984, 7985, 7986, 7987,
        7988, 7989, 7990, 7991, 7992, 7993, 7994, 7995, 7996, 7997, 7998, 7999,
        8000, 8001, 8002, 8003, 8004, 8005, 8006, 8007, 8008, 8009, 8010, 8011,
        8012, 8013, 8014, 8015, 8016, 8017, 8018, 8019, 8020, 8021, 8022, 8023,
        8024, 8025, 8026, 8027, 8028, 8029, 8030, 8031, 8032, 8033, 8034, 8035,
        8036, 8037, 8038, 8039, 8040, 8041, 8042, 8043, 8044, 8045, 8046, 8047,
        8048, 8049, 8050, 8051, 8052, 8053, 8054, 8055, 8056, 8057, 8058, 8059,
        8060, 8061, 8062, 8063, 8064, 8065, 8066, 8067, 8068, 8069, 8070, 8071,
        8072, 8073, 8074, 8075, 8076, 8077, 8078, 8079, 8080, 8081, 8082, 8083,
        8084, 8085, 8086, 8087, 8088, 8089, 8090, 8091, 8092, 8093, 8094, 8095,
        8096, 8097, 8098, 8099, 8100, 8101, 8102, 8103, 8104, 8105, 8106, 8107,
        8108, 8109, 8110, 8111, 8112, 8113, 8114, 8115, 8116, 8117, 8118, 8119,
        8120, 8121, 8122, 8123, 8124, 8125, 8126, 8127, 8128, 8129, 8130, 8131,
        8132, 8133, 8134, 8135, 8136, 8137, 8138, 8139, 8140, 8141, 8142, 8143,
        8144, 8145, 8146, 8147, 8148, 8149, 8150, 8151, 8152, 8153, 8154, 8155,
        8156, 8157, 8158, 8159, 8160, 8161, 8162, 8163, 8164, 8165, 8166, 8167,
        8168, 8169, 8170, 8171, 8172, 8173, 8174, 8175, 8176, 8177, 8178, 8179,
        8180, 8181, 8182, 8183, 8184, 8185, 8186, 8187, 8188, 8189, 8190, 8191,
        8192, 8193, 8194, 8195, 8196, 8197, 8198, 8199, 8200, 8201, 8202, 8203,
        8204, 8205, 8206, 8207, 8208, 8209, 8210, 8211, 8212, 8213, 8214, 8215,
        8216, 8217, 8218, 8219, 8220, 8221, 8222, 8223, 8224, 8225, 8226, 8227,
        8228, 8229, 8230, 8231, 8232, 8233, 8234, 8235, 8236, 8237, 8238, 8239,
        8240, 8241, 8242, 8243, 8244, 8245, 8246, 8247, 8248, 8249, 8250, 8251,
        8252, 8253, 8254, 8255, 8256, 8257, 8258, 8259, 8260, 8261, 8262, 8263,
        8264, 8265, 8266, 8267, 8268, 8269, 8270, 8271, 8272, 8273, 8274, 8275,
        8276, 8277, 8278, 8279, 8280, 8281, 8282, 8283, 8284, 8285, 8286, 8287,
        8288, 8289, 8290, 8291, 8292, 8293, 8294, 8295, 8296, 8297, 8298, 8299,
        8300, 8301, 8302, 8303, 8304, 8305, 8306, 8307, 8308, 8309, 8310, 8311,
        8312, 8313, 8314, 8315, 8316, 8317, 8318, 8319, 8320, 8321, 8322, 8323,
        8324, 8325, 8326, 8327, 8328, 8329, 8330, 8331, 8332, 8333, 8334, 8335,
        8336, 8337, 8338, 8339, 8340, 8341, 8342, 8343, 8343, 8343, 8343, 8343,
        8343, 8343, 8343, 8343, 8343, 8343, 8343, 8343, 8343, 8343, 8343, 8343,
        8343, 8343, 8343, 8343, 8343, 8343, 8343, 8343, 8343, 8343, 8343, 8343,
        8343, 8343, 8343, 8343, 8343, 8343, 8343, 8343, 8343, 8343, 8343, 8343,
        8343, 8343, 8343, 8343, 8343, 8343, 8343, 8343, 8343, 8343, 8343, 8343,
        8343, 8343, 8343, 8343, 8343, 8343, 8343, 8343, 8343, 8343, 8343, 8343,
        8343, 8343, 8343, 8343, 8343, 8343, 8343, 8343, 8343, 8343, 8343, 8343,
        8343, 8343, 8343, 8343, 8343, 8343, 8343, 8343, 8343, 8343, 8343, 8343,
        8343, 8343, 8343, 8343, 8343, 8343, 8343, 8343, 8343, 8343, 8343, 8343,
        8343, 8343, 8343, 8343, 8343, 8343, 8343, 8343, 8343, 8343, 8343, 8343,
        8343, 8343, 8343, 8343, 8343, 8343, 8343, 8343, 8343, 8343, 8343, 8343,
        8343, 8343, 8343, 8343, 8343, 8343, 8343, 8343, 8343, 8343, 8343, 8343,
        8343, 8343, 8343, 8343, 8343, 8343, 8343, 8343, 8343, 8343, 8343, 8343,
        8343, 8343, 8343, 8343, 8343, 8343, 8343, 8343, 8343, 8343, 8343, 8343,
        8343, 8343, 8343, 8343, 8343, 8343, 8343, 8343, 8343, 8343, 8343, 8343,
        8343, 8343, 8343, 8343, 8343, 8343, 8343, 8343, 8343, 8343, 8343, 8343,
        8343, 8343, 8343, 8343, 8343, 8343, 8343, 8343, 8343, 8343, 8343, 8343,
        8343, 8343, 8343, 8343, 8343, 8343, 8343, 8343, 8343, 8343, 8343, 8343,
        8343, 8343, 8343, 8343, 8343, 8343, 8343, 8343, 8343, 8343, 8343, 8343,
        8343, 8343, 8343, 8343, 8343, 8343, 8343, 8343, 8343, 8343, 8343, 8343,
        8343, 8343, 8343, 8343, 8343, 8343, 8343, 8343, 8343, 8343, 8343, 8343,
        8343, 8343, 8343, 8343, 8343, 8343, 8343, 8343, 8343, 8343, 8343, 8343,
        8343, 8343, 8343, 8343, 8343, 8343, 8343, 8343, 8343, 8343, 8343, 8343,
        8343, 8343, 8343, 8343, 8343, 8343, 8343, 8343, 8343, 8343, 8343, 8343,
        8343, 8343, 8343, 8343, 8343, 8343, 8343, 8343, 8343, 8343, 8343, 8343,
        8343, 8343, 8343, 8343, 8343, 8343, 8343, 8343, 8343, 8343, 8343, 8343,
        8343, 8343, 8343, 8343, 8343, 8343, 8343, 8343, 8343, 8343, 8343, 8343,
        8343, 8343, 8343, 8343, 8343, 8343, 8343, 8343, 8343, 8343, 8343, 8343,
        8343, 8343, 8343, 8343, 8343, 8343, 8343, 8343, 8343, 8343, 8343, 8343,
        8343, 8343, 8343, 8343, 8343, 8343, 8343, 8343, 8343, 8343, 8343, 8343,
        8343, 8343, 8343, 8343, 8343, 8343, 8343, 8343, 8343, 8343, 8343, 8343,
        8343, 8343, 8343, 8343, 8343, 8343, 8343, 8343, 8343, 8343, 8343, 8343,
        8343, 8343, 8343, 8343, 8343, 8343, 8343, 8343, 8343, 8343, 8343, 8343,
        8343, 8343, 8343, 8343, 8343, 8343, 8343, 8343, 8343, 8343, 8343, 8343,
        8343, 8343, 8343, 8343, 8343, 8343, 8343, 8343, 8343, 8343, 8343, 8343,
        8343, 8343, 8343, 8343, 8343, 8343, 8343, 8343, 8343, 8343, 8343, 8343,
        8343, 8343, 8343, 8343, 8343, 8343, 8343, 8343, 8343, 8343, 8343, 8343,
        8343, 8343, 8343, 8343, 8343, 8343, 8343, 8343, 8343, 8343, 8343, 8343,
        8343, 8343, 8343, 8343, 8343, 8343, 8343, 8343, 8343, 8343, 8343, 8343,
        8343, 8343, 8343, 8343, 8343, 8343, 8343, 8343, 8343, 8343, 8343, 8343,
        8343, 8343, 8343, 8343, 8343, 8343, 8343, 8343, 8343, 8343, 8343, 8343,
        8343, 8343, 8343, 8343, 8343, 8343, 8343, 8343, 8343, 8343, 8343, 8343,
        8343, 8343, 8343, 8343, 8343, 8343, 8343, 8343, 8343, 8343, 8343, 8343,
        8343, 8343, 8343, 8343, 8343, 8343, 8343, 8343, 8343, 8343, 8343, 8343,
        8343, 8343, 8343, 8343, 8343, 8343, 8343, 8343, 8343, 8343, 8343, 8343,
        8343, 8343, 8343, 8343, 8343, 8343, 8343, 8343, 8343, 8343, 8343, 8343,
        8343, 8343, 8343, 8343, 8343, 8343, 8343, 8343, 8343, 8343, 8343, 8343,
        8343, 8343, 8343, 8343, 8343, 8343, 8343, 8343, 8343, 8343, 8343, 8343,
        8343, 8343, 8343, 8343, 8343, 8343, 8343, 8343, 8343, 8343, 8343, 8343,
        8343, 8343, 8343, 8343, 8343, 8343, 8343, 8343, 8343, 8343, 8343, 8343,
        8343, 8343, 8343, 8343, 8343, 8343, 8343, 8343, 8343, 8343, 8343, 8343,
        8343, 8343, 8343, 8343, 8343, 8343, 8343, 8343, 8343, 8343, 8343, 8343,
        8343, 8343, 8343, 8343, 8343, 8343, 8343, 8343, 8343, 8343, 8343, 8343,
        8343, 8343, 8343, 8343, 8343, 8343, 8343, 8343, 8343, 8343, 8343, 8343,
        8343, 8343, 8343, 8343, 8343, 8343, 8343, 8343, 8343, 8343, 8343, 8343,
        8343, 8343, 8343, 8343, 8343, 8343, 8343, 8343, 8343, 8343, 8343, 8343,
        8343, 8343, 8343, 8343, 8343, 8343, 8343, 8343, 8343, 8343, 8343, 8343,
        8343, 8343, 8343, 8343, 8343, 8343, 8343, 8343, 8343, 8343, 8343, 8343,
        8343, 8343, 8343, 8343, 8343, 8343, 8343, 8343, 8343, 8343, 8343, 8343,
        8343, 8343, 8343, 8343, 8343, 8343, 8343, 8343, 8343, 8343, 8343, 8343,
        8343, 8343, 8343, 8343, 8343, 8343, 8343, 8343, 8343, 8343, 8343, 8343,
        8343, 8343, 8343, 8343, 8343, 8343, 8343, 8343, 8343, 8343, 8343, 8343,
        8343, 8343, 8343, 8343, 8343, 8343, 8343, 8343, 8343, 8343, 8343, 8343,
        8343, 8343, 8343, 8343, 8343, 8343, 8343, 8343, 8343, 8343, 8343, 8343,
        8343, 8343, 8343, 8343, 8343, 8343, 8343, 8343, 8343, 8343, 8343, 8343,
        8343, 8343, 8343, 8343, 8343, 8343, 8343, 8343, 8343, 8343, 8343, 8343,
        8343, 8343, 8343, 8343, 8343, 8343, 8343, 8343, 8343, 8343, 8343, 8343,
        8343, 8343, 8343, 8343, 8343, 8343, 8343, 8343, 8343, 8343, 8343, 8343,
        8343, 8343, 8343, 8343, 8343, 8343, 8343, 8343, 8343, 8343, 8343, 8343,
        8343, 8343, 8343, 8343, 8343, 8343, 8343, 8343, 8343, 8343, 8343, 8343,
        8343, 8343, 8343, 8343, 8343, 8343, 8343, 8343, 8343, 8343, 8343, 8343,
        8343, 8343, 8343, 8343, 8343, 8343, 8343, 8343, 8343, 8343, 8343, 8343,
        8343, 8343, 8343, 8343, 8343, 8343, 8343, 8343, 8343, 8343, 8343, 8343,
        8343, 8343, 8343, 8343, 8343, 8343, 8343, 8343, 8343, 8343, 8343, 8343,
        8343, 8343, 8343, 8343, 8343, 8343, 8343, 8343, 8343, 8343, 8343, 8343,
        8343, 8343, 8343, 8343, 8343, 8343, 8343, 8343, 8343, 8343, 8343, 8343,
        8343, 8343, 8343, 8343, 8343, 8343, 8343, 8343, 8343, 8343, 8343, 8343,
        8343, 8343, 8343, 8343, 8343, 8343, 8343, 8343, 8343, 8343, 8343, 8343,
        8343, 8343, 8343, 8343, 8343, 8343, 8343, 8343, 8343, 8343, 8343, 8343,
        8343, 8343, 8343, 8343, 8343, 8343, 8343, 8343, 8343, 8343, 8343, 8343,
        8343, 8343, 8343, 8343, 8343, 8343, 8343, 8343, 8343, 8343, 8343, 8343,
        8343, 8343, 8343, 8343, 8343, 8343, 8343, 8343, 8343, 8343, 8343, 8343,
        8343, 8343, 8343, 8343, 8343, 8343, 8343, 8343, 8343, 8343, 8343, 8343,
        8343, 8343, 8343, 8343, 8343, 8343, 8343, 8343, 8343, 8343, 8343, 8343,
        8343, 8343, 8343, 8343, 8343, 8343, 8343, 8343, 8343, 8343, 8343, 8343,
        8343, 8343, 8343, 8343, 8343, 8343, 8343, 8343, 8343, 8343, 8343, 8343,
        8343, 8343, 8343, 8343, 8343, 8343, 8343, 8343, 8343, 8343, 8343, 8343,
        8343, 8343, 8343, 8343, 8343, 8343, 8343, 8343, 8343, 8343, 8343, 8343,
        8343, 8343, 8343, 8343, 8343, 8343, 8343, 8343, 8343, 8343, 8343, 8343,
        8343, 8343, 8343, 8343, 8343, 8343, 8343, 8343, 8343, 8343, 8343, 8343,
        8343, 8343, 8343, 8343, 8343, 8343, 8343, 8343, 8343, 8343, 8343, 8343,
        8343, 8343, 8343, 8343, 8343, 8343, 8343, 8343, 8343, 8343, 8343, 8343,
        8343, 8343, 8343, 8343, 8343, 8343, 8343, 8343, 8343, 8343, 8343, 8343,
        8343, 8343, 8343, 8343, 8343, 8343, 8343, 8343, 8343, 8343, 8343, 8343,
        8343, 8343, 8343, 8343, 8343, 8343, 8343, 8343, 8343, 8343, 8343, 8343,
        8343, 8343, 8343, 8343, 8343, 8343, 8343, 8343, 8343, 8343, 8343, 8343,
        8343, 8343, 8343, 8343, 8343, 8343, 8343, 8343, 8343, 8343, 8343, 8343,
        8343, 8343, 8343, 8343, 8343, 8343, 8343, 8343, 8343, 8343, 8343, 8343,
        8343, 8343, 8343, 8343, 8343, 8343, 8343, 8343, 8343, 8343, 8343, 8343,
        8343, 8343, 8343, 8343, 8343, 8343, 8343, 8343, 8343, 8343, 8343, 8343,
        8343, 8343, 8343, 8343, 8343, 8343, 8343, 8343, 8343, 8343, 8343, 8343,
        8343, 8343, 8343, 8343, 8343, 8343, 8343, 8343, 8343, 8343, 8343, 8343,
        8343, 8343, 8343, 8343, 8343, 8343, 8343, 8343, 8343, 8343, 8343, 8343,
        8343, 8343, 8343, 8343, 8343, 8343, 8343, 8343, 8343, 8343, 8343, 8343,
        8343, 8343, 8343, 8343, 8343, 8343, 8343, 8343, 8343, 8343, 8343, 8343,
        8343, 8343, 8343, 8343, 8343, 8343, 8343, 8343, 8343, 8343, 8343, 8343,
        8343, 8343, 8343, 8343, 8343, 8343, 8343, 8343, 8343, 8343, 8343, 8343,
        8343, 8343, 8343, 8343, 8343, 8343, 8343, 8343, 8343, 8343, 8343, 8343,
        8343, 8343, 8343, 8343, 8343, 8343, 8343, 8343, 8343, 8343, 8343, 8343,
        8343, 8343, 8343, 8343, 8343, 8343, 8343, 8343, 8343, 8343, 8343, 8343,
        8343, 8343, 8343, 8343, 8343, 8343, 8343, 8343, 8343, 8343, 8343, 8343,
        8343, 8343, 8343, 8343, 8343, 8343, 8343, 8343, 8343, 8343, 8343, 8343,
        8343, 8343, 8343, 8343, 8343, 8343, 8343, 8343, 8343, 8343, 8343, 8343,
        8343, 8343, 8343, 8343, 8343, 8343, 8343, 8343, 8343, 8343, 8343, 8343,
        8343, 8343, 8343, 8343, 8343, 8343, 8343, 8343, 8343, 8343, 8343, 8343,
        8343, 8343, 8343, 8343, 8343, 8343, 8343, 8343, 8343, 8343, 8343, 8343,
        8343, 8343, 8343, 8343, 8343, 8343, 8343, 8343, 8343, 8343, 8343, 8343,
        8343, 8343, 8343, 8343, 8343, 8343, 8343, 8343, 8343, 8343, 8343, 8343,
        8343, 8343, 8343, 8343, 8343, 8343, 8343, 8343, 8343, 8343, 8343, 8343,
        8343, 8343, 8343, 8343, 8343, 8343, 8343, 8343, 8343, 8343, 8343, 8343,
        8343, 8343, 8343, 8343, 8343, 8343, 8343, 8343, 8343, 8343, 8343, 8343,
        8343, 8343, 8343, 8343, 8343, 8343, 8343, 8343, 8343, 8343, 8343, 8343,
        8343, 8343, 8343, 8343, 8343, 8343, 8343, 8343, 8343, 8343, 8343, 8343,
        8343, 8343, 8343, 8343, 8343, 8343, 8343, 8343, 8343, 8343, 8343, 8343,
        8343, 8343, 8343, 8343, 8343, 8343, 8343, 8343, 8343, 8343, 8343, 8343,
        8343, 8343, 8343, 8343, 8343, 8343, 8343, 8343, 8343, 8343, 8343, 8343,
        8343, 8343, 8343, 8343, 8343, 8343, 8343, 8343, 8343, 8343, 8343, 8343,
        8343, 8343, 8343, 8343, 8343, 8343, 8343, 8343, 8343, 8343, 8343, 8343,
        8343, 8343, 8343, 8343, 8343, 8343, 8343, 8343, 8343, 8343, 8343, 8343,
        8343, 8343, 8343, 8343, 8343, 8343, 8343, 8343, 8343, 8343, 8343, 8343,
        8343, 8343, 8343, 8343, 8343, 8343, 8343, 8343, 8343, 8343, 8343, 8343,
        8343, 8343, 8343, 8343, 8343, 8343, 8343, 8343, 8343, 8343, 8343, 8343,
        8343, 8343, 8343, 8343, 8343, 8343, 8343, 8343, 8343, 8343, 8343, 8343,
        8343, 8343, 8343, 8343, 8343, 8343, 8343, 8343, 8343, 8343, 8343, 8343,
        8343, 8343, 8343, 8343, 8343, 8343, 8343, 8343, 8343, 8343, 8343, 8343,
        8343, 8343, 8343, 8343, 8343, 8343, 8343, 8343, 8343, 8343, 8343, 8343,
        8343, 8343, 8343, 8343, 8343, 8343, 8343, 8343, 8343, 8343, 8343, 8343,
        8343, 8343, 8343, 8343, 8343, 8343, 8343, 8343, 8343, 8343, 8343, 8343,
        8343, 8343, 8343, 8343, 8343, 8343, 8343, 8343, 8343, 8343, 8343, 8343,
        8343, 8343, 8343, 8343, 8343, 8343, 8343, 8343, 8343, 8343, 8343, 8343,
        8343, 8343, 8343, 8343, 8343, 8343, 8343, 8343, 8343, 8343, 8343, 8343,
        8343, 8343, 8343, 8343, 8343, 8343, 8343, 8343, 8343, 8343, 8343, 8343,
        8343, 8343, 8343, 8343, 8343, 8343, 8343, 8343, 8343, 8343, 8343, 8343,
        8343, 8343, 8343, 8343, 8343, 8343, 8343, 8343, 8343, 8343, 8343, 8343,
        8343, 8343, 8343, 8343, 8343, 8343, 8343, 8343, 8343, 8343, 8343, 8343,
        8343, 8343, 8343, 8343, 8343, 8343, 8343, 8343, 8343, 8343, 8343, 8343,
        8343, 8343, 8343, 8343, 8343, 8343, 8343, 8343, 8343, 8343, 8343, 8343,
        8343, 8343, 8343, 8343, 8343, 8343, 8343, 8343, 8343, 8343, 8343, 8343,
        8343, 8343, 8343, 8343, 8343, 8343, 8343, 8343, 8343, 8343, 8343, 8343,
        8343, 8343, 8343, 8343, 8343, 8343, 8343, 8343, 8343, 8343, 8343, 8343,
        8343, 8343, 8343, 8343, 8343, 8343, 8343, 8343, 8343, 8343, 8343, 8343,
        8343, 8343, 8343, 8343, 8343, 8343, 8343, 8343, 8343, 8343, 8343, 8343,
        8343, 8343, 8343, 8343, 8343, 8343, 8343, 8343, 8343, 8343, 8343, 8343,
        8343, 8343, 8343, 8343, 8343, 8343, 8343, 8343, 8343, 8343, 8343, 8343,
        8343, 8343, 8343, 8343, 8343, 8343, 8343, 8343, 8343, 8343, 8343, 8343,
        8343, 8343, 8343, 8343, 8343, 8343, 8343, 8343, 8343, 8343, 8343, 8343,
        8343, 8343, 8343, 8343, 8343, 8343, 8343, 8343, 8343, 8343, 8343, 8343,
        8343, 8343, 8343, 8343, 8343, 8343, 8343, 8343, 8343, 8343, 8343, 8343,
        8343, 8343, 8343, 8343, 8343, 8343, 8343, 8343, 8343, 8343, 8343, 8343,
        8343, 8343, 8343, 8343, 8343, 8343, 8343, 8343, 8343, 8343, 8343, 8343,
        8343, 8343, 8343, 8343, 8343, 8343, 8343, 8343, 8343, 8343, 8343, 8343,
        8343, 8343, 8343, 8343, 8343, 8343, 8343, 8343, 8343, 8343, 8343, 8343,
        8343, 8343, 8343, 8343, 8343, 8343, 8343, 8343, 8343, 8343, 8343, 8343,
        8343, 8343, 8343, 8343, 8343, 8343, 8343, 8343, 8343, 8343, 8343, 8343,
        8343, 8343, 8343, 8343, 8343, 8343, 8343, 8343, 8343, 8343, 8343, 8343,
        8343, 8343, 8343, 8343, 8343, 8343, 8343, 8343, 8343, 8343, 8343, 8343,
        8343, 8343, 8343, 8343, 8343, 8343, 8343, 8343, 8343, 8343, 8343, 8343,
        8343, 8343, 8343, 8343, 8343, 8343, 8343, 8343, 8343, 8343, 8343, 8343,
        8343, 8343, 8343, 8343, 8343, 8343, 8343, 8343, 8343, 8343, 8343, 8343,
        8343, 8343, 8343, 8343, 8343, 8343, 8343, 8343, 8343, 8343, 8343, 8343,
        8343, 8343, 8343, 8343, 8343, 8343, 8343, 8343, 8343, 8343, 8343, 8343,
        8343, 8343, 8343, 8343, 8343, 8343, 8343, 8343, 8343, 8343, 8343, 8343,
        8343, 8343, 8343, 8343, 8343, 8343, 8343, 8343, 8343, 8343, 8343, 8343,
        8343, 8343, 8343, 8343, 8343, 8343, 8343, 8343, 8343, 8343, 8343, 8343,
        8343, 8343, 8343, 8343, 8343, 8343, 8343, 8343, 8343, 8343, 8343, 8343,
        8343, 8343, 8343, 8343, 8343, 8343, 8343, 8343, 8343, 8343, 8343, 8343,
        8343, 8343, 8343, 8343, 8343, 8343, 8343, 8343, 8343, 8343, 8343, 8343,
        8343, 8343, 8343, 8343, 8343, 8343, 8343, 8343, 8343, 8343, 8343, 8343,
        8343, 8343, 8343, 8343, 8343, 8343, 8343, 8343, 8343, 8343, 8343, 8343,
        8343, 8343, 8343, 8343, 8343, 8343, 8343, 8343, 8343, 8343, 8343, 8343,
        8343, 8343, 8343, 8343, 8343, 8343, 8343, 8343, 8343, 8343, 8343, 8343,
        8343, 8343, 8343, 8343, 8343, 8343, 8343, 8343, 8343, 8343, 8343, 8343,
        8343, 8343, 8343, 8343, 8343, 8343, 8343, 8343, 8343, 8343, 8343, 8343,
        8343, 8343, 8343, 8343, 8343, 8343, 8343, 8343, 8343, 8343, 8343, 8343,
        8343, 8343, 8343, 8343, 8343, 8343, 8343, 8343, 8343, 8343, 8343, 8343,
        8343, 8343, 8343, 8343, 8343, 8343, 8343, 8343, 8343, 8343, 8343, 8343,
        8343, 8343, 8343, 8343, 8343, 8343, 8343, 8343, 8343, 8343, 8343, 8343,
        8343, 8343, 8343, 8343, 8343, 8343, 8343, 8343, 8343, 8343, 8343, 8343,
        8343, 8343, 8343, 8343, 8343, 8343, 8343, 8343, 8343, 8343, 8343, 8343,
        8343, 8343, 8343, 8343, 8343, 8343, 8343, 8343, 8343, 8343, 8343, 8343,
        8343, 8343, 8343, 8343, 8343, 8343, 8343, 8343, 8343, 8343, 8343, 8343,
        8343, 8343, 8343, 8343, 8343, 8343, 8343, 8343, 8343, 8343, 8343, 8343,
        8343, 8343, 8343, 8343, 8343, 8343, 8343, 8343, 8343, 8343, 8343, 8343,
        8343, 8343, 8343, 8343, 8343, 8343, 8343, 8343, 8343, 8343, 8343, 8343,
        8343, 8343, 8343, 8343, 8343, 8343, 8343, 8343, 8343, 8343, 8343, 8343,
        8343, 8343, 8343, 8343, 8343, 8343, 8343, 8343, 8343, 8343, 8343, 8343,
        8343, 8343, 8343, 8343, 8343, 8343, 8343, 8343, 8343, 8343, 8343, 8343,
        8343, 8343, 8343, 8343, 8343, 8343, 8343, 8343, 8343, 8343, 8343, 8343,
        8343, 8343, 8343, 8343, 8343, 8343, 8343, 8343, 8343, 8343, 8343, 8343,
        8343, 8343, 8343, 8343, 8343, 8343, 8343, 8343, 8343, 8343, 8343, 8343,
        8343, 8343, 8343, 8343, 8343, 8343, 8343, 8343, 8343, 8343, 8343, 8343,
        8343, 8343, 8343, 8343, 8343, 8343, 8343, 8343, 8343, 8343, 8343, 8343,
        8343, 8343, 8343, 8343, 8343, 8343, 8343, 8343, 8343, 8343, 8343, 8343,
        8343, 8343, 8343, 8343, 8343, 8343, 8343, 8343, 8343, 8343, 8343, 8343,
        8343, 8343, 8343, 8343, 8343, 8343, 8343, 8343, 8343, 8343, 8343, 8343,
        8343, 8343, 8343, 8343, 8343, 8343, 8343, 8343, 8343, 8343, 8343, 8343,
        8343, 8343, 8343, 8343, 8343, 8343, 8343, 8343, 8343, 8343, 8343, 8343,
        8343, 8343, 8343, 8343, 8343, 8343, 8343, 8343, 8343, 8343, 8343, 8343,
        8343, 8343, 8343, 8343, 8343, 8343, 8343, 8343, 8343, 8343, 8343, 8343,
        8343, 8343, 8343, 8343, 8343, 8343, 8343, 8343, 8343, 8343, 8343, 8343,
        8343, 8343, 8343, 8343, 8343, 8343, 8343, 8343, 8343, 8343, 8343, 8343,
        8343, 8343, 8343, 8343, 8343, 8343, 8343, 8343, 8343, 8343, 8343, 8343,
        8343, 8343, 8343, 8343, 8343, 8343, 8343, 8343, 8343, 8343, 8343, 8343,
        8343, 8343, 8343, 8343, 8343, 8343, 8343, 8343, 8343, 8343, 8343, 8343,
        8343, 8343, 8343, 8343, 8343, 8343, 8343, 8343, 8343, 8343, 8343, 8343,
        8343, 8343, 8343, 8343, 8343, 8343, 8343, 8343, 8343, 8343, 8343, 8343,
        8343, 8343, 8343, 8343, 8343, 8343, 8343, 8343, 8343, 8343, 8343, 8343,
        8343, 8343, 8343, 8343, 8343, 8343, 8343, 8343, 8343, 8343, 8343, 8343,
        8343, 8343, 8343, 8343, 8343, 8343, 8343, 8343, 8343, 8343, 8343, 8343,
        8343, 8343, 8343, 8343, 8343, 8343, 8343, 8343, 8343, 8343, 8343, 8343,
        8343, 8343, 8343, 8343, 8343, 8343, 8343, 8343, 8343, 8343, 8343, 8343,
        8343, 8343, 8343, 8343, 8343, 8343, 8343, 8343, 8343, 8343, 8343, 8343,
        8343, 8343, 8343, 8343, 8343, 8343, 8343, 8343, 8343, 8343, 8343, 8343,
        8343, 8343, 8343, 8343, 8343, 8343, 8343, 8343, 8343, 8343, 8343, 8343,
        8343, 8343, 8343, 8343, 8343, 8343, 8343, 8343, 8343, 8343, 8343, 8343,
        8343, 8343, 8343, 8343, 8343, 8343, 8343, 8343, 8343, 8343, 8343, 8343,
        8343, 8343, 8343, 8343, 8343, 8343, 8343, 8343, 8343, 8343, 8343, 8343,
        8343, 8343, 8343, 8343, 8343, 8343, 8343, 8343, 8343, 8343, 8343, 8343,
        8343, 8343, 8343, 8343, 8343, 8343, 8343, 8343, 8343, 8343, 8343, 8343,
        8343, 8343, 8343, 8343, 8343, 8343, 8343, 8343, 8343, 8343, 8343, 8343,
        8343, 8343, 8343, 8343, 8343, 8343, 8343, 8343, 8343, 8343, 8343, 8343,
        8343, 8343, 8343, 8343, 8343, 8343, 8343, 8343, 8343, 8343, 8343, 8343,
        8343, 8343, 8343, 8343, 8343, 8343, 8343, 8343, 8343, 8343, 8343, 8343,
        8343, 8343, 8343, 8343, 8343, 8343, 8343, 8343, 8343, 8343, 8343, 8343,
        8343, 8343, 8343, 8343, 8343, 8343, 8343, 8343, 8343, 8343, 8343, 8343,
        8343, 8343, 8343, 8343, 8343, 8343, 8343, 8343, 8343, 8343, 8343, 8343,
        8343, 8343, 8343, 8343, 8343, 8343, 8343, 8343, 8343, 8343, 8343, 8343,
        8343, 8343, 8343, 8343, 8343, 8343, 8343, 8343, 8343, 8343, 8343, 8343,
        8343, 8343, 8343, 8343, 8343, 8343, 8343, 8343, 8343, 8343, 8343, 8343,
        8343, 8343, 8343, 8343, 8343, 8343, 8343, 8343, 8343, 8343, 8343, 8343,
        8343, 8343, 8343, 8343, 8343, 8343, 8343, 8343, 8343, 8343, 8343, 8343,
        8343, 8343, 8343, 8343, 8343, 8343, 8343, 8343, 8343, 8343, 8343, 8343,
        8343, 8343, 8343, 8343, 8343, 8343, 8343, 8343, 8343, 8343, 8343, 8343,
        8343, 8343, 8343, 8343, 8343, 8343, 8343, 8343, 8343, 8343, 8343, 8343,
        8343, 8343, 8343, 8343, 8343, 8343, 8343, 8343, 8343, 8343, 8343, 8343,
        8343, 8343, 8343, 8343, 8343, 8343, 8343, 8343, 8343, 8343, 8343, 8343,
        8343, 8343, 8343, 8343, 8343, 8343, 8343, 8343, 8343, 8343, 8343, 8343,
        8343, 8343, 8343, 8343, 8343, 8343, 8343, 8343, 8343, 8343, 8343, 8343,
        8343, 8343, 8343, 8343, 8343, 8343, 8343, 8343, 8343, 8343, 8343, 8343,
        8343, 8343, 8343, 8343, 8343, 8343, 8343, 8343, 8343, 8343, 8343, 8343,
        8343, 8343, 8343, 8343, 8343, 8343, 8343, 8343, 8343, 8343, 8343, 8343,
        8343, 8343, 8343, 8343, 8343, 8343, 8343, 8343, 8343, 8343, 8343, 8343,
        8343, 8343, 8343, 8343, 8343, 8343, 8343, 8343, 8343, 8343, 8343, 8343,
        8343, 8343, 8343, 8343, 8343, 8343, 8343, 8343, 8343, 8343, 8343, 8343,
        8343, 8343, 8343, 8343, 8343, 8343, 8343, 8343, 8343, 8343, 8343, 8343,
        8343, 8343, 8343, 8343, 8343, 8343, 8343, 8343, 8343, 8343, 8343, 8343,
        8343, 8343, 8343, 8343, 8343, 8343, 8343, 8343, 8343, 8343, 8343, 8343,
        8343, 8343, 8343, 8343, 8343, 8343, 8343, 8343, 8343, 8343, 8343, 8343,
        8343, 8343, 8343, 8343, 8343, 8343, 8343, 8343, 8343, 8343, 8343, 8343,
        8343, 8343, 8343, 8343, 8343, 8343, 8343, 8343, 8343, 8343, 8343, 8343,
        8343, 8343, 8343, 8343, 8343, 8343, 8343, 8343, 8343, 8343, 8343, 8343,
        8343, 8343, 8343, 8343, 8343, 8343, 8343, 8343, 8343, 8343, 8343, 8343,
        8343, 8343, 8343, 8343, 8343, 8343, 8343, 8343, 8343, 8343, 8343, 8343,
        8343, 8343, 8343, 8343, 8343, 8343, 8343, 8343, 8343, 8343, 8343, 8343,
        8343, 8343, 8343, 8343, 8343, 8343, 8343, 8343, 8343, 8343, 8343, 8343,
        8343, 8343, 8343, 8343, 8343, 8343, 8343, 8343, 8343, 8343, 8343, 8343,
        8343, 8343, 8343, 8343, 8343, 8343, 8343, 8343, 8343, 8343, 8343, 8343,
        8343, 8343, 8343, 8343, 8343, 8343, 8343, 8343, 8343, 8343, 8343, 8343,
        8343, 8343, 8343, 8343, 8343, 8343, 8343, 8343, 8343, 8343, 8343, 8343,
        8343, 8343, 8343, 8343, 8343, 8343, 8343, 8343, 8343, 8343, 8343, 8343,
        8343, 8343, 8343, 8343, 8343, 8343, 8343, 8343, 8343, 8343, 8343, 8343,
        8343, 8343, 8343, 8343, 8343, 8343, 8343, 8343, 8343, 8343, 8343, 8343,
        8343, 8343, 8343, 8343, 8343, 8343, 8343, 8343, 8343, 8343, 8343, 8343,
        8343, 8343, 8343, 8343, 8343, 8343, 8343, 8343, 8343, 8343, 8343, 8343,
        8343, 8343, 8343, 8343, 8343, 8343, 8343, 8343, 8343, 8343, 8343, 8343,
        8343, 8343, 8343, 8343, 8343, 8343, 8343, 8343, 8343, 8343, 8343, 8343,
        8343, 8343, 8343, 8343, 8343, 8343, 8343, 8343, 8343, 8343, 8343, 8343,
        8343, 8343, 8343, 8343, 8343, 8343, 8343, 8343, 8343, 8343, 8343, 8343,
        8343, 8343, 8343, 8343, 8343, 8343, 8343, 8343, 8343, 8343, 8343, 8343,
        8343, 8343, 8343, 8343, 8343, 8343, 8343, 8343, 8343, 8343, 8343, 8343,
        8343, 8343, 8343, 8343, 8343, 8343, 8343, 8343, 8343, 8343, 8343, 8343,
        8343, 8343, 8343, 8343, 8343, 8343, 8343, 8343, 8343, 8343, 8343, 8343,
        8343, 8343, 8343, 8343, 8343, 8343, 8343, 8343, 8343, 8343, 8343, 8343,
        8343, 8343, 8343, 8343, 8343, 8343, 8343, 8343, 8343, 8343, 8343, 8343,
        8343, 8343, 8343, 8343, 8343, 8343, 8343, 8343, 8343, 8343, 8343, 8343,
        8343, 8343, 8343, 8343, 8343, 8343, 8343, 8343, 8343, 8343, 8343, 8343,
        8343, 8343, 8343, 8343, 8343, 8343, 8343, 8343, 8343, 8343, 8343, 8343,
        8343, 8343, 8343, 8343, 8343, 8343, 8343, 8343, 8343, 8343, 8343, 8343,
        8343, 8343, 8343, 8343, 8343, 8343, 8343, 8343, 8343, 8343, 8343, 8343,
        8343, 8343, 8343, 8343, 8343, 8343, 8343, 8343, 8343, 8343, 8343, 8343,
        8343, 8343, 8343, 8343, 8343, 8343, 8343, 8343, 8343, 8343, 8343, 8343,
        8343, 8343, 8343, 8343, 8343, 8343, 8343, 8343, 8343, 8343, 8343, 8343,
        8343, 8343, 8343, 8343, 8343, 8343, 8343, 8343, 8343, 8343, 8343, 8343,
        8343, 8343, 8343, 8343, 8343, 8343, 8343, 8343, 8343, 8343, 8343, 8343,
        8343, 8343, 8343, 8343, 8343, 8343, 8343, 8343, 8343, 8343, 8343, 8343,
        8343, 8343, 8343, 8343, 8343, 8343, 8343, 8343, 8343, 8343, 8343, 8343,
        8343, 8343, 8343, 8343, 8343, 8343, 8343, 8343, 8343, 8343, 8343, 8343,
        8343, 8343, 8343, 8343, 8343, 8343, 8343, 8343, 8343, 8343, 8343, 8343,
        8343, 8343, 8343, 8343, 8343, 8343, 8343, 8343, 8343, 8343, 8343, 8343,
        8343, 8343, 8343, 8343, 8343, 8343, 8343, 8343, 8343, 8343, 8343, 8343,
        8343, 8343, 8343, 8343, 8343, 8343, 8343, 8343, 8343, 8343, 8343, 8343,
        8343, 8343, 8343, 8343, 8343, 8343, 8343, 8343, 8343, 8343, 8343, 8343,
        8343, 8343, 8343, 8343, 8343, 8343, 8343, 8343, 8343, 8343, 8343, 8343,
        8343, 8343, 8343, 8343, 8343, 8343, 8343, 8343, 8343, 8343, 8343, 8343,
        8343, 8343, 8343, 8343, 8343, 8343, 8343, 8343, 8343, 8343, 8343, 8343,
        8343, 8343, 8343, 8343, 8343, 8343, 8343, 8343, 8343, 8343, 8343, 8343,
        8343, 8343, 8343, 8343, 8343, 8343, 8343, 8343, 8343, 8343, 8343, 8343,
        8343, 8343, 8343, 8343, 8343, 8343, 8343, 8343, 8343, 8343, 8343, 8343,
        8343, 8343, 8343, 8343, 8343, 8343, 8343, 8343, 8343, 8343, 8343, 8343,
        8343, 8343, 8343, 8343, 8343, 8343, 8343, 8343, 8343, 8343, 8343, 8343,
        8343, 8343, 8343, 8343, 8343, 8343, 8343, 8343, 8343, 8343, 8343, 8343,
        8343, 8343, 8343, 8343, 8343, 8343, 8343, 8343, 8343, 8343, 8343, 8343,
        8343, 8343, 8343, 8343, 8343, 8343, 8343, 8343, 8343, 8343, 8343, 8343,
        8343, 8343, 8343, 8343, 8343, 8343, 8343, 8343, 8343, 8343, 8343, 8343,
        8343, 8343, 8343, 8343, 8343, 8343, 8343, 8343, 8343, 8343, 8343, 8343,
        8343, 8343, 8343, 8343, 8343, 8343, 8343, 8343, 8343, 8343, 8343, 8343,
        8343, 8343, 8343, 8343, 8343, 8343, 8343, 8343, 8343, 8343, 8343, 8343,
        8343, 8343, 8343, 8343, 8343, 8343, 8343, 8343, 8343, 8343, 8343, 8343,
        8343, 8343, 8343, 8343, 8343, 8343, 8343, 8343, 8343, 8343, 8343, 8343,
        8343, 8343, 8343, 8343, 8343, 8343, 8343, 8343, 8343, 8343, 8343, 8343,
        8343, 8343, 8343, 8343, 8343, 8343, 8343, 8343, 8343, 8343, 8343, 8343,
        8343, 8343, 8343, 8343, 8343, 8343, 8343, 8343, 8343, 8343, 8343, 8343,
        8343, 8343, 8343, 8343, 8343, 8343, 8343, 8343, 8343, 8343, 8343, 8343,
        8343, 8343, 8343, 8343, 8343, 8343, 8343, 8343, 8343, 8343, 8343, 8343,
        8343, 8343, 8343, 8343, 8343, 8343, 8343, 8343, 8343, 8343, 8343, 8343,
        8343, 8343, 8343, 8343, 8343, 8343, 8343, 8343, 8343, 8343, 8343, 8343,
        8343, 8343, 8343, 8343, 8343, 8343, 8343, 8343, 8343, 8343, 8343, 8343,
        8343, 8343, 8343, 8343, 8343, 8343, 8343, 8343, 8343, 8343, 8343, 8343,
        8343, 8343, 8343, 8343, 8343, 8343, 8343, 8343, 8343, 8343, 8343, 8343,
        8343, 8343, 8343, 8343, 8343, 8343, 8343, 8343, 8343, 8343, 8343, 8343,
        8343, 8343, 8343, 8343, 8343, 8343, 8343, 8343, 8343, 8343, 8343, 8343,
        8343, 8343, 8343, 8343, 8343, 8343, 8343, 8343, 8343, 8343, 8343, 8343,
        8343, 8343, 8343, 8343, 8343, 8343, 8343, 8343, 8343, 8343, 8343, 8343,
        8343, 8343, 8343, 8343, 8343, 8343, 8343, 8343, 8343, 8343, 8343, 8343,
        8343, 8343, 8343, 8343, 8343, 8343, 8343, 8343, 8343, 8343, 8343, 8343,
        8343, 8343, 8343, 8343, 8343, 8343, 8343, 8343, 8343, 8343, 8343, 8343,
        8343, 8343, 8343, 8343, 8343, 8343, 8343, 8343, 8343, 8343, 8343, 8343,
        8343, 8343, 8343, 8343, 8343, 8343, 8343, 8343, 8343, 8343, 8343, 8343,
        8343, 8343, 8343, 8343, 8343, 8343, 8343, 8343, 8343, 8343, 8343, 8343,
        8343, 8343, 8343, 8343, 8343, 8343, 8343, 8343, 8343, 8343, 8343, 8343,
        8343, 8343, 8343, 8343, 8343, 8343, 8343, 8343, 8343, 8343, 8343, 8343,
        8343, 8343, 8343, 8343, 8343, 8343, 8343, 8343, 8343, 8343, 8343, 8343,
    ];

    /// <summary>The code points each of those mappings produces.</summary>
    internal static readonly int[] CasefoldData =
    [
        0x0061, 0x0062, 0x0063, 0x0064, 0x0065, 0x0066, 0x0067, 0x0068, 0x0069, 0x006A, 0x006B, 0x006C,
        0x006D, 0x006E, 0x006F, 0x0070, 0x0071, 0x0072, 0x0073, 0x0074, 0x0075, 0x0076, 0x0077, 0x0078,
        0x0079, 0x007A, 0x0020, 0x0020, 0x0308, 0x0061, 0x0020, 0x0304, 0x0032, 0x0033, 0x0020, 0x0301,
        0x03BC, 0x0020, 0x0327, 0x0031, 0x006F, 0x0031, 0x2044, 0x0034, 0x0031, 0x2044, 0x0032, 0x0033,
        0x2044, 0x0034, 0x00E0, 0x00E1, 0x00E2, 0x00E3, 0x00E4, 0x00E5, 0x00E6, 0x00E7, 0x00E8, 0x00E9,
        0x00EA, 0x00EB, 0x00EC, 0x00ED, 0x00EE, 0x00EF, 0x00F0, 0x00F1, 0x00F2, 0x00F3, 0x00F4, 0x00F5,
        0x00F6, 0x00F8, 0x00F9, 0x00FA, 0x00FB, 0x00FC, 0x00FD, 0x00FE, 0x0073, 0x0073, 0x0101, 0x0103,
        0x0105, 0x0107, 0x0109, 0x010B, 0x010D, 0x010F, 0x0111, 0x0113, 0x0115, 0x0117, 0x0119, 0x011B,
        0x011D, 0x011F, 0x0121, 0x0123, 0x0125, 0x0127, 0x0129, 0x012B, 0x012D, 0x012F, 0x0069, 0x0307,
        0x0069, 0x006A, 0x0069, 0x006A, 0x0135, 0x0137, 0x013A, 0x013C, 0x013E, 0x006C, 0x00B7, 0x006C,
        0x00B7, 0x0142, 0x0144, 0x0146, 0x0148, 0x02BC, 0x006E, 0x014B, 0x014D, 0x014F, 0x0151, 0x0153,
        0x0155, 0x0157, 0x0159, 0x015B, 0x015D, 0x015F, 0x0161, 0x0163, 0x0165, 0x0167, 0x0169, 0x016B,
        0x016D, 0x016F, 0x0171, 0x0173, 0x0175, 0x0177, 0x00FF, 0x017A, 0x017C, 0x017E, 0x0073, 0x0253,
        0x0183, 0x0185, 0x0254, 0x0188, 0x0256, 0x0257, 0x018C, 0x01DD, 0x0259, 0x025B, 0x0192, 0x0260,
        0x0263, 0x0269, 0x0268, 0x0199, 0x026F, 0x0272, 0x0275, 0x01A1, 0x01A3, 0x01A5, 0x0280, 0x01A8,
        0x0283, 0x01AD, 0x0288, 0x01B0, 0x028A, 0x028B, 0x01B4, 0x01B6, 0x0292, 0x01B9, 0x01BD, 0x0064,
        0x017E, 0x0064, 0x017E, 0x0064, 0x017E, 0x006C, 0x006A, 0x006C, 0x006A, 0x006C, 0x006A, 0x006E,
        0x006A, 0x006E, 0x006A, 0x006E, 0x006A, 0x01CE, 0x01D0, 0x01D2, 0x01D4, 0x01D6, 0x01D8, 0x01DA,
        0x01DC, 0x01DF, 0x01E1, 0x01E3, 0x01E5, 0x01E7, 0x01E9, 0x01EB, 0x01ED, 0x01EF, 0x0064, 0x007A,
        0x0064, 0x007A, 0x0064, 0x007A, 0x01F5, 0x0195, 0x01BF, 0x01F9, 0x01FB, 0x01FD, 0x01FF, 0x0201,
        0x0203, 0x0205, 0x0207, 0x0209, 0x020B, 0x020D, 0x020F, 0x0211, 0x0213, 0x0215, 0x0217, 0x0219,
        0x021B, 0x021D, 0x021F, 0x019E, 0x0223, 0x0225, 0x0227, 0x0229, 0x022B, 0x022D, 0x022F, 0x0231,
        0x0233, 0x2C65, 0x023C, 0x019A, 0x2C66, 0x0242, 0x0180, 0x0289, 0x028C, 0x0247, 0x0249, 0x024B,
        0x024D, 0x024F, 0x0068, 0x0266, 0x006A, 0x0072, 0x0279, 0x027B, 0x0281, 0x0077, 0x0079, 0x0020,
        0x0306, 0x0020, 0x0307, 0x0020, 0x030A, 0x0020, 0x0328, 0x0020, 0x0303, 0x0020, 0x030B, 0x0263,
        0x006C, 0x0073, 0x0078, 0x0295, 0x0300, 0x0301, 0x0313, 0x0308, 0x0301, 0x03B9, 0x0371, 0x0373,
        0x02B9, 0x0377, 0x0020, 0x03B9, 0x003B, 0x03F3, 0x0020, 0x0301, 0x0020, 0x0308, 0x0301, 0x03AC,
        0x00B7, 0x03AD, 0x03AE, 0x03AF, 0x03CC, 0x03CD, 0x03CE, 0x03B1, 0x03B2, 0x03B3, 0x03B4, 0x03B5,
        0x03B6, 0x03B7, 0x03B8, 0x03B9, 0x03BA, 0x03BB, 0x03BC, 0x03BD, 0x03BE, 0x03BF, 0x03C0, 0x03C1,
        0x03C3, 0x03C4, 0x03C5, 0x03C6, 0x03C7, 0x03C8, 0x03C9, 0x03CA, 0x03CB, 0x03C3, 0x03D7, 0x03B2,
        0x03B8, 0x03C5, 0x03CD, 0x03CB, 0x03C6, 0x03C0, 0x03D9, 0x03DB, 0x03DD, 0x03DF, 0x03E1, 0x03E3,
        0x03E5, 0x03E7, 0x03E9, 0x03EB, 0x03ED, 0x03EF, 0x03BA, 0x03C1, 0x03C3, 0x03B8, 0x03B5, 0x03F8,
        0x03C3, 0x03FB, 0x037B, 0x037C, 0x037D, 0x0450, 0x0451, 0x0452, 0x0453, 0x0454, 0x0455, 0x0456,
        0x0457, 0x0458, 0x0459, 0x045A, 0x045B, 0x045C, 0x045D, 0x045E, 0x045F, 0x0430, 0x0431, 0x0432,
        0x0433, 0x0434, 0x0435, 0x0436, 0x0437, 0x0438, 0x0439, 0x043A, 0x043B, 0x043C, 0x043D, 0x043E,
        0x043F, 0x0440, 0x0441, 0x0442, 0x0443, 0x0444, 0x0445, 0x0446, 0x0447, 0x0448, 0x0449, 0x044A,
        0x044B, 0x044C, 0x044D, 0x044E, 0x044F, 0x0461, 0x0463, 0x0465, 0x0467, 0x0469, 0x046B, 0x046D,
        0x046F, 0x0471, 0x0473, 0x0475, 0x0477, 0x0479, 0x047B, 0x047D, 0x047F, 0x0481, 0x048B, 0x048D,
        0x048F, 0x0491, 0x0493, 0x0495, 0x0497, 0x0499, 0x049B, 0x049D, 0x049F, 0x04A1, 0x04A3, 0x04A5,
        0x04A7, 0x04A9, 0x04AB, 0x04AD, 0x04AF, 0x04B1, 0x04B3, 0x04B5, 0x04B7, 0x04B9, 0x04BB, 0x04BD,
        0x04BF, 0x04CF, 0x04C2, 0x04C4, 0x04C6, 0x04C8, 0x04CA, 0x04CC, 0x04CE, 0x04D1, 0x04D3, 0x04D5,
        0x04D7, 0x04D9, 0x04DB, 0x04DD, 0x04DF, 0x04E1, 0x04E3, 0x04E5, 0x04E7, 0x04E9, 0x04EB, 0x04ED,
        0x04EF, 0x04F1, 0x04F3, 0x04F5, 0x04F7, 0x04F9, 0x04FB, 0x04FD, 0x04FF, 0x0501, 0x0503, 0x0505,
        0x0507, 0x0509, 0x050B, 0x050D, 0x050F, 0x0511, 0x0513, 0x0515, 0x0517, 0x0519, 0x051B, 0x051D,
        0x051F, 0x0521, 0x0523, 0x0525, 0x0527, 0x0529, 0x052B, 0x052D, 0x052F, 0x0561, 0x0562, 0x0563,
        0x0564, 0x0565, 0x0566, 0x0567, 0x0568, 0x0569, 0x056A, 0x056B, 0x056C, 0x056D, 0x056E, 0x056F,
        0x0570, 0x0571, 0x0572, 0x0573, 0x0574, 0x0575, 0x0576, 0x0577, 0x0578, 0x0579, 0x057A, 0x057B,
        0x057C, 0x057D, 0x057E, 0x057F, 0x0580, 0x0581, 0x0582, 0x0583, 0x0584, 0x0585, 0x0586, 0x0565,
        0x0582, 0x0627, 0x0674, 0x0648, 0x0674, 0x06C7, 0x0674, 0x064A, 0x0674, 0x0915, 0x093C, 0x0916,
        0x093C, 0x0917, 0x093C, 0x091C, 0x093C, 0x0921, 0x093C, 0x0922, 0x093C, 0x092B, 0x093C, 0x092F,
        0x093C, 0x09A1, 0x09BC, 0x09A2, 0x09BC, 0x09AF, 0x09BC, 0x0A32, 0x0A3C, 0x0A38, 0x0A3C, 0x0A16,
        0x0A3C, 0x0A17, 0x0A3C, 0x0A1C, 0x0A3C, 0x0A2B, 0x0A3C, 0x0B21, 0x0B3C, 0x0B22, 0x0B3C, 0x0E4D,
        0x0E32, 0x0ECD, 0x0EB2, 0x0EAB, 0x0E99, 0x0EAB, 0x0EA1, 0x0F0B, 0x0F42, 0x0FB7, 0x0F4C, 0x0FB7,
        0x0F51, 0x0FB7, 0x0F56, 0x0FB7, 0x0F5B, 0x0FB7, 0x0F40, 0x0FB5, 0x0F71, 0x0F72, 0x0F71, 0x0F74,
        0x0FB2, 0x0F80, 0x0FB2, 0x0F71, 0x0F80, 0x0FB3, 0x0F80, 0x0FB3, 0x0F71, 0x0F80, 0x0F71, 0x0F80,
        0x0F92, 0x0FB7, 0x0F9C, 0x0FB7, 0x0FA1, 0x0FB7, 0x0FA6, 0x0FB7, 0x0FAB, 0x0FB7, 0x0F90, 0x0FB5,
        0x2D00, 0x2D01, 0x2D02, 0x2D03, 0x2D04, 0x2D05, 0x2D06, 0x2D07, 0x2D08, 0x2D09, 0x2D0A, 0x2D0B,
        0x2D0C, 0x2D0D, 0x2D0E, 0x2D0F, 0x2D10, 0x2D11, 0x2D12, 0x2D13, 0x2D14, 0x2D15, 0x2D16, 0x2D17,
        0x2D18, 0x2D19, 0x2D1A, 0x2D1B, 0x2D1C, 0x2D1D, 0x2D1E, 0x2D1F, 0x2D20, 0x2D21, 0x2D22, 0x2D23,
        0x2D24, 0x2D25, 0x2D27, 0x2D2D, 0x10DC, 0x13F0, 0x13F1, 0x13F2, 0x13F3, 0x13F4, 0x13F5, 0x0432,
        0x0434, 0x043E, 0x0441, 0x0442, 0x0442, 0x044A, 0x0463, 0xA64B, 0x1C8A, 0x10D0, 0x10D1, 0x10D2,
        0x10D3, 0x10D4, 0x10D5, 0x10D6, 0x10D7, 0x10D8, 0x10D9, 0x10DA, 0x10DB, 0x10DC, 0x10DD, 0x10DE,
        0x10DF, 0x10E0, 0x10E1, 0x10E2, 0x10E3, 0x10E4, 0x10E5, 0x10E6, 0x10E7, 0x10E8, 0x10E9, 0x10EA,
        0x10EB, 0x10EC, 0x10ED, 0x10EE, 0x10EF, 0x10F0, 0x10F1, 0x10F2, 0x10F3, 0x10F4, 0x10F5, 0x10F6,
        0x10F7, 0x10F8, 0x10F9, 0x10FA, 0x10FD, 0x10FE, 0x10FF, 0x0061, 0x00E6, 0x0062, 0x0064, 0x0065,
        0x01DD, 0x0067, 0x0068, 0x0069, 0x006A, 0x006B, 0x006C, 0x006D, 0x006E, 0x006F, 0x0223, 0x0070,
        0x0072, 0x0074, 0x0075, 0x0077, 0x0061, 0x0250, 0x0251, 0x1D02, 0x0062, 0x0064, 0x0065, 0x0259,
        0x025B, 0x025C, 0x0067, 0x006B, 0x006D, 0x014B, 0x006F, 0x0254, 0x1D16, 0x1D17, 0x0070, 0x0074,
        0x0075, 0x1D1D, 0x026F, 0x0076, 0x1D25, 0x03B2, 0x03B3, 0x03B4, 0x03C6, 0x03C7, 0x0069, 0x0072,
        0x0075, 0x0076, 0x03B2, 0x03B3, 0x03C1, 0x03C6, 0x03C7, 0x043D, 0x0252, 0x0063, 0x0255, 0x00F0,
        0x025C, 0x0066, 0x025F, 0x0261, 0x0265, 0x0268, 0x0269, 0x026A, 0x1D7B, 0x029D, 0x026D, 0x1D85,
        0x029F, 0x0271, 0x0270, 0x0272, 0x0273, 0x0274, 0x0275, 0x0278, 0x0282, 0x0283, 0x01AB, 0x0289,
        0x028A, 0x1D1C, 0x028B, 0x028C, 0x007A, 0x0290, 0x0291, 0x0292, 0x03B8, 0x1E01, 0x1E03, 0x1E05,
        0x1E07, 0x1E09, 0x1E0B, 0x1E0D, 0x1E0F, 0x1E11, 0x1E13, 0x1E15, 0x1E17, 0x1E19, 0x1E1B, 0x1E1D,
        0x1E1F, 0x1E21, 0x1E23, 0x1E25, 0x1E27, 0x1E29, 0x1E2B, 0x1E2D, 0x1E2F, 0x1E31, 0x1E33, 0x1E35,
        0x1E37, 0x1E39, 0x1E3B, 0x1E3D, 0x1E3F, 0x1E41, 0x1E43, 0x1E45, 0x1E47, 0x1E49, 0x1E4B, 0x1E4D,
        0x1E4F, 0x1E51, 0x1E53, 0x1E55, 0x1E57, 0x1E59, 0x1E5B, 0x1E5D, 0x1E5F, 0x1E61, 0x1E63, 0x1E65,
        0x1E67, 0x1E69, 0x1E6B, 0x1E6D, 0x1E6F, 0x1E71, 0x1E73, 0x1E75, 0x1E77, 0x1E79, 0x1E7B, 0x1E7D,
        0x1E7F, 0x1E81, 0x1E83, 0x1E85, 0x1E87, 0x1E89, 0x1E8B, 0x1E8D, 0x1E8F, 0x1E91, 0x1E93, 0x1E95,
        0x0061, 0x02BE, 0x1E61, 0x0073, 0x0073, 0x1EA1, 0x1EA3, 0x1EA5, 0x1EA7, 0x1EA9, 0x1EAB, 0x1EAD,
        0x1EAF, 0x1EB1, 0x1EB3, 0x1EB5, 0x1EB7, 0x1EB9, 0x1EBB, 0x1EBD, 0x1EBF, 0x1EC1, 0x1EC3, 0x1EC5,
        0x1EC7, 0x1EC9, 0x1ECB, 0x1ECD, 0x1ECF, 0x1ED1, 0x1ED3, 0x1ED5, 0x1ED7, 0x1ED9, 0x1EDB, 0x1EDD,
        0x1EDF, 0x1EE1, 0x1EE3, 0x1EE5, 0x1EE7, 0x1EE9, 0x1EEB, 0x1EED, 0x1EEF, 0x1EF1, 0x1EF3, 0x1EF5,
        0x1EF7, 0x1EF9, 0x1EFB, 0x1EFD, 0x1EFF, 0x1F00, 0x1F01, 0x1F02, 0x1F03, 0x1F04, 0x1F05, 0x1F06,
        0x1F07, 0x1F10, 0x1F11, 0x1F12, 0x1F13, 0x1F14, 0x1F15, 0x1F20, 0x1F21, 0x1F22, 0x1F23, 0x1F24,
        0x1F25, 0x1F26, 0x1F27, 0x1F30, 0x1F31, 0x1F32, 0x1F33, 0x1F34, 0x1F35, 0x1F36, 0x1F37, 0x1F40,
        0x1F41, 0x1F42, 0x1F43, 0x1F44, 0x1F45, 0x1F51, 0x1F53, 0x1F55, 0x1F57, 0x1F60, 0x1F61, 0x1F62,
        0x1F63, 0x1F64, 0x1F65, 0x1F66, 0x1F67, 0x03AC, 0x03AD, 0x03AE, 0x03AF, 0x03CC, 0x03CD, 0x03CE,
        0x1F00, 0x03B9, 0x1F01, 0x03B9, 0x1F02, 0x03B9, 0x1F03, 0x03B9, 0x1F04, 0x03B9, 0x1F05, 0x03B9,
        0x1F06, 0x03B9, 0x1F07, 0x03B9, 0x1F00, 0x03B9, 0x1F01, 0x03B9, 0x1F02, 0x03B9, 0x1F03, 0x03B9,
        0x1F04, 0x03B9, 0x1F05, 0x03B9, 0x1F06, 0x03B9, 0x1F07, 0x03B9, 0x1F20, 0x03B9, 0x1F21, 0x03B9,
        0x1F22, 0x03B9, 0x1F23, 0x03B9, 0x1F24, 0x03B9, 0x1F25, 0x03B9, 0x1F26, 0x03B9, 0x1F27, 0x03B9,
        0x1F20, 0x03B9, 0x1F21, 0x03B9, 0x1F22, 0x03B9, 0x1F23, 0x03B9, 0x1F24, 0x03B9, 0x1F25, 0x03B9,
        0x1F26, 0x03B9, 0x1F27, 0x03B9, 0x1F60, 0x03B9, 0x1F61, 0x03B9, 0x1F62, 0x03B9, 0x1F63, 0x03B9,
        0x1F64, 0x03B9, 0x1F65, 0x03B9, 0x1F66, 0x03B9, 0x1F67, 0x03B9, 0x1F60, 0x03B9, 0x1F61, 0x03B9,
        0x1F62, 0x03B9, 0x1F63, 0x03B9, 0x1F64, 0x03B9, 0x1F65, 0x03B9, 0x1F66, 0x03B9, 0x1F67, 0x03B9,
        0x1F70, 0x03B9, 0x03B1, 0x03B9, 0x03AC, 0x03B9, 0x1FB6, 0x03B9, 0x1FB0, 0x1FB1, 0x1F70, 0x03AC,
        0x03B1, 0x03B9, 0x0020, 0x0313, 0x03B9, 0x0020, 0x0313, 0x0020, 0x0342, 0x0020, 0x0308, 0x0342,
        0x1F74, 0x03B9, 0x03B7, 0x03B9, 0x03AE, 0x03B9, 0x1FC6, 0x03B9, 0x1F72, 0x03AD, 0x1F74, 0x03AE,
        0x03B7, 0x03B9, 0x0020, 0x0313, 0x0300, 0x0020, 0x0313, 0x0301, 0x0020, 0x0313, 0x0342, 0x0390,
        0x1FD0, 0x1FD1, 0x1F76, 0x03AF, 0x0020, 0x0314, 0x0300, 0x0020, 0x0314, 0x0301, 0x0020, 0x0314,
        0x0342, 0x03B0, 0x1FE0, 0x1FE1, 0x1F7A, 0x03CD, 0x1FE5, 0x0020, 0x0308, 0x0300, 0x0020, 0x0308,
        0x0301, 0x0060, 0x1F7C, 0x03B9, 0x03C9, 0x03B9, 0x03CE, 0x03B9, 0x1FF6, 0x03B9, 0x1F78, 0x03CC,
        0x1F7C, 0x03CE, 0x03C9, 0x03B9, 0x0020, 0x0301, 0x0020, 0x0314, 0x0020, 0x0020, 0x0020, 0x0020,
        0x0020, 0x0020, 0x0020, 0x0020, 0x0020, 0x0020, 0x0020, 0x2010, 0x0020, 0x0333, 0x002E, 0x002E,
        0x002E, 0x002E, 0x002E, 0x002E, 0x0020, 0x2032, 0x2032, 0x2032, 0x2032, 0x2032, 0x2035, 0x2035,
        0x2035, 0x2035, 0x2035, 0x0021, 0x0021, 0x0020, 0x0305, 0x003F, 0x003F, 0x003F, 0x0021, 0x0021,
        0x003F, 0x2032, 0x2032, 0x2032, 0x2032, 0x0020, 0x0030, 0x0069, 0x0034, 0x0035, 0x0036, 0x0037,
        0x0038, 0x0039, 0x002B, 0x2212, 0x003D, 0x0028, 0x0029, 0x006E, 0x0030, 0x0031, 0x0032, 0x0033,
        0x0034, 0x0035, 0x0036, 0x0037, 0x0038, 0x0039, 0x002B, 0x2212, 0x003D, 0x0028, 0x0029, 0x0061,
        0x0065, 0x006F, 0x0078, 0x0259, 0x0068, 0x006B, 0x006C, 0x006D, 0x006E, 0x0070, 0x0073, 0x0074,
        0x0072, 0x0073, 0x0061, 0x002F, 0x0063, 0x0061, 0x002F, 0x0073, 0x0063, 0x00B0, 0x0063, 0x0063,
        0x002F, 0x006F, 0x0063, 0x002F, 0x0075, 0x025B, 0x00B0, 0x0066, 0x0067, 0x0068, 0x0068, 0x0068,
        0x0068, 0x0127, 0x0069, 0x0069, 0x006C, 0x006C, 0x006E, 0x006E, 0x006F, 0x0070, 0x0071, 0x0072,
        0x0072, 0x0072, 0x0073, 0x006D, 0x0074, 0x0065, 0x006C, 0x0074, 0x006D, 0x007A, 0x03C9, 0x007A,
        0x006B, 0x00E5, 0x0062, 0x0063, 0x0065, 0x0065, 0x0066, 0x214E, 0x006D, 0x006F, 0x05D0, 0x05D1,
        0x05D2, 0x05D3, 0x0069, 0x0066, 0x0061, 0x0078, 0x03C0, 0x03B3, 0x03B3, 0x03C0, 0x2211, 0x0064,
        0x0064, 0x0065, 0x0069, 0x006A, 0x0031, 0x2044, 0x0037, 0x0031, 0x2044, 0x0039, 0x0031, 0x2044,
        0x0031, 0x0030, 0x0031, 0x2044, 0x0033, 0x0032, 0x2044, 0x0033, 0x0031, 0x2044, 0x0035, 0x0032,
        0x2044, 0x0035, 0x0033, 0x2044, 0x0035, 0x0034, 0x2044, 0x0035, 0x0031, 0x2044, 0x0036, 0x0035,
        0x2044, 0x0036, 0x0031, 0x2044, 0x0038, 0x0033, 0x2044, 0x0038, 0x0035, 0x2044, 0x0038, 0x0037,
        0x2044, 0x0038, 0x0031, 0x2044, 0x0069, 0x0069, 0x0069, 0x0069, 0x0069, 0x0069, 0x0069, 0x0076,
        0x0076, 0x0076, 0x0069, 0x0076, 0x0069, 0x0069, 0x0076, 0x0069, 0x0069, 0x0069, 0x0069, 0x0078,
        0x0078, 0x0078, 0x0069, 0x0078, 0x0069, 0x0069, 0x006C, 0x0063, 0x0064, 0x006D, 0x0069, 0x0069,
        0x0069, 0x0069, 0x0069, 0x0069, 0x0069, 0x0076, 0x0076, 0x0076, 0x0069, 0x0076, 0x0069, 0x0069,
        0x0076, 0x0069, 0x0069, 0x0069, 0x0069, 0x0078, 0x0078, 0x0078, 0x0069, 0x0078, 0x0069, 0x0069,
        0x006C, 0x0063, 0x0064, 0x006D, 0x2184, 0x0030, 0x2044, 0x0033, 0x222B, 0x222B, 0x222B, 0x222B,
        0x222B, 0x222E, 0x222E, 0x222E, 0x222E, 0x222E, 0x3008, 0x3009, 0x0031, 0x0032, 0x0033, 0x0034,
        0x0035, 0x0036, 0x0037, 0x0038, 0x0039, 0x0031, 0x0030, 0x0031, 0x0031, 0x0031, 0x0032, 0x0031,
        0x0033, 0x0031, 0x0034, 0x0031, 0x0035, 0x0031, 0x0036, 0x0031, 0x0037, 0x0031, 0x0038, 0x0031,
        0x0039, 0x0032, 0x0030, 0x0028, 0x0031, 0x0029, 0x0028, 0x0032, 0x0029, 0x0028, 0x0033, 0x0029,
        0x0028, 0x0034, 0x0029, 0x0028, 0x0035, 0x0029, 0x0028, 0x0036, 0x0029, 0x0028, 0x0037, 0x0029,
        0x0028, 0x0038, 0x0029, 0x0028, 0x0039, 0x0029, 0x0028, 0x0031, 0x0030, 0x0029, 0x0028, 0x0031,
        0x0031, 0x0029, 0x0028, 0x0031, 0x0032, 0x0029, 0x0028, 0x0031, 0x0033, 0x0029, 0x0028, 0x0031,
        0x0034, 0x0029, 0x0028, 0x0031, 0x0035, 0x0029, 0x0028, 0x0031, 0x0036, 0x0029, 0x0028, 0x0031,
        0x0037, 0x0029, 0x0028, 0x0031, 0x0038, 0x0029, 0x0028, 0x0031, 0x0039, 0x0029, 0x0028, 0x0032,
        0x0030, 0x0029, 0x0031, 0x002E, 0x0032, 0x002E, 0x0033, 0x002E, 0x0034, 0x002E, 0x0035, 0x002E,
        0x0036, 0x002E, 0x0037, 0x002E, 0x0038, 0x002E, 0x0039, 0x002E, 0x0031, 0x0030, 0x002E, 0x0031,
        0x0031, 0x002E, 0x0031, 0x0032, 0x002E, 0x0031, 0x0033, 0x002E, 0x0031, 0x0034, 0x002E, 0x0031,
        0x0035, 0x002E, 0x0031, 0x0036, 0x002E, 0x0031, 0x0037, 0x002E, 0x0031, 0x0038, 0x002E, 0x0031,
        0x0039, 0x002E, 0x0032, 0x0030, 0x002E, 0x0028, 0x0061, 0x0029, 0x0028, 0x0062, 0x0029, 0x0028,
        0x0063, 0x0029, 0x0028, 0x0064, 0x0029, 0x0028, 0x0065, 0x0029, 0x0028, 0x0066, 0x0029, 0x0028,
        0x0067, 0x0029, 0x0028, 0x0068, 0x0029, 0x0028, 0x0069, 0x0029, 0x0028, 0x006A, 0x0029, 0x0028,
        0x006B, 0x0029, 0x0028, 0x006C, 0x0029, 0x0028, 0x006D, 0x0029, 0x0028, 0x006E, 0x0029, 0x0028,
        0x006F, 0x0029, 0x0028, 0x0070, 0x0029, 0x0028, 0x0071, 0x0029, 0x0028, 0x0072, 0x0029, 0x0028,
        0x0073, 0x0029, 0x0028, 0x0074, 0x0029, 0x0028, 0x0075, 0x0029, 0x0028, 0x0076, 0x0029, 0x0028,
        0x0077, 0x0029, 0x0028, 0x0078, 0x0029, 0x0028, 0x0079, 0x0029, 0x0028, 0x007A, 0x0029, 0x0061,
        0x0062, 0x0063, 0x0064, 0x0065, 0x0066, 0x0067, 0x0068, 0x0069, 0x006A, 0x006B, 0x006C, 0x006D,
        0x006E, 0x006F, 0x0070, 0x0071, 0x0072, 0x0073, 0x0074, 0x0075, 0x0076, 0x0077, 0x0078, 0x0079,
        0x007A, 0x0061, 0x0062, 0x0063, 0x0064, 0x0065, 0x0066, 0x0067, 0x0068, 0x0069, 0x006A, 0x006B,
        0x006C, 0x006D, 0x006E, 0x006F, 0x0070, 0x0071, 0x0072, 0x0073, 0x0074, 0x0075, 0x0076, 0x0077,
        0x0078, 0x0079, 0x007A, 0x0030, 0x222B, 0x222B, 0x222B, 0x222B, 0x003A, 0x003A, 0x003D, 0x003D,
        0x003D, 0x003D, 0x003D, 0x003D, 0x2ADD, 0x0338, 0x2C30, 0x2C31, 0x2C32, 0x2C33, 0x2C34, 0x2C35,
        0x2C36, 0x2C37, 0x2C38, 0x2C39, 0x2C3A, 0x2C3B, 0x2C3C, 0x2C3D, 0x2C3E, 0x2C3F, 0x2C40, 0x2C41,
        0x2C42, 0x2C43, 0x2C44, 0x2C45, 0x2C46, 0x2C47, 0x2C48, 0x2C49, 0x2C4A, 0x2C4B, 0x2C4C, 0x2C4D,
        0x2C4E, 0x2C4F, 0x2C50, 0x2C51, 0x2C52, 0x2C53, 0x2C54, 0x2C55, 0x2C56, 0x2C57, 0x2C58, 0x2C59,
        0x2C5A, 0x2C5B, 0x2C5C, 0x2C5D, 0x2C5E, 0x2C5F, 0x2C61, 0x026B, 0x1D7D, 0x027D, 0x2C68, 0x2C6A,
        0x2C6C, 0x0251, 0x0271, 0x0250, 0x0252, 0x2C73, 0x2C76, 0x006A, 0x0076, 0x023F, 0x0240, 0x2C81,
        0x2C83, 0x2C85, 0x2C87, 0x2C89, 0x2C8B, 0x2C8D, 0x2C8F, 0x2C91, 0x2C93, 0x2C95, 0x2C97, 0x2C99,
        0x2C9B, 0x2C9D, 0x2C9F, 0x2CA1, 0x2CA3, 0x2CA5, 0x2CA7, 0x2CA9, 0x2CAB, 0x2CAD, 0x2CAF, 0x2CB1,
        0x2CB3, 0x2CB5, 0x2CB7, 0x2CB9, 0x2CBB, 0x2CBD, 0x2CBF, 0x2CC1, 0x2CC3, 0x2CC5, 0x2CC7, 0x2CC9,
        0x2CCB, 0x2CCD, 0x2CCF, 0x2CD1, 0x2CD3, 0x2CD5, 0x2CD7, 0x2CD9, 0x2CDB, 0x2CDD, 0x2CDF, 0x2CE1,
        0x2CE3, 0x2CEC, 0x2CEE, 0x2CF3, 0x2D61, 0x6BCD, 0x9F9F, 0x4E00, 0x4E28, 0x4E36, 0x4E3F, 0x4E59,
        0x4E85, 0x4E8C, 0x4EA0, 0x4EBA, 0x513F, 0x5165, 0x516B, 0x5182, 0x5196, 0x51AB, 0x51E0, 0x51F5,
        0x5200, 0x529B, 0x52F9, 0x5315, 0x531A, 0x5338, 0x5341, 0x535C, 0x5369, 0x5382, 0x53B6, 0x53C8,
        0x53E3, 0x56D7, 0x571F, 0x58EB, 0x5902, 0x590A, 0x5915, 0x5927, 0x5973, 0x5B50, 0x5B80, 0x5BF8,
        0x5C0F, 0x5C22, 0x5C38, 0x5C6E, 0x5C71, 0x5DDB, 0x5DE5, 0x5DF1, 0x5DFE, 0x5E72, 0x5E7A, 0x5E7F,
        0x5EF4, 0x5EFE, 0x5F0B, 0x5F13, 0x5F50, 0x5F61, 0x5F73, 0x5FC3, 0x6208, 0x6236, 0x624B, 0x652F,
        0x6534, 0x6587, 0x6597, 0x65A4, 0x65B9, 0x65E0, 0x65E5, 0x66F0, 0x6708, 0x6728, 0x6B20, 0x6B62,
        0x6B79, 0x6BB3, 0x6BCB, 0x6BD4, 0x6BDB, 0x6C0F, 0x6C14, 0x6C34, 0x706B, 0x722A, 0x7236, 0x723B,
        0x723F, 0x7247, 0x7259, 0x725B, 0x72AC, 0x7384, 0x7389, 0x74DC, 0x74E6, 0x7518, 0x751F, 0x7528,
        0x7530, 0x758B, 0x7592, 0x7676, 0x767D, 0x76AE, 0x76BF, 0x76EE, 0x77DB, 0x77E2, 0x77F3, 0x793A,
        0x79B8, 0x79BE, 0x7A74, 0x7ACB, 0x7AF9, 0x7C73, 0x7CF8, 0x7F36, 0x7F51, 0x7F8A, 0x7FBD, 0x8001,
        0x800C, 0x8012, 0x8033, 0x807F, 0x8089, 0x81E3, 0x81EA, 0x81F3, 0x81FC, 0x820C, 0x821B, 0x821F,
        0x826E, 0x8272, 0x8278, 0x864D, 0x866B, 0x8840, 0x884C, 0x8863, 0x897E, 0x898B, 0x89D2, 0x8A00,
        0x8C37, 0x8C46, 0x8C55, 0x8C78, 0x8C9D, 0x8D64, 0x8D70, 0x8DB3, 0x8EAB, 0x8ECA, 0x8F9B, 0x8FB0,
        0x8FB5, 0x9091, 0x9149, 0x91C6, 0x91CC, 0x91D1, 0x9577, 0x9580, 0x961C, 0x96B6, 0x96B9, 0x96E8,
        0x9751, 0x975E, 0x9762, 0x9769, 0x97CB, 0x97ED, 0x97F3, 0x9801, 0x98A8, 0x98DB, 0x98DF, 0x9996,
        0x9999, 0x99AC, 0x9AA8, 0x9AD8, 0x9ADF, 0x9B25, 0x9B2F, 0x9B32, 0x9B3C, 0x9B5A, 0x9CE5, 0x9E75,
        0x9E7F, 0x9EA5, 0x9EBB, 0x9EC3, 0x9ECD, 0x9ED1, 0x9EF9, 0x9EFD, 0x9F0E, 0x9F13, 0x9F20, 0x9F3B,
        0x9F4A, 0x9F52, 0x9F8D, 0x9F9C, 0x9FA0, 0x0020, 0x3012, 0x5341, 0x5344, 0x5345, 0x0020, 0x3099,
        0x0020, 0x309A, 0x3088, 0x308A, 0x30B3, 0x30C8, 0x1100, 0x1101, 0x11AA, 0x1102, 0x11AC, 0x11AD,
        0x1103, 0x1104, 0x1105, 0x11B0, 0x11B1, 0x11B2, 0x11B3, 0x11B4, 0x11B5, 0x111A, 0x1106, 0x1107,
        0x1108, 0x1121, 0x1109, 0x110A, 0x110B, 0x110C, 0x110D, 0x110E, 0x110F, 0x1110, 0x1111, 0x1112,
        0x1161, 0x1162, 0x1163, 0x1164, 0x1165, 0x1166, 0x1167, 0x1168, 0x1169, 0x116A, 0x116B, 0x116C,
        0x116D, 0x116E, 0x116F, 0x1170, 0x1171, 0x1172, 0x1173, 0x1174, 0x1175, 0x1114, 0x1115, 0x11C7,
        0x11C8, 0x11CC, 0x11CE, 0x11D3, 0x11D7, 0x11D9, 0x111C, 0x11DD, 0x11DF, 0x111D, 0x111E, 0x1120,
        0x1122, 0x1123, 0x1127, 0x1129, 0x112B, 0x112C, 0x112D, 0x112E, 0x112F, 0x1132, 0x1136, 0x1140,
        0x1147, 0x114C, 0x11F1, 0x11F2, 0x1157, 0x1158, 0x1159, 0x1184, 0x1185, 0x1188, 0x1191, 0x1192,
        0x1194, 0x119E, 0x11A1, 0x4E00, 0x4E8C, 0x4E09, 0x56DB, 0x4E0A, 0x4E2D, 0x4E0B, 0x7532, 0x4E59,
        0x4E19, 0x4E01, 0x5929, 0x5730, 0x4EBA, 0x0028, 0x1100, 0x0029, 0x0028, 0x1102, 0x0029, 0x0028,
        0x1103, 0x0029, 0x0028, 0x1105, 0x0029, 0x0028, 0x1106, 0x0029, 0x0028, 0x1107, 0x0029, 0x0028,
        0x1109, 0x0029, 0x0028, 0x110B, 0x0029, 0x0028, 0x110C, 0x0029, 0x0028, 0x110E, 0x0029, 0x0028,
        0x110F, 0x0029, 0x0028, 0x1110, 0x0029, 0x0028, 0x1111, 0x0029, 0x0028, 0x1112, 0x0029, 0x0028,
        0xAC00, 0x0029, 0x0028, 0xB098, 0x0029, 0x0028, 0xB2E4, 0x0029, 0x0028, 0xB77C, 0x0029, 0x0028,
        0xB9C8, 0x0029, 0x0028, 0xBC14, 0x0029, 0x0028, 0xC0AC, 0x0029, 0x0028, 0xC544, 0x0029, 0x0028,
        0xC790, 0x0029, 0x0028, 0xCC28, 0x0029, 0x0028, 0xCE74, 0x0029, 0x0028, 0xD0C0, 0x0029, 0x0028,
        0xD30C, 0x0029, 0x0028, 0xD558, 0x0029, 0x0028, 0xC8FC, 0x0029, 0x0028, 0xC624, 0xC804, 0x0029,
        0x0028, 0xC624, 0xD6C4, 0x0029, 0x0028, 0x4E00, 0x0029, 0x0028, 0x4E8C, 0x0029, 0x0028, 0x4E09,
        0x0029, 0x0028, 0x56DB, 0x0029, 0x0028, 0x4E94, 0x0029, 0x0028, 0x516D, 0x0029, 0x0028, 0x4E03,
        0x0029, 0x0028, 0x516B, 0x0029, 0x0028, 0x4E5D, 0x0029, 0x0028, 0x5341, 0x0029, 0x0028, 0x6708,
        0x0029, 0x0028, 0x706B, 0x0029, 0x0028, 0x6C34, 0x0029, 0x0028, 0x6728, 0x0029, 0x0028, 0x91D1,
        0x0029, 0x0028, 0x571F, 0x0029, 0x0028, 0x65E5, 0x0029, 0x0028, 0x682A, 0x0029, 0x0028, 0x6709,
        0x0029, 0x0028, 0x793E, 0x0029, 0x0028, 0x540D, 0x0029, 0x0028, 0x7279, 0x0029, 0x0028, 0x8CA1,
        0x0029, 0x0028, 0x795D, 0x0029, 0x0028, 0x52B4, 0x0029, 0x0028, 0x4EE3, 0x0029, 0x0028, 0x547C,
        0x0029, 0x0028, 0x5B66, 0x0029, 0x0028, 0x76E3, 0x0029, 0x0028, 0x4F01, 0x0029, 0x0028, 0x8CC7,
        0x0029, 0x0028, 0x5354, 0x0029, 0x0028, 0x796D, 0x0029, 0x0028, 0x4F11, 0x0029, 0x0028, 0x81EA,
        0x0029, 0x0028, 0x81F3, 0x0029, 0x554F, 0x5E7C, 0x6587, 0x7B8F, 0x0070, 0x0074, 0x0065, 0x0032,
        0x0031, 0x0032, 0x0032, 0x0032, 0x0033, 0x0032, 0x0034, 0x0032, 0x0035, 0x0032, 0x0036, 0x0032,
        0x0037, 0x0032, 0x0038, 0x0032, 0x0039, 0x0033, 0x0030, 0x0033, 0x0031, 0x0033, 0x0032, 0x0033,
        0x0033, 0x0033, 0x0034, 0x0033, 0x0035, 0x1100, 0x1102, 0x1103, 0x1105, 0x1106, 0x1107, 0x1109,
        0x110B, 0x110C, 0x110E, 0x110F, 0x1110, 0x1111, 0x1112, 0xAC00, 0xB098, 0xB2E4, 0xB77C, 0xB9C8,
        0xBC14, 0xC0AC, 0xC544, 0xC790, 0xCC28, 0xCE74, 0xD0C0, 0xD30C, 0xD558, 0xCC38, 0xACE0, 0xC8FC,
        0xC758, 0xC6B0, 0x4E00, 0x4E8C, 0x4E09, 0x56DB, 0x4E94, 0x516D, 0x4E03, 0x516B, 0x4E5D, 0x5341,
        0x6708, 0x706B, 0x6C34, 0x6728, 0x91D1, 0x571F, 0x65E5, 0x682A, 0x6709, 0x793E, 0x540D, 0x7279,
        0x8CA1, 0x795D, 0x52B4, 0x79D8, 0x7537, 0x5973, 0x9069, 0x512A, 0x5370, 0x6CE8, 0x9805, 0x4F11,
        0x5199, 0x6B63, 0x4E0A, 0x4E2D, 0x4E0B, 0x5DE6, 0x53F3, 0x533B, 0x5B97, 0x5B66, 0x76E3, 0x4F01,
        0x8CC7, 0x5354, 0x591C, 0x0033, 0x0036, 0x0033, 0x0037, 0x0033, 0x0038, 0x0033, 0x0039, 0x0034,
        0x0030, 0x0034, 0x0031, 0x0034, 0x0032, 0x0034, 0x0033, 0x0034, 0x0034, 0x0034, 0x0035, 0x0034,
        0x0036, 0x0034, 0x0037, 0x0034, 0x0038, 0x0034, 0x0039, 0x0035, 0x0030, 0x0031, 0x6708, 0x0032,
        0x6708, 0x0033, 0x6708, 0x0034, 0x6708, 0x0035, 0x6708, 0x0036, 0x6708, 0x0037, 0x6708, 0x0038,
        0x6708, 0x0039, 0x6708, 0x0031, 0x0030, 0x6708, 0x0031, 0x0031, 0x6708, 0x0031, 0x0032, 0x6708,
        0x0068, 0x0067, 0x0065, 0x0072, 0x0067, 0x0065, 0x0076, 0x006C, 0x0074, 0x0064, 0x30A2, 0x30A4,
        0x30A6, 0x30A8, 0x30AA, 0x30AB, 0x30AD, 0x30AF, 0x30B1, 0x30B3, 0x30B5, 0x30B7, 0x30B9, 0x30BB,
        0x30BD, 0x30BF, 0x30C1, 0x30C4, 0x30C6, 0x30C8, 0x30CA, 0x30CB, 0x30CC, 0x30CD, 0x30CE, 0x30CF,
        0x30D2, 0x30D5, 0x30D8, 0x30DB, 0x30DE, 0x30DF, 0x30E0, 0x30E1, 0x30E2, 0x30E4, 0x30E6, 0x30E8,
        0x30E9, 0x30EA, 0x30EB, 0x30EC, 0x30ED, 0x30EF, 0x30F0, 0x30F1, 0x30F2, 0x4EE4, 0x548C, 0x30A2,
        0x30D1, 0x30FC, 0x30C8, 0x30A2, 0x30EB, 0x30D5, 0x30A1, 0x30A2, 0x30F3, 0x30DA, 0x30A2, 0x30A2,
        0x30FC, 0x30EB, 0x30A4, 0x30CB, 0x30F3, 0x30B0, 0x30A4, 0x30F3, 0x30C1, 0x30A6, 0x30A9, 0x30F3,
        0x30A8, 0x30B9, 0x30AF, 0x30FC, 0x30C9, 0x30A8, 0x30FC, 0x30AB, 0x30FC, 0x30AA, 0x30F3, 0x30B9,
        0x30AA, 0x30FC, 0x30E0, 0x30AB, 0x30A4, 0x30EA, 0x30AB, 0x30E9, 0x30C3, 0x30C8, 0x30AB, 0x30ED,
        0x30EA, 0x30FC, 0x30AC, 0x30ED, 0x30F3, 0x30AC, 0x30F3, 0x30DE, 0x30AE, 0x30AC, 0x30AE, 0x30CB,
        0x30FC, 0x30AD, 0x30E5, 0x30EA, 0x30FC, 0x30AE, 0x30EB, 0x30C0, 0x30FC, 0x30AD, 0x30ED, 0x30AD,
        0x30ED, 0x30B0, 0x30E9, 0x30E0, 0x30AD, 0x30ED, 0x30E1, 0x30FC, 0x30C8, 0x30EB, 0x30AD, 0x30ED,
        0x30EF, 0x30C3, 0x30C8, 0x30B0, 0x30E9, 0x30E0, 0x30B0, 0x30E9, 0x30E0, 0x30C8, 0x30F3, 0x30AF,
        0x30EB, 0x30BC, 0x30A4, 0x30ED, 0x30AF, 0x30ED, 0x30FC, 0x30CD, 0x30B1, 0x30FC, 0x30B9, 0x30B3,
        0x30EB, 0x30CA, 0x30B3, 0x30FC, 0x30DD, 0x30B5, 0x30A4, 0x30AF, 0x30EB, 0x30B5, 0x30F3, 0x30C1,
        0x30FC, 0x30E0, 0x30B7, 0x30EA, 0x30F3, 0x30B0, 0x30BB, 0x30F3, 0x30C1, 0x30BB, 0x30F3, 0x30C8,
        0x30C0, 0x30FC, 0x30B9, 0x30C7, 0x30B7, 0x30C9, 0x30EB, 0x30C8, 0x30F3, 0x30CA, 0x30CE, 0x30CE,
        0x30C3, 0x30C8, 0x30CF, 0x30A4, 0x30C4, 0x30D1, 0x30FC, 0x30BB, 0x30F3, 0x30C8, 0x30D1, 0x30FC,
        0x30C4, 0x30D0, 0x30FC, 0x30EC, 0x30EB, 0x30D4, 0x30A2, 0x30B9, 0x30C8, 0x30EB, 0x30D4, 0x30AF,
        0x30EB, 0x30D4, 0x30B3, 0x30D3, 0x30EB, 0x30D5, 0x30A1, 0x30E9, 0x30C3, 0x30C9, 0x30D5, 0x30A3,
        0x30FC, 0x30C8, 0x30D6, 0x30C3, 0x30B7, 0x30A7, 0x30EB, 0x30D5, 0x30E9, 0x30F3, 0x30D8, 0x30AF,
        0x30BF, 0x30FC, 0x30EB, 0x30DA, 0x30BD, 0x30DA, 0x30CB, 0x30D2, 0x30D8, 0x30EB, 0x30C4, 0x30DA,
        0x30F3, 0x30B9, 0x30DA, 0x30FC, 0x30B8, 0x30D9, 0x30FC, 0x30BF, 0x30DD, 0x30A4, 0x30F3, 0x30C8,
        0x30DC, 0x30EB, 0x30C8, 0x30DB, 0x30F3, 0x30DD, 0x30F3, 0x30C9, 0x30DB, 0x30FC, 0x30EB, 0x30DB,
        0x30FC, 0x30F3, 0x30DE, 0x30A4, 0x30AF, 0x30ED, 0x30DE, 0x30A4, 0x30EB, 0x30DE, 0x30C3, 0x30CF,
        0x30DE, 0x30EB, 0x30AF, 0x30DE, 0x30F3, 0x30B7, 0x30E7, 0x30F3, 0x30DF, 0x30AF, 0x30ED, 0x30F3,
        0x30DF, 0x30EA, 0x30DF, 0x30EA, 0x30D0, 0x30FC, 0x30EB, 0x30E1, 0x30AC, 0x30E1, 0x30AC, 0x30C8,
        0x30F3, 0x30E1, 0x30FC, 0x30C8, 0x30EB, 0x30E4, 0x30FC, 0x30C9, 0x30E4, 0x30FC, 0x30EB, 0x30E6,
        0x30A2, 0x30F3, 0x30EA, 0x30C3, 0x30C8, 0x30EB, 0x30EA, 0x30E9, 0x30EB, 0x30D4, 0x30FC, 0x30EB,
        0x30FC, 0x30D6, 0x30EB, 0x30EC, 0x30E0, 0x30EC, 0x30F3, 0x30C8, 0x30B2, 0x30F3, 0x30EF, 0x30C3,
        0x30C8, 0x0030, 0x70B9, 0x0031, 0x70B9, 0x0032, 0x70B9, 0x0033, 0x70B9, 0x0034, 0x70B9, 0x0035,
        0x70B9, 0x0036, 0x70B9, 0x0037, 0x70B9, 0x0038, 0x70B9, 0x0039, 0x70B9, 0x0031, 0x0030, 0x70B9,
        0x0031, 0x0031, 0x70B9, 0x0031, 0x0032, 0x70B9, 0x0031, 0x0033, 0x70B9, 0x0031, 0x0034, 0x70B9,
        0x0031, 0x0035, 0x70B9, 0x0031, 0x0036, 0x70B9, 0x0031, 0x0037, 0x70B9, 0x0031, 0x0038, 0x70B9,
        0x0031, 0x0039, 0x70B9, 0x0032, 0x0030, 0x70B9, 0x0032, 0x0031, 0x70B9, 0x0032, 0x0032, 0x70B9,
        0x0032, 0x0033, 0x70B9, 0x0032, 0x0034, 0x70B9, 0x0068, 0x0070, 0x0061, 0x0064, 0x0061, 0x0061,
        0x0075, 0x0062, 0x0061, 0x0072, 0x006F, 0x0076, 0x0070, 0x0063, 0x0064, 0x006D, 0x0064, 0x006D,
        0x0032, 0x0064, 0x006D, 0x0033, 0x0069, 0x0075, 0x5E73, 0x6210, 0x662D, 0x548C, 0x5927, 0x6B63,
        0x660E, 0x6CBB, 0x682A, 0x5F0F, 0x4F1A, 0x793E, 0x0070, 0x0061, 0x006E, 0x0061, 0x03BC, 0x0061,
        0x006D, 0x0061, 0x006B, 0x0061, 0x006B, 0x0062, 0x006D, 0x0062, 0x0067, 0x0062, 0x0063, 0x0061,
        0x006C, 0x006B, 0x0063, 0x0061, 0x006C, 0x0070, 0x0066, 0x006E, 0x0066, 0x03BC, 0x0066, 0x03BC,
        0x0067, 0x006D, 0x0067, 0x006B, 0x0067, 0x0068, 0x007A, 0x006B, 0x0068, 0x007A, 0x006D, 0x0068,
        0x007A, 0x0067, 0x0068, 0x007A, 0x0074, 0x0068, 0x007A, 0x03BC, 0x006C, 0x006D, 0x006C, 0x0064,
        0x006C, 0x006B, 0x006C, 0x0066, 0x006D, 0x006E, 0x006D, 0x03BC, 0x006D, 0x006D, 0x006D, 0x0063,
        0x006D, 0x006B, 0x006D, 0x006D, 0x006D, 0x0032, 0x0063, 0x006D, 0x0032, 0x006D, 0x0032, 0x006B,
        0x006D, 0x0032, 0x006D, 0x006D, 0x0033, 0x0063, 0x006D, 0x0033, 0x006D, 0x0033, 0x006B, 0x006D,
        0x0033, 0x006D, 0x2215, 0x0073, 0x006D, 0x2215, 0x0073, 0x0032, 0x0070, 0x0061, 0x006B, 0x0070,
        0x0061, 0x006D, 0x0070, 0x0061, 0x0067, 0x0070, 0x0061, 0x0072, 0x0061, 0x0064, 0x0072, 0x0061,
        0x0064, 0x2215, 0x0073, 0x0072, 0x0061, 0x0064, 0x2215, 0x0073, 0x0032, 0x0070, 0x0073, 0x006E,
        0x0073, 0x03BC, 0x0073, 0x006D, 0x0073, 0x0070, 0x0076, 0x006E, 0x0076, 0x03BC, 0x0076, 0x006D,
        0x0076, 0x006B, 0x0076, 0x006D, 0x0076, 0x0070, 0x0077, 0x006E, 0x0077, 0x03BC, 0x0077, 0x006D,
        0x0077, 0x006B, 0x0077, 0x006D, 0x0077, 0x006B, 0x03C9, 0x006D, 0x03C9, 0x0061, 0x002E, 0x006D,
        0x002E, 0x0062, 0x0071, 0x0063, 0x0063, 0x0063, 0x0064, 0x0063, 0x2215, 0x006B, 0x0067, 0x0063,
        0x006F, 0x002E, 0x0064, 0x0062, 0x0067, 0x0079, 0x0068, 0x0061, 0x0068, 0x0070, 0x0069, 0x006E,
        0x006B, 0x006B, 0x006B, 0x006D, 0x006B, 0x0074, 0x006C, 0x006D, 0x006C, 0x006E, 0x006C, 0x006F,
        0x0067, 0x006C, 0x0078, 0x006D, 0x0062, 0x006D, 0x0069, 0x006C, 0x006D, 0x006F, 0x006C, 0x0070,
        0x0068, 0x0070, 0x002E, 0x006D, 0x002E, 0x0070, 0x0070, 0x006D, 0x0070, 0x0072, 0x0073, 0x0072,
        0x0073, 0x0076, 0x0077, 0x0062, 0x0076, 0x2215, 0x006D, 0x0061, 0x2215, 0x006D, 0x0031, 0x65E5,
        0x0032, 0x65E5, 0x0033, 0x65E5, 0x0034, 0x65E5, 0x0035, 0x65E5, 0x0036, 0x65E5, 0x0037, 0x65E5,
        0x0038, 0x65E5, 0x0039, 0x65E5, 0x0031, 0x0030, 0x65E5, 0x0031, 0x0031, 0x65E5, 0x0031, 0x0032,
        0x65E5, 0x0031, 0x0033, 0x65E5, 0x0031, 0x0034, 0x65E5, 0x0031, 0x0035, 0x65E5, 0x0031, 0x0036,
        0x65E5, 0x0031, 0x0037, 0x65E5, 0x0031, 0x0038, 0x65E5, 0x0031, 0x0039, 0x65E5, 0x0032, 0x0030,
        0x65E5, 0x0032, 0x0031, 0x65E5, 0x0032, 0x0032, 0x65E5, 0x0032, 0x0033, 0x65E5, 0x0032, 0x0034,
        0x65E5, 0x0032, 0x0035, 0x65E5, 0x0032, 0x0036, 0x65E5, 0x0032, 0x0037, 0x65E5, 0x0032, 0x0038,
        0x65E5, 0x0032, 0x0039, 0x65E5, 0x0033, 0x0030, 0x65E5, 0x0033, 0x0031, 0x65E5, 0x0067, 0x0061,
        0x006C, 0xA641, 0xA643, 0xA645, 0xA647, 0xA649, 0xA64B, 0xA64D, 0xA64F, 0xA651, 0xA653, 0xA655,
        0xA657, 0xA659, 0xA65B, 0xA65D, 0xA65F, 0xA661, 0xA663, 0xA665, 0xA667, 0xA669, 0xA66B, 0xA66D,
        0xA681, 0xA683, 0xA685, 0xA687, 0xA689, 0xA68B, 0xA68D, 0xA68F, 0xA691, 0xA693, 0xA695, 0xA697,
        0xA699, 0xA69B, 0x044A, 0x044C, 0xA723, 0xA725, 0xA727, 0xA729, 0xA72B, 0xA72D, 0xA72F, 0xA733,
        0xA735, 0xA737, 0xA739, 0xA73B, 0xA73D, 0xA73F, 0xA741, 0xA743, 0xA745, 0xA747, 0xA749, 0xA74B,
        0xA74D, 0xA74F, 0xA751, 0xA753, 0xA755, 0xA757, 0xA759, 0xA75B, 0xA75D, 0xA75F, 0xA761, 0xA763,
        0xA765, 0xA767, 0xA769, 0xA76B, 0xA76D, 0xA76F, 0xA76F, 0xA77A, 0xA77C, 0x1D79, 0xA77F, 0xA781,
        0xA783, 0xA785, 0xA787, 0xA78C, 0x0265, 0xA791, 0xA793, 0xA797, 0xA799, 0xA79B, 0xA79D, 0xA79F,
        0xA7A1, 0xA7A3, 0xA7A5, 0xA7A7, 0xA7A9, 0x0266, 0x025C, 0x0261, 0x026C, 0x026A, 0x029E, 0x0287,
        0x029D, 0xAB53, 0xA7B5, 0xA7B7, 0xA7B9, 0xA7BB, 0xA7BD, 0xA7BF, 0xA7C1, 0xA7C3, 0xA794, 0x0282,
        0x1D8E, 0xA7C8, 0xA7CA, 0x0264, 0xA7CD, 0xA7CF, 0xA7D1, 0xA7D3, 0xA7D5, 0xA7D7, 0xA7D9, 0xA7DB,
        0x019B, 0x0073, 0x0063, 0x0066, 0x0071, 0xA7F6, 0x0127, 0x0153, 0xA727, 0xAB37, 0x026B, 0xAB52,
        0x028D, 0x13A0, 0x13A1, 0x13A2, 0x13A3, 0x13A4, 0x13A5, 0x13A6, 0x13A7, 0x13A8, 0x13A9, 0x13AA,
        0x13AB, 0x13AC, 0x13AD, 0x13AE, 0x13AF, 0x13B0, 0x13B1, 0x13B2, 0x13B3, 0x13B4, 0x13B5, 0x13B6,
        0x13B7, 0x13B8, 0x13B9, 0x13BA, 0x13BB, 0x13BC, 0x13BD, 0x13BE, 0x13BF, 0x13C0, 0x13C1, 0x13C2,
        0x13C3, 0x13C4, 0x13C5, 0x13C6, 0x13C7, 0x13C8, 0x13C9, 0x13CA, 0x13CB, 0x13CC, 0x13CD, 0x13CE,
        0x13CF, 0x13D0, 0x13D1, 0x13D2, 0x13D3, 0x13D4, 0x13D5, 0x13D6, 0x13D7, 0x13D8, 0x13D9, 0x13DA,
        0x13DB, 0x13DC, 0x13DD, 0x13DE, 0x13DF, 0x13E0, 0x13E1, 0x13E2, 0x13E3, 0x13E4, 0x13E5, 0x13E6,
        0x13E7, 0x13E8, 0x13E9, 0x13EA, 0x13EB, 0x13EC, 0x13ED, 0x13EE, 0x13EF, 0x8C48, 0x66F4, 0x8ECA,
        0x8CC8, 0x6ED1, 0x4E32, 0x53E5, 0x9F9C, 0x9F9C, 0x5951, 0x91D1, 0x5587, 0x5948, 0x61F6, 0x7669,
        0x7F85, 0x863F, 0x87BA, 0x88F8, 0x908F, 0x6A02, 0x6D1B, 0x70D9, 0x73DE, 0x843D, 0x916A, 0x99F1,
        0x4E82, 0x5375, 0x6B04, 0x721B, 0x862D, 0x9E1E, 0x5D50, 0x6FEB, 0x85CD, 0x8964, 0x62C9, 0x81D8,
        0x881F, 0x5ECA, 0x6717, 0x6D6A, 0x72FC, 0x90CE, 0x4F86, 0x51B7, 0x52DE, 0x64C4, 0x6AD3, 0x7210,
        0x76E7, 0x8001, 0x8606, 0x865C, 0x8DEF, 0x9732, 0x9B6F, 0x9DFA, 0x788C, 0x797F, 0x7DA0, 0x83C9,
        0x9304, 0x9E7F, 0x8AD6, 0x58DF, 0x5F04, 0x7C60, 0x807E, 0x7262, 0x78CA, 0x8CC2, 0x96F7, 0x58D8,
        0x5C62, 0x6A13, 0x6DDA, 0x6F0F, 0x7D2F, 0x7E37, 0x964B, 0x52D2, 0x808B, 0x51DC, 0x51CC, 0x7A1C,
        0x7DBE, 0x83F1, 0x9675, 0x8B80, 0x62CF, 0x6A02, 0x8AFE, 0x4E39, 0x5BE7, 0x6012, 0x7387, 0x7570,
        0x5317, 0x78FB, 0x4FBF, 0x5FA9, 0x4E0D, 0x6CCC, 0x6578, 0x7D22, 0x53C3, 0x585E, 0x7701, 0x8449,
        0x8AAA, 0x6BBA, 0x8FB0, 0x6C88, 0x62FE, 0x82E5, 0x63A0, 0x7565, 0x4EAE, 0x5169, 0x51C9, 0x6881,
        0x7CE7, 0x826F, 0x8AD2, 0x91CF, 0x52F5, 0x5442, 0x5973, 0x5EEC, 0x65C5, 0x6FFE, 0x792A, 0x95AD,
        0x9A6A, 0x9E97, 0x9ECE, 0x529B, 0x66C6, 0x6B77, 0x8F62, 0x5E74, 0x6190, 0x6200, 0x649A, 0x6F23,
        0x7149, 0x7489, 0x79CA, 0x7DF4, 0x806F, 0x8F26, 0x84EE, 0x9023, 0x934A, 0x5217, 0x52A3, 0x54BD,
        0x70C8, 0x88C2, 0x8AAA, 0x5EC9, 0x5FF5, 0x637B, 0x6BAE, 0x7C3E, 0x7375, 0x4EE4, 0x56F9, 0x5BE7,
        0x5DBA, 0x601C, 0x73B2, 0x7469, 0x7F9A, 0x8046, 0x9234, 0x96F6, 0x9748, 0x9818, 0x4F8B, 0x79AE,
        0x91B4, 0x96B8, 0x60E1, 0x4E86, 0x50DA, 0x5BEE, 0x5C3F, 0x6599, 0x6A02, 0x71CE, 0x7642, 0x84FC,
        0x907C, 0x9F8D, 0x6688, 0x962E, 0x5289, 0x677B, 0x67F3, 0x6D41, 0x6E9C, 0x7409, 0x7559, 0x786B,
        0x7D10, 0x985E, 0x516D, 0x622E, 0x9678, 0x502B, 0x5D19, 0x6DEA, 0x8F2A, 0x5F8B, 0x6144, 0x6817,
        0x7387, 0x9686, 0x5229, 0x540F, 0x5C65, 0x6613, 0x674E, 0x68A8, 0x6CE5, 0x7406, 0x75E2, 0x7F79,
        0x88CF, 0x88E1, 0x91CC, 0x96E2, 0x533F, 0x6EBA, 0x541D, 0x71D0, 0x7498, 0x85FA, 0x96A3, 0x9C57,
        0x9E9F, 0x6797, 0x6DCB, 0x81E8, 0x7ACB, 0x7B20, 0x7C92, 0x72C0, 0x7099, 0x8B58, 0x4EC0, 0x8336,
        0x523A, 0x5207, 0x5EA6, 0x62D3, 0x7CD6, 0x5B85, 0x6D1E, 0x66B4, 0x8F3B, 0x884C, 0x964D, 0x898B,
        0x5ED3, 0x5140, 0x55C0, 0x585A, 0x6674, 0x51DE, 0x732A, 0x76CA, 0x793C, 0x795E, 0x7965, 0x798F,
        0x9756, 0x7CBE, 0x7FBD, 0x8612, 0x8AF8, 0x9038, 0x90FD, 0x98EF, 0x98FC, 0x9928, 0x9DB4, 0x90DE,
        0x96B7, 0x4FAE, 0x50E7, 0x514D, 0x52C9, 0x52E4, 0x5351, 0x559D, 0x5606, 0x5668, 0x5840, 0x58A8,
        0x5C64, 0x5C6E, 0x6094, 0x6168, 0x618E, 0x61F2, 0x654F, 0x65E2, 0x6691, 0x6885, 0x6D77, 0x6E1A,
        0x6F22, 0x716E, 0x722B, 0x7422, 0x7891, 0x793E, 0x7949, 0x7948, 0x7950, 0x7956, 0x795D, 0x798D,
        0x798E, 0x7A40, 0x7A81, 0x7BC0, 0x7DF4, 0x7E09, 0x7E41, 0x7F72, 0x8005, 0x81ED, 0x8279, 0x8279,
        0x8457, 0x8910, 0x8996, 0x8B01, 0x8B39, 0x8CD3, 0x8D08, 0x8FB6, 0x9038, 0x96E3, 0x97FF, 0x983B,
        0x6075, 0x242EE, 0x8218, 0x4E26, 0x51B5, 0x5168, 0x4F80, 0x5145, 0x5180, 0x52C7, 0x52FA, 0x559D,
        0x5555, 0x5599, 0x55E2, 0x585A, 0x58B3, 0x5944, 0x5954, 0x5A62, 0x5B28, 0x5ED2, 0x5ED9, 0x5F69,
        0x5FAD, 0x60D8, 0x614E, 0x6108, 0x618E, 0x6160, 0x61F2, 0x6234, 0x63C4, 0x641C, 0x6452, 0x6556,
        0x6674, 0x6717, 0x671B, 0x6756, 0x6B79, 0x6BBA, 0x6D41, 0x6EDB, 0x6ECB, 0x6F22, 0x701E, 0x716E,
        0x77A7, 0x7235, 0x72AF, 0x732A, 0x7471, 0x7506, 0x753B, 0x761D, 0x761F, 0x76CA, 0x76DB, 0x76F4,
        0x774A, 0x7740, 0x78CC, 0x7AB1, 0x7BC0, 0x7C7B, 0x7D5B, 0x7DF4, 0x7F3E, 0x8005, 0x8352, 0x83EF,
        0x8779, 0x8941, 0x8986, 0x8996, 0x8ABF, 0x8AF8, 0x8ACB, 0x8B01, 0x8AFE, 0x8AED, 0x8B39, 0x8B8A,
        0x8D08, 0x8F38, 0x9072, 0x9199, 0x9276, 0x967C, 0x96E3, 0x9756, 0x97DB, 0x97FF, 0x980B, 0x983B,
        0x9B12, 0x9F9C, 0x2284A, 0x22844, 0x233D5, 0x3B9D, 0x4018, 0x4039, 0x25249, 0x25CD0, 0x27ED3, 0x9F43,
        0x9F8E, 0x0066, 0x0066, 0x0066, 0x0069, 0x0066, 0x006C, 0x0066, 0x0066, 0x0069, 0x0066, 0x0066,
        0x006C, 0x0073, 0x0074, 0x0073, 0x0074, 0x0574, 0x0576, 0x0574, 0x0565, 0x0574, 0x056B, 0x057E,
        0x0576, 0x0574, 0x056D, 0x05D9, 0x05B4, 0x05F2, 0x05B7, 0x05E2, 0x05D0, 0x05D3, 0x05D4, 0x05DB,
        0x05DC, 0x05DD, 0x05E8, 0x05EA, 0x002B, 0x05E9, 0x05C1, 0x05E9, 0x05C2, 0x05E9, 0x05BC, 0x05C1,
        0x05E9, 0x05BC, 0x05C2, 0x05D0, 0x05B7, 0x05D0, 0x05B8, 0x05D0, 0x05BC, 0x05D1, 0x05BC, 0x05D2,
        0x05BC, 0x05D3, 0x05BC, 0x05D4, 0x05BC, 0x05D5, 0x05BC, 0x05D6, 0x05BC, 0x05D8, 0x05BC, 0x05D9,
        0x05BC, 0x05DA, 0x05BC, 0x05DB, 0x05BC, 0x05DC, 0x05BC, 0x05DE, 0x05BC, 0x05E0, 0x05BC, 0x05E1,
        0x05BC, 0x05E3, 0x05BC, 0x05E4, 0x05BC, 0x05E6, 0x05BC, 0x05E7, 0x05BC, 0x05E8, 0x05BC, 0x05E9,
        0x05BC, 0x05EA, 0x05BC, 0x05D5, 0x05B9, 0x05D1, 0x05BF, 0x05DB, 0x05BF, 0x05E4, 0x05BF, 0x05D0,
        0x05DC, 0x0671, 0x0671, 0x067B, 0x067B, 0x067B, 0x067B, 0x067E, 0x067E, 0x067E, 0x067E, 0x0680,
        0x0680, 0x0680, 0x0680, 0x067A, 0x067A, 0x067A, 0x067A, 0x067F, 0x067F, 0x067F, 0x067F, 0x0679,
        0x0679, 0x0679, 0x0679, 0x06A4, 0x06A4, 0x06A4, 0x06A4, 0x06A6, 0x06A6, 0x06A6, 0x06A6, 0x0684,
        0x0684, 0x0684, 0x0684, 0x0683, 0x0683, 0x0683, 0x0683, 0x0686, 0x0686, 0x0686, 0x0686, 0x0687,
        0x0687, 0x0687, 0x0687, 0x068D, 0x068D, 0x068C, 0x068C, 0x068E, 0x068E, 0x0688, 0x0688, 0x0698,
        0x0698, 0x0691, 0x0691, 0x06A9, 0x06A9, 0x06A9, 0x06A9, 0x06AF, 0x06AF, 0x06AF, 0x06AF, 0x06B3,
        0x06B3, 0x06B3, 0x06B3, 0x06B1, 0x06B1, 0x06B1, 0x06B1, 0x06BA, 0x06BA, 0x06BB, 0x06BB, 0x06BB,
        0x06BB, 0x06C0, 0x06C0, 0x06C1, 0x06C1, 0x06C1, 0x06C1, 0x06BE, 0x06BE, 0x06BE, 0x06BE, 0x06D2,
        0x06D2, 0x06D3, 0x06D3, 0x06AD, 0x06AD, 0x06AD, 0x06AD, 0x06C7, 0x06C7, 0x06C6, 0x06C6, 0x06C8,
        0x06C8, 0x06C7, 0x0674, 0x06CB, 0x06CB, 0x06C5, 0x06C5, 0x06C9, 0x06C9, 0x06D0, 0x06D0, 0x06D0,
        0x06D0, 0x0649, 0x0649, 0x0626, 0x0627, 0x0626, 0x0627, 0x0626, 0x06D5, 0x0626, 0x06D5, 0x0626,
        0x0648, 0x0626, 0x0648, 0x0626, 0x06C7, 0x0626, 0x06C7, 0x0626, 0x06C6, 0x0626, 0x06C6, 0x0626,
        0x06C8, 0x0626, 0x06C8, 0x0626, 0x06D0, 0x0626, 0x06D0, 0x0626, 0x06D0, 0x0626, 0x0649, 0x0626,
        0x0649, 0x0626, 0x0649, 0x06CC, 0x06CC, 0x06CC, 0x06CC, 0x0626, 0x062C, 0x0626, 0x062D, 0x0626,
        0x0645, 0x0626, 0x0649, 0x0626, 0x064A, 0x0628, 0x062C, 0x0628, 0x062D, 0x0628, 0x062E, 0x0628,
        0x0645, 0x0628, 0x0649, 0x0628, 0x064A, 0x062A, 0x062C, 0x062A, 0x062D, 0x062A, 0x062E, 0x062A,
        0x0645, 0x062A, 0x0649, 0x062A, 0x064A, 0x062B, 0x062C, 0x062B, 0x0645, 0x062B, 0x0649, 0x062B,
        0x064A, 0x062C, 0x062D, 0x062C, 0x0645, 0x062D, 0x062C, 0x062D, 0x0645, 0x062E, 0x062C, 0x062E,
        0x062D, 0x062E, 0x0645, 0x0633, 0x062C, 0x0633, 0x062D, 0x0633, 0x062E, 0x0633, 0x0645, 0x0635,
        0x062D, 0x0635, 0x0645, 0x0636, 0x062C, 0x0636, 0x062D, 0x0636, 0x062E, 0x0636, 0x0645, 0x0637,
        0x062D, 0x0637, 0x0645, 0x0638, 0x0645, 0x0639, 0x062C, 0x0639, 0x0645, 0x063A, 0x062C, 0x063A,
        0x0645, 0x0641, 0x062C, 0x0641, 0x062D, 0x0641, 0x062E, 0x0641, 0x0645, 0x0641, 0x0649, 0x0641,
        0x064A, 0x0642, 0x062D, 0x0642, 0x0645, 0x0642, 0x0649, 0x0642, 0x064A, 0x0643, 0x0627, 0x0643,
        0x062C, 0x0643, 0x062D, 0x0643, 0x062E, 0x0643, 0x0644, 0x0643, 0x0645, 0x0643, 0x0649, 0x0643,
        0x064A, 0x0644, 0x062C, 0x0644, 0x062D, 0x0644, 0x062E, 0x0644, 0x0645, 0x0644, 0x0649, 0x0644,
        0x064A, 0x0645, 0x062C, 0x0645, 0x062D, 0x0645, 0x062E, 0x0645, 0x0645, 0x0645, 0x0649, 0x0645,
        0x064A, 0x0646, 0x062C, 0x0646, 0x062D, 0x0646, 0x062E, 0x0646, 0x0645, 0x0646, 0x0649, 0x0646,
        0x064A, 0x0647, 0x062C, 0x0647, 0x0645, 0x0647, 0x0649, 0x0647, 0x064A, 0x064A, 0x062C, 0x064A,
        0x062D, 0x064A, 0x062E, 0x064A, 0x0645, 0x064A, 0x0649, 0x064A, 0x064A, 0x0630, 0x0670, 0x0631,
        0x0670, 0x0649, 0x0670, 0x0020, 0x064C, 0x0651, 0x0020, 0x064D, 0x0651, 0x0020, 0x064E, 0x0651,
        0x0020, 0x064F, 0x0651, 0x0020, 0x0650, 0x0651, 0x0020, 0x0651, 0x0670, 0x0626, 0x0631, 0x0626,
        0x0632, 0x0626, 0x0645, 0x0626, 0x0646, 0x0626, 0x0649, 0x0626, 0x064A, 0x0628, 0x0631, 0x0628,
        0x0632, 0x0628, 0x0645, 0x0628, 0x0646, 0x0628, 0x0649, 0x0628, 0x064A, 0x062A, 0x0631, 0x062A,
        0x0632, 0x062A, 0x0645, 0x062A, 0x0646, 0x062A, 0x0649, 0x062A, 0x064A, 0x062B, 0x0631, 0x062B,
        0x0632, 0x062B, 0x0645, 0x062B, 0x0646, 0x062B, 0x0649, 0x062B, 0x064A, 0x0641, 0x0649, 0x0641,
        0x064A, 0x0642, 0x0649, 0x0642, 0x064A, 0x0643, 0x0627, 0x0643, 0x0644, 0x0643, 0x0645, 0x0643,
        0x0649, 0x0643, 0x064A, 0x0644, 0x0645, 0x0644, 0x0649, 0x0644, 0x064A, 0x0645, 0x0627, 0x0645,
        0x0645, 0x0646, 0x0631, 0x0646, 0x0632, 0x0646, 0x0645, 0x0646, 0x0646, 0x0646, 0x0649, 0x0646,
        0x064A, 0x0649, 0x0670, 0x064A, 0x0631, 0x064A, 0x0632, 0x064A, 0x0645, 0x064A, 0x0646, 0x064A,
        0x0649, 0x064A, 0x064A, 0x0626, 0x062C, 0x0626, 0x062D, 0x0626, 0x062E, 0x0626, 0x0645, 0x0626,
        0x0647, 0x0628, 0x062C, 0x0628, 0x062D, 0x0628, 0x062E, 0x0628, 0x0645, 0x0628, 0x0647, 0x062A,
        0x062C, 0x062A, 0x062D, 0x062A, 0x062E, 0x062A, 0x0645, 0x062A, 0x0647, 0x062B, 0x0645, 0x062C,
        0x062D, 0x062C, 0x0645, 0x062D, 0x062C, 0x062D, 0x0645, 0x062E, 0x062C, 0x062E, 0x0645, 0x0633,
        0x062C, 0x0633, 0x062D, 0x0633, 0x062E, 0x0633, 0x0645, 0x0635, 0x062D, 0x0635, 0x062E, 0x0635,
        0x0645, 0x0636, 0x062C, 0x0636, 0x062D, 0x0636, 0x062E, 0x0636, 0x0645, 0x0637, 0x062D, 0x0638,
        0x0645, 0x0639, 0x062C, 0x0639, 0x0645, 0x063A, 0x062C, 0x063A, 0x0645, 0x0641, 0x062C, 0x0641,
        0x062D, 0x0641, 0x062E, 0x0641, 0x0645, 0x0642, 0x062D, 0x0642, 0x0645, 0x0643, 0x062C, 0x0643,
        0x062D, 0x0643, 0x062E, 0x0643, 0x0644, 0x0643, 0x0645, 0x0644, 0x062C, 0x0644, 0x062D, 0x0644,
        0x062E, 0x0644, 0x0645, 0x0644, 0x0647, 0x0645, 0x062C, 0x0645, 0x062D, 0x0645, 0x062E, 0x0645,
        0x0645, 0x0646, 0x062C, 0x0646, 0x062D, 0x0646, 0x062E, 0x0646, 0x0645, 0x0646, 0x0647, 0x0647,
        0x062C, 0x0647, 0x0645, 0x0647, 0x0670, 0x064A, 0x062C, 0x064A, 0x062D, 0x064A, 0x062E, 0x064A,
        0x0645, 0x064A, 0x0647, 0x0626, 0x0645, 0x0626, 0x0647, 0x0628, 0x0645, 0x0628, 0x0647, 0x062A,
        0x0645, 0x062A, 0x0647, 0x062B, 0x0645, 0x062B, 0x0647, 0x0633, 0x0645, 0x0633, 0x0647, 0x0634,
        0x0645, 0x0634, 0x0647, 0x0643, 0x0644, 0x0643, 0x0645, 0x0644, 0x0645, 0x0646, 0x0645, 0x0646,
        0x0647, 0x064A, 0x0645, 0x064A, 0x0647, 0x0640, 0x064E, 0x0651, 0x0640, 0x064F, 0x0651, 0x0640,
        0x0650, 0x0651, 0x0637, 0x0649, 0x0637, 0x064A, 0x0639, 0x0649, 0x0639, 0x064A, 0x063A, 0x0649,
        0x063A, 0x064A, 0x0633, 0x0649, 0x0633, 0x064A, 0x0634, 0x0649, 0x0634, 0x064A, 0x062D, 0x0649,
        0x062D, 0x064A, 0x062C, 0x0649, 0x062C, 0x064A, 0x062E, 0x0649, 0x062E, 0x064A, 0x0635, 0x0649,
        0x0635, 0x064A, 0x0636, 0x0649, 0x0636, 0x064A, 0x0634, 0x062C, 0x0634, 0x062D, 0x0634, 0x062E,
        0x0634, 0x0645, 0x0634, 0x0631, 0x0633, 0x0631, 0x0635, 0x0631, 0x0636, 0x0631, 0x0637, 0x0649,
        0x0637, 0x064A, 0x0639, 0x0649, 0x0639, 0x064A, 0x063A, 0x0649, 0x063A, 0x064A, 0x0633, 0x0649,
        0x0633, 0x064A, 0x0634, 0x0649, 0x0634, 0x064A, 0x062D, 0x0649, 0x062D, 0x064A, 0x062C, 0x0649,
        0x062C, 0x064A, 0x062E, 0x0649, 0x062E, 0x064A, 0x0635, 0x0649, 0x0635, 0x064A, 0x0636, 0x0649,
        0x0636, 0x064A, 0x0634, 0x062C, 0x0634, 0x062D, 0x0634, 0x062E, 0x0634, 0x0645, 0x0634, 0x0631,
        0x0633, 0x0631, 0x0635, 0x0631, 0x0636, 0x0631, 0x0634, 0x062C, 0x0634, 0x062D, 0x0634, 0x062E,
        0x0634, 0x0645, 0x0633, 0x0647, 0x0634, 0x0647, 0x0637, 0x0645, 0x0633, 0x062C, 0x0633, 0x062D,
        0x0633, 0x062E, 0x0634, 0x062C, 0x0634, 0x062D, 0x0634, 0x062E, 0x0637, 0x0645, 0x0638, 0x0645,
        0x0627, 0x064B, 0x0627, 0x064B, 0x062A, 0x062C, 0x0645, 0x062A, 0x062D, 0x062C, 0x062A, 0x062D,
        0x062C, 0x062A, 0x062D, 0x0645, 0x062A, 0x062E, 0x0645, 0x062A, 0x0645, 0x062C, 0x062A, 0x0645,
        0x062D, 0x062A, 0x0645, 0x062E, 0x062C, 0x0645, 0x062D, 0x062C, 0x0645, 0x062D, 0x062D, 0x0645,
        0x064A, 0x062D, 0x0645, 0x0649, 0x0633, 0x062D, 0x062C, 0x0633, 0x062C, 0x062D, 0x0633, 0x062C,
        0x0649, 0x0633, 0x0645, 0x062D, 0x0633, 0x0645, 0x062D, 0x0633, 0x0645, 0x062C, 0x0633, 0x0645,
        0x0645, 0x0633, 0x0645, 0x0645, 0x0635, 0x062D, 0x062D, 0x0635, 0x062D, 0x062D, 0x0635, 0x0645,
        0x0645, 0x0634, 0x062D, 0x0645, 0x0634, 0x062D, 0x0645, 0x0634, 0x062C, 0x064A, 0x0634, 0x0645,
        0x062E, 0x0634, 0x0645, 0x062E, 0x0634, 0x0645, 0x0645, 0x0634, 0x0645, 0x0645, 0x0636, 0x062D,
        0x0649, 0x0636, 0x062E, 0x0645, 0x0636, 0x062E, 0x0645, 0x0637, 0x0645, 0x062D, 0x0637, 0x0645,
        0x062D, 0x0637, 0x0645, 0x0645, 0x0637, 0x0645, 0x064A, 0x0639, 0x062C, 0x0645, 0x0639, 0x0645,
        0x0645, 0x0639, 0x0645, 0x0645, 0x0639, 0x0645, 0x0649, 0x063A, 0x0645, 0x0645, 0x063A, 0x0645,
        0x064A, 0x063A, 0x0645, 0x0649, 0x0641, 0x062E, 0x0645, 0x0641, 0x062E, 0x0645, 0x0642, 0x0645,
        0x062D, 0x0642, 0x0645, 0x0645, 0x0644, 0x062D, 0x0645, 0x0644, 0x062D, 0x064A, 0x0644, 0x062D,
        0x0649, 0x0644, 0x062C, 0x062C, 0x0644, 0x062C, 0x062C, 0x0644, 0x062E, 0x0645, 0x0644, 0x062E,
        0x0645, 0x0644, 0x0645, 0x062D, 0x0644, 0x0645, 0x062D, 0x0645, 0x062D, 0x062C, 0x0645, 0x062D,
        0x0645, 0x0645, 0x062D, 0x064A, 0x0645, 0x062C, 0x062D, 0x0645, 0x062C, 0x0645, 0x0645, 0x062E,
        0x062C, 0x0645, 0x062E, 0x0645, 0x0645, 0x062C, 0x062E, 0x0647, 0x0645, 0x062C, 0x0647, 0x0645,
        0x0645, 0x0646, 0x062D, 0x0645, 0x0646, 0x062D, 0x0649, 0x0646, 0x062C, 0x0645, 0x0646, 0x062C,
        0x0645, 0x0646, 0x062C, 0x0649, 0x0646, 0x0645, 0x064A, 0x0646, 0x0645, 0x0649, 0x064A, 0x0645,
        0x0645, 0x064A, 0x0645, 0x0645, 0x0628, 0x062E, 0x064A, 0x062A, 0x062C, 0x064A, 0x062A, 0x062C,
        0x0649, 0x062A, 0x062E, 0x064A, 0x062A, 0x062E, 0x0649, 0x062A, 0x0645, 0x064A, 0x062A, 0x0645,
        0x0649, 0x062C, 0x0645, 0x064A, 0x062C, 0x062D, 0x0649, 0x062C, 0x0645, 0x0649, 0x0633, 0x062E,
        0x0649, 0x0635, 0x062D, 0x064A, 0x0634, 0x062D, 0x064A, 0x0636, 0x062D, 0x064A, 0x0644, 0x062C,
        0x064A, 0x0644, 0x0645, 0x064A, 0x064A, 0x062D, 0x064A, 0x064A, 0x062C, 0x064A, 0x064A, 0x0645,
        0x064A, 0x0645, 0x0645, 0x064A, 0x0642, 0x0645, 0x064A, 0x0646, 0x062D, 0x064A, 0x0642, 0x0645,
        0x062D, 0x0644, 0x062D, 0x0645, 0x0639, 0x0645, 0x064A, 0x0643, 0x0645, 0x064A, 0x0646, 0x062C,
        0x062D, 0x0645, 0x062E, 0x064A, 0x0644, 0x062C, 0x0645, 0x0643, 0x0645, 0x0645, 0x0644, 0x062C,
        0x0645, 0x0646, 0x062C, 0x062D, 0x062C, 0x062D, 0x064A, 0x062D, 0x062C, 0x064A, 0x0645, 0x062C,
        0x064A, 0x0641, 0x0645, 0x064A, 0x0628, 0x062D, 0x064A, 0x0643, 0x0645, 0x0645, 0x0639, 0x062C,
        0x0645, 0x0635, 0x0645, 0x0645, 0x0633, 0x062E, 0x064A, 0x0646, 0x062C, 0x064A, 0x0635, 0x0644,
        0x06D2, 0x0642, 0x0644, 0x06D2, 0x0627, 0x0644, 0x0644, 0x0647, 0x0627, 0x0643, 0x0628, 0x0631,
        0x0645, 0x062D, 0x0645, 0x062F, 0x0635, 0x0644, 0x0639, 0x0645, 0x0631, 0x0633, 0x0648, 0x0644,
        0x0639, 0x0644, 0x064A, 0x0647, 0x0648, 0x0633, 0x0644, 0x0645, 0x0635, 0x0644, 0x0649, 0x0635,
        0x0644, 0x0649, 0x0020, 0x0627, 0x0644, 0x0644, 0x0647, 0x0020, 0x0639, 0x0644, 0x064A, 0x0647,
        0x0020, 0x0648, 0x0633, 0x0644, 0x0645, 0x062C, 0x0644, 0x0020, 0x062C, 0x0644, 0x0627, 0x0644,
        0x0647, 0x0631, 0x06CC, 0x0627, 0x0644, 0x002C, 0x3001, 0x3002, 0x003A, 0x003B, 0x0021, 0x003F,
        0x3016, 0x3017, 0x002E, 0x002E, 0x002E, 0x002E, 0x002E, 0x2014, 0x2013, 0x005F, 0x005F, 0x0028,
        0x0029, 0x007B, 0x007D, 0x3014, 0x3015, 0x3010, 0x3011, 0x300A, 0x300B, 0x3008, 0x3009, 0x300C,
        0x300D, 0x300E, 0x300F, 0x005B, 0x005D, 0x0020, 0x0305, 0x0020, 0x0305, 0x0020, 0x0305, 0x0020,
        0x0305, 0x005F, 0x005F, 0x005F, 0x002C, 0x3001, 0x002E, 0x003B, 0x003A, 0x003F, 0x0021, 0x2014,
        0x0028, 0x0029, 0x007B, 0x007D, 0x3014, 0x3015, 0x0023, 0x0026, 0x002A, 0x002B, 0x002D, 0x003C,
        0x003E, 0x003D, 0x005C, 0x0024, 0x0025, 0x0040, 0x0020, 0x064B, 0x0640, 0x064B, 0x0020, 0x064C,
        0x0020, 0x064D, 0x0020, 0x064E, 0x0640, 0x064E, 0x0020, 0x064F, 0x0640, 0x064F, 0x0020, 0x0650,
        0x0640, 0x0650, 0x0020, 0x0651, 0x0640, 0x0651, 0x0020, 0x0652, 0x0640, 0x0652, 0x0621, 0x0622,
        0x0622, 0x0623, 0x0623, 0x0624, 0x0624, 0x0625, 0x0625, 0x0626, 0x0626, 0x0626, 0x0626, 0x0627,
        0x0627, 0x0628, 0x0628, 0x0628, 0x0628, 0x0629, 0x0629, 0x062A, 0x062A, 0x062A, 0x062A, 0x062B,
        0x062B, 0x062B, 0x062B, 0x062C, 0x062C, 0x062C, 0x062C, 0x062D, 0x062D, 0x062D, 0x062D, 0x062E,
        0x062E, 0x062E, 0x062E, 0x062F, 0x062F, 0x0630, 0x0630, 0x0631, 0x0631, 0x0632, 0x0632, 0x0633,
        0x0633, 0x0633, 0x0633, 0x0634, 0x0634, 0x0634, 0x0634, 0x0635, 0x0635, 0x0635, 0x0635, 0x0636,
        0x0636, 0x0636, 0x0636, 0x0637, 0x0637, 0x0637, 0x0637, 0x0638, 0x0638, 0x0638, 0x0638, 0x0639,
        0x0639, 0x0639, 0x0639, 0x063A, 0x063A, 0x063A, 0x063A, 0x0641, 0x0641, 0x0641, 0x0641, 0x0642,
        0x0642, 0x0642, 0x0642, 0x0643, 0x0643, 0x0643, 0x0643, 0x0644, 0x0644, 0x0644, 0x0644, 0x0645,
        0x0645, 0x0645, 0x0645, 0x0646, 0x0646, 0x0646, 0x0646, 0x0647, 0x0647, 0x0647, 0x0647, 0x0648,
        0x0648, 0x0649, 0x0649, 0x064A, 0x064A, 0x064A, 0x064A, 0x0644, 0x0622, 0x0644, 0x0622, 0x0644,
        0x0623, 0x0644, 0x0623, 0x0644, 0x0625, 0x0644, 0x0625, 0x0644, 0x0627, 0x0644, 0x0627, 0x0021,
        0x0022, 0x0023, 0x0024, 0x0025, 0x0026, 0x0027, 0x0028, 0x0029, 0x002A, 0x002B, 0x002C, 0x002D,
        0x002E, 0x002F, 0x0030, 0x0031, 0x0032, 0x0033, 0x0034, 0x0035, 0x0036, 0x0037, 0x0038, 0x0039,
        0x003A, 0x003B, 0x003C, 0x003D, 0x003E, 0x003F, 0x0040, 0x0061, 0x0062, 0x0063, 0x0064, 0x0065,
        0x0066, 0x0067, 0x0068, 0x0069, 0x006A, 0x006B, 0x006C, 0x006D, 0x006E, 0x006F, 0x0070, 0x0071,
        0x0072, 0x0073, 0x0074, 0x0075, 0x0076, 0x0077, 0x0078, 0x0079, 0x007A, 0x005B, 0x005C, 0x005D,
        0x005E, 0x005F, 0x0060, 0x0061, 0x0062, 0x0063, 0x0064, 0x0065, 0x0066, 0x0067, 0x0068, 0x0069,
        0x006A, 0x006B, 0x006C, 0x006D, 0x006E, 0x006F, 0x0070, 0x0071, 0x0072, 0x0073, 0x0074, 0x0075,
        0x0076, 0x0077, 0x0078, 0x0079, 0x007A, 0x007B, 0x007C, 0x007D, 0x007E, 0x2985, 0x2986, 0x3002,
        0x300C, 0x300D, 0x3001, 0x30FB, 0x30F2, 0x30A1, 0x30A3, 0x30A5, 0x30A7, 0x30A9, 0x30E3, 0x30E5,
        0x30E7, 0x30C3, 0x30FC, 0x30A2, 0x30A4, 0x30A6, 0x30A8, 0x30AA, 0x30AB, 0x30AD, 0x30AF, 0x30B1,
        0x30B3, 0x30B5, 0x30B7, 0x30B9, 0x30BB, 0x30BD, 0x30BF, 0x30C1, 0x30C4, 0x30C6, 0x30C8, 0x30CA,
        0x30CB, 0x30CC, 0x30CD, 0x30CE, 0x30CF, 0x30D2, 0x30D5, 0x30D8, 0x30DB, 0x30DE, 0x30DF, 0x30E0,
        0x30E1, 0x30E2, 0x30E4, 0x30E6, 0x30E8, 0x30E9, 0x30EA, 0x30EB, 0x30EC, 0x30ED, 0x30EF, 0x30F3,
        0x3099, 0x309A, 0x1100, 0x1101, 0x11AA, 0x1102, 0x11AC, 0x11AD, 0x1103, 0x1104, 0x1105, 0x11B0,
        0x11B1, 0x11B2, 0x11B3, 0x11B4, 0x11B5, 0x111A, 0x1106, 0x1107, 0x1108, 0x1121, 0x1109, 0x110A,
        0x110B, 0x110C, 0x110D, 0x110E, 0x110F, 0x1110, 0x1111, 0x1112, 0x1161, 0x1162, 0x1163, 0x1164,
        0x1165, 0x1166, 0x1167, 0x1168, 0x1169, 0x116A, 0x116B, 0x116C, 0x116D, 0x116E, 0x116F, 0x1170,
        0x1171, 0x1172, 0x1173, 0x1174, 0x1175, 0x00A2, 0x00A3, 0x00AC, 0x0020, 0x0304, 0x00A6, 0x00A5,
        0x20A9, 0x2502, 0x2190, 0x2191, 0x2192, 0x2193, 0x25A0, 0x25CB, 0x10428, 0x10429, 0x1042A, 0x1042B,
        0x1042C, 0x1042D, 0x1042E, 0x1042F, 0x10430, 0x10431, 0x10432, 0x10433, 0x10434, 0x10435, 0x10436, 0x10437,
        0x10438, 0x10439, 0x1043A, 0x1043B, 0x1043C, 0x1043D, 0x1043E, 0x1043F, 0x10440, 0x10441, 0x10442, 0x10443,
        0x10444, 0x10445, 0x10446, 0x10447, 0x10448, 0x10449, 0x1044A, 0x1044B, 0x1044C, 0x1044D, 0x1044E, 0x1044F,
        0x104D8, 0x104D9, 0x104DA, 0x104DB, 0x104DC, 0x104DD, 0x104DE, 0x104DF, 0x104E0, 0x104E1, 0x104E2, 0x104E3,
        0x104E4, 0x104E5, 0x104E6, 0x104E7, 0x104E8, 0x104E9, 0x104EA, 0x104EB, 0x104EC, 0x104ED, 0x104EE, 0x104EF,
        0x104F0, 0x104F1, 0x104F2, 0x104F3, 0x104F4, 0x104F5, 0x104F6, 0x104F7, 0x104F8, 0x104F9, 0x104FA, 0x104FB,
        0x10597, 0x10598, 0x10599, 0x1059A, 0x1059B, 0x1059C, 0x1059D, 0x1059E, 0x1059F, 0x105A0, 0x105A1, 0x105A3,
        0x105A4, 0x105A5, 0x105A6, 0x105A7, 0x105A8, 0x105A9, 0x105AA, 0x105AB, 0x105AC, 0x105AD, 0x105AE, 0x105AF,
        0x105B0, 0x105B1, 0x105B3, 0x105B4, 0x105B5, 0x105B6, 0x105B7, 0x105B8, 0x105B9, 0x105BB, 0x105BC, 0x02D0,
        0x02D1, 0x00E6, 0x0299, 0x0253, 0x02A3, 0xAB66, 0x02A5, 0x02A4, 0x0256, 0x0257, 0x1D91, 0x0258,
        0x025E, 0x02A9, 0x0264, 0x0262, 0x0260, 0x029B, 0x0127, 0x029C, 0x0267, 0x0284, 0x02AA, 0x02AB,
        0x026C, 0x1DF04, 0xA78E, 0x026E, 0x1DF05, 0x028E, 0x1DF06, 0x00F8, 0x0276, 0x0277, 0x0071, 0x027A,
        0x1DF08, 0x027D, 0x027E, 0x0280, 0x02A8, 0x02A6, 0xAB67, 0x02A7, 0x0288, 0x2C71, 0x028F, 0x02A1,
        0x02A2, 0x0298, 0x01C0, 0x01C1, 0x01C2, 0x1DF0A, 0x1DF1E, 0x10CC0, 0x10CC1, 0x10CC2, 0x10CC3, 0x10CC4,
        0x10CC5, 0x10CC6, 0x10CC7, 0x10CC8, 0x10CC9, 0x10CCA, 0x10CCB, 0x10CCC, 0x10CCD, 0x10CCE, 0x10CCF, 0x10CD0,
        0x10CD1, 0x10CD2, 0x10CD3, 0x10CD4, 0x10CD5, 0x10CD6, 0x10CD7, 0x10CD8, 0x10CD9, 0x10CDA, 0x10CDB, 0x10CDC,
        0x10CDD, 0x10CDE, 0x10CDF, 0x10CE0, 0x10CE1, 0x10CE2, 0x10CE3, 0x10CE4, 0x10CE5, 0x10CE6, 0x10CE7, 0x10CE8,
        0x10CE9, 0x10CEA, 0x10CEB, 0x10CEC, 0x10CED, 0x10CEE, 0x10CEF, 0x10CF0, 0x10CF1, 0x10CF2, 0x10D70, 0x10D71,
        0x10D72, 0x10D73, 0x10D74, 0x10D75, 0x10D76, 0x10D77, 0x10D78, 0x10D79, 0x10D7A, 0x10D7B, 0x10D7C, 0x10D7D,
        0x10D7E, 0x10D7F, 0x10D80, 0x10D81, 0x10D82, 0x10D83, 0x10D84, 0x10D85, 0x118C0, 0x118C1, 0x118C2, 0x118C3,
        0x118C4, 0x118C5, 0x118C6, 0x118C7, 0x118C8, 0x118C9, 0x118CA, 0x118CB, 0x118CC, 0x118CD, 0x118CE, 0x118CF,
        0x118D0, 0x118D1, 0x118D2, 0x118D3, 0x118D4, 0x118D5, 0x118D6, 0x118D7, 0x118D8, 0x118D9, 0x118DA, 0x118DB,
        0x118DC, 0x118DD, 0x118DE, 0x118DF, 0x16E60, 0x16E61, 0x16E62, 0x16E63, 0x16E64, 0x16E65, 0x16E66, 0x16E67,
        0x16E68, 0x16E69, 0x16E6A, 0x16E6B, 0x16E6C, 0x16E6D, 0x16E6E, 0x16E6F, 0x16E70, 0x16E71, 0x16E72, 0x16E73,
        0x16E74, 0x16E75, 0x16E76, 0x16E77, 0x16E78, 0x16E79, 0x16E7A, 0x16E7B, 0x16E7C, 0x16E7D, 0x16E7E, 0x16E7F,
        0x16EBB, 0x16EBC, 0x16EBD, 0x16EBE, 0x16EBF, 0x16EC0, 0x16EC1, 0x16EC2, 0x16EC3, 0x16EC4, 0x16EC5, 0x16EC6,
        0x16EC7, 0x16EC8, 0x16EC9, 0x16ECA, 0x16ECB, 0x16ECC, 0x16ECD, 0x16ECE, 0x16ECF, 0x16ED0, 0x16ED1, 0x16ED2,
        0x16ED3, 0x0061, 0x0062, 0x0063, 0x0064, 0x0065, 0x0066, 0x0067, 0x0068, 0x0069, 0x006A, 0x006B,
        0x006C, 0x006D, 0x006E, 0x006F, 0x0070, 0x0071, 0x0072, 0x0073, 0x0074, 0x0075, 0x0076, 0x0077,
        0x0078, 0x0079, 0x007A, 0x0030, 0x0031, 0x0032, 0x0033, 0x0034, 0x0035, 0x0036, 0x0037, 0x0038,
        0x0039, 0x1D157, 0x1D165, 0x1D158, 0x1D165, 0x1D158, 0x1D165, 0x1D16E, 0x1D158, 0x1D165, 0x1D16F, 0x1D158,
        0x1D165, 0x1D170, 0x1D158, 0x1D165, 0x1D171, 0x1D158, 0x1D165, 0x1D172, 0x1D1B9, 0x1D165, 0x1D1BA, 0x1D165,
        0x1D1B9, 0x1D165, 0x1D16E, 0x1D1BA, 0x1D165, 0x1D16E, 0x1D1B9, 0x1D165, 0x1D16F, 0x1D1BA, 0x1D165, 0x1D16F,
        0x0061, 0x0062, 0x0063, 0x0064, 0x0065, 0x0066, 0x0067, 0x0068, 0x0069, 0x006A, 0x006B, 0x006C,
        0x006D, 0x006E, 0x006F, 0x0070, 0x0071, 0x0072, 0x0073, 0x0074, 0x0075, 0x0076, 0x0077, 0x0078,
        0x0079, 0x007A, 0x0061, 0x0062, 0x0063, 0x0064, 0x0065, 0x0066, 0x0067, 0x0068, 0x0069, 0x006A,
        0x006B, 0x006C, 0x006D, 0x006E, 0x006F, 0x0070, 0x0071, 0x0072, 0x0073, 0x0074, 0x0075, 0x0076,
        0x0077, 0x0078, 0x0079, 0x007A, 0x0061, 0x0062, 0x0063, 0x0064, 0x0065, 0x0066, 0x0067, 0x0068,
        0x0069, 0x006A, 0x006B, 0x006C, 0x006D, 0x006E, 0x006F, 0x0070, 0x0071, 0x0072, 0x0073, 0x0074,
        0x0075, 0x0076, 0x0077, 0x0078, 0x0079, 0x007A, 0x0061, 0x0062, 0x0063, 0x0064, 0x0065, 0x0066,
        0x0067, 0x0069, 0x006A, 0x006B, 0x006C, 0x006D, 0x006E, 0x006F, 0x0070, 0x0071, 0x0072, 0x0073,
        0x0074, 0x0075, 0x0076, 0x0077, 0x0078, 0x0079, 0x007A, 0x0061, 0x0062, 0x0063, 0x0064, 0x0065,
        0x0066, 0x0067, 0x0068, 0x0069, 0x006A, 0x006B, 0x006C, 0x006D, 0x006E, 0x006F, 0x0070, 0x0071,
        0x0072, 0x0073, 0x0074, 0x0075, 0x0076, 0x0077, 0x0078, 0x0079, 0x007A, 0x0061, 0x0062, 0x0063,
        0x0064, 0x0065, 0x0066, 0x0067, 0x0068, 0x0069, 0x006A, 0x006B, 0x006C, 0x006D, 0x006E, 0x006F,
        0x0070, 0x0071, 0x0072, 0x0073, 0x0074, 0x0075, 0x0076, 0x0077, 0x0078, 0x0079, 0x007A, 0x0061,
        0x0063, 0x0064, 0x0067, 0x006A, 0x006B, 0x006E, 0x006F, 0x0070, 0x0071, 0x0073, 0x0074, 0x0075,
        0x0076, 0x0077, 0x0078, 0x0079, 0x007A, 0x0061, 0x0062, 0x0063, 0x0064, 0x0066, 0x0068, 0x0069,
        0x006A, 0x006B, 0x006C, 0x006D, 0x006E, 0x0070, 0x0071, 0x0072, 0x0073, 0x0074, 0x0075, 0x0076,
        0x0077, 0x0078, 0x0079, 0x007A, 0x0061, 0x0062, 0x0063, 0x0064, 0x0065, 0x0066, 0x0067, 0x0068,
        0x0069, 0x006A, 0x006B, 0x006C, 0x006D, 0x006E, 0x006F, 0x0070, 0x0071, 0x0072, 0x0073, 0x0074,
        0x0075, 0x0076, 0x0077, 0x0078, 0x0079, 0x007A, 0x0061, 0x0062, 0x0063, 0x0064, 0x0065, 0x0066,
        0x0067, 0x0068, 0x0069, 0x006A, 0x006B, 0x006C, 0x006D, 0x006E, 0x006F, 0x0070, 0x0071, 0x0072,
        0x0073, 0x0074, 0x0075, 0x0076, 0x0077, 0x0078, 0x0079, 0x007A, 0x0061, 0x0062, 0x0064, 0x0065,
        0x0066, 0x0067, 0x006A, 0x006B, 0x006C, 0x006D, 0x006E, 0x006F, 0x0070, 0x0071, 0x0073, 0x0074,
        0x0075, 0x0076, 0x0077, 0x0078, 0x0079, 0x0061, 0x0062, 0x0063, 0x0064, 0x0065, 0x0066, 0x0067,
        0x0068, 0x0069, 0x006A, 0x006B, 0x006C, 0x006D, 0x006E, 0x006F, 0x0070, 0x0071, 0x0072, 0x0073,
        0x0074, 0x0075, 0x0076, 0x0077, 0x0078, 0x0079, 0x007A, 0x0061, 0x0062, 0x0064, 0x0065, 0x0066,
        0x0067, 0x0069, 0x006A, 0x006B, 0x006C, 0x006D, 0x006F, 0x0073, 0x0074, 0x0075, 0x0076, 0x0077,
        0x0078, 0x0079, 0x0061, 0x0062, 0x0063, 0x0064, 0x0065, 0x0066, 0x0067, 0x0068, 0x0069, 0x006A,
        0x006B, 0x006C, 0x006D, 0x006E, 0x006F, 0x0070, 0x0071, 0x0072, 0x0073, 0x0074, 0x0075, 0x0076,
        0x0077, 0x0078, 0x0079, 0x007A, 0x0061, 0x0062, 0x0063, 0x0064, 0x0065, 0x0066, 0x0067, 0x0068,
        0x0069, 0x006A, 0x006B, 0x006C, 0x006D, 0x006E, 0x006F, 0x0070, 0x0071, 0x0072, 0x0073, 0x0074,
        0x0075, 0x0076, 0x0077, 0x0078, 0x0079, 0x007A, 0x0061, 0x0062, 0x0063, 0x0064, 0x0065, 0x0066,
        0x0067, 0x0068, 0x0069, 0x006A, 0x006B, 0x006C, 0x006D, 0x006E, 0x006F, 0x0070, 0x0071, 0x0072,
        0x0073, 0x0074, 0x0075, 0x0076, 0x0077, 0x0078, 0x0079, 0x007A, 0x0061, 0x0062, 0x0063, 0x0064,
        0x0065, 0x0066, 0x0067, 0x0068, 0x0069, 0x006A, 0x006B, 0x006C, 0x006D, 0x006E, 0x006F, 0x0070,
        0x0071, 0x0072, 0x0073, 0x0074, 0x0075, 0x0076, 0x0077, 0x0078, 0x0079, 0x007A, 0x0061, 0x0062,
        0x0063, 0x0064, 0x0065, 0x0066, 0x0067, 0x0068, 0x0069, 0x006A, 0x006B, 0x006C, 0x006D, 0x006E,
        0x006F, 0x0070, 0x0071, 0x0072, 0x0073, 0x0074, 0x0075, 0x0076, 0x0077, 0x0078, 0x0079, 0x007A,
        0x0061, 0x0062, 0x0063, 0x0064, 0x0065, 0x0066, 0x0067, 0x0068, 0x0069, 0x006A, 0x006B, 0x006C,
        0x006D, 0x006E, 0x006F, 0x0070, 0x0071, 0x0072, 0x0073, 0x0074, 0x0075, 0x0076, 0x0077, 0x0078,
        0x0079, 0x007A, 0x0061, 0x0062, 0x0063, 0x0064, 0x0065, 0x0066, 0x0067, 0x0068, 0x0069, 0x006A,
        0x006B, 0x006C, 0x006D, 0x006E, 0x006F, 0x0070, 0x0071, 0x0072, 0x0073, 0x0074, 0x0075, 0x0076,
        0x0077, 0x0078, 0x0079, 0x007A, 0x0061, 0x0062, 0x0063, 0x0064, 0x0065, 0x0066, 0x0067, 0x0068,
        0x0069, 0x006A, 0x006B, 0x006C, 0x006D, 0x006E, 0x006F, 0x0070, 0x0071, 0x0072, 0x0073, 0x0074,
        0x0075, 0x0076, 0x0077, 0x0078, 0x0079, 0x007A, 0x0061, 0x0062, 0x0063, 0x0064, 0x0065, 0x0066,
        0x0067, 0x0068, 0x0069, 0x006A, 0x006B, 0x006C, 0x006D, 0x006E, 0x006F, 0x0070, 0x0071, 0x0072,
        0x0073, 0x0074, 0x0075, 0x0076, 0x0077, 0x0078, 0x0079, 0x007A, 0x0061, 0x0062, 0x0063, 0x0064,
        0x0065, 0x0066, 0x0067, 0x0068, 0x0069, 0x006A, 0x006B, 0x006C, 0x006D, 0x006E, 0x006F, 0x0070,
        0x0071, 0x0072, 0x0073, 0x0074, 0x0075, 0x0076, 0x0077, 0x0078, 0x0079, 0x007A, 0x0061, 0x0062,
        0x0063, 0x0064, 0x0065, 0x0066, 0x0067, 0x0068, 0x0069, 0x006A, 0x006B, 0x006C, 0x006D, 0x006E,
        0x006F, 0x0070, 0x0071, 0x0072, 0x0073, 0x0074, 0x0075, 0x0076, 0x0077, 0x0078, 0x0079, 0x007A,
        0x0061, 0x0062, 0x0063, 0x0064, 0x0065, 0x0066, 0x0067, 0x0068, 0x0069, 0x006A, 0x006B, 0x006C,
        0x006D, 0x006E, 0x006F, 0x0070, 0x0071, 0x0072, 0x0073, 0x0074, 0x0075, 0x0076, 0x0077, 0x0078,
        0x0079, 0x007A, 0x0061, 0x0062, 0x0063, 0x0064, 0x0065, 0x0066, 0x0067, 0x0068, 0x0069, 0x006A,
        0x006B, 0x006C, 0x006D, 0x006E, 0x006F, 0x0070, 0x0071, 0x0072, 0x0073, 0x0074, 0x0075, 0x0076,
        0x0077, 0x0078, 0x0079, 0x007A, 0x0131, 0x0237, 0x03B1, 0x03B2, 0x03B3, 0x03B4, 0x03B5, 0x03B6,
        0x03B7, 0x03B8, 0x03B9, 0x03BA, 0x03BB, 0x03BC, 0x03BD, 0x03BE, 0x03BF, 0x03C0, 0x03C1, 0x03B8,
        0x03C3, 0x03C4, 0x03C5, 0x03C6, 0x03C7, 0x03C8, 0x03C9, 0x2207, 0x03B1, 0x03B2, 0x03B3, 0x03B4,
        0x03B5, 0x03B6, 0x03B7, 0x03B8, 0x03B9, 0x03BA, 0x03BB, 0x03BC, 0x03BD, 0x03BE, 0x03BF, 0x03C0,
        0x03C1, 0x03C3, 0x03C3, 0x03C4, 0x03C5, 0x03C6, 0x03C7, 0x03C8, 0x03C9, 0x2202, 0x03B5, 0x03B8,
        0x03BA, 0x03C6, 0x03C1, 0x03C0, 0x03B1, 0x03B2, 0x03B3, 0x03B4, 0x03B5, 0x03B6, 0x03B7, 0x03B8,
        0x03B9, 0x03BA, 0x03BB, 0x03BC, 0x03BD, 0x03BE, 0x03BF, 0x03C0, 0x03C1, 0x03B8, 0x03C3, 0x03C4,
        0x03C5, 0x03C6, 0x03C7, 0x03C8, 0x03C9, 0x2207, 0x03B1, 0x03B2, 0x03B3, 0x03B4, 0x03B5, 0x03B6,
        0x03B7, 0x03B8, 0x03B9, 0x03BA, 0x03BB, 0x03BC, 0x03BD, 0x03BE, 0x03BF, 0x03C0, 0x03C1, 0x03C3,
        0x03C3, 0x03C4, 0x03C5, 0x03C6, 0x03C7, 0x03C8, 0x03C9, 0x2202, 0x03B5, 0x03B8, 0x03BA, 0x03C6,
        0x03C1, 0x03C0, 0x03B1, 0x03B2, 0x03B3, 0x03B4, 0x03B5, 0x03B6, 0x03B7, 0x03B8, 0x03B9, 0x03BA,
        0x03BB, 0x03BC, 0x03BD, 0x03BE, 0x03BF, 0x03C0, 0x03C1, 0x03B8, 0x03C3, 0x03C4, 0x03C5, 0x03C6,
        0x03C7, 0x03C8, 0x03C9, 0x2207, 0x03B1, 0x03B2, 0x03B3, 0x03B4, 0x03B5, 0x03B6, 0x03B7, 0x03B8,
        0x03B9, 0x03BA, 0x03BB, 0x03BC, 0x03BD, 0x03BE, 0x03BF, 0x03C0, 0x03C1, 0x03C3, 0x03C3, 0x03C4,
        0x03C5, 0x03C6, 0x03C7, 0x03C8, 0x03C9, 0x2202, 0x03B5, 0x03B8, 0x03BA, 0x03C6, 0x03C1, 0x03C0,
        0x03B1, 0x03B2, 0x03B3, 0x03B4, 0x03B5, 0x03B6, 0x03B7, 0x03B8, 0x03B9, 0x03BA, 0x03BB, 0x03BC,
        0x03BD, 0x03BE, 0x03BF, 0x03C0, 0x03C1, 0x03B8, 0x03C3, 0x03C4, 0x03C5, 0x03C6, 0x03C7, 0x03C8,
        0x03C9, 0x2207, 0x03B1, 0x03B2, 0x03B3, 0x03B4, 0x03B5, 0x03B6, 0x03B7, 0x03B8, 0x03B9, 0x03BA,
        0x03BB, 0x03BC, 0x03BD, 0x03BE, 0x03BF, 0x03C0, 0x03C1, 0x03C3, 0x03C3, 0x03C4, 0x03C5, 0x03C6,
        0x03C7, 0x03C8, 0x03C9, 0x2202, 0x03B5, 0x03B8, 0x03BA, 0x03C6, 0x03C1, 0x03C0, 0x03B1, 0x03B2,
        0x03B3, 0x03B4, 0x03B5, 0x03B6, 0x03B7, 0x03B8, 0x03B9, 0x03BA, 0x03BB, 0x03BC, 0x03BD, 0x03BE,
        0x03BF, 0x03C0, 0x03C1, 0x03B8, 0x03C3, 0x03C4, 0x03C5, 0x03C6, 0x03C7, 0x03C8, 0x03C9, 0x2207,
        0x03B1, 0x03B2, 0x03B3, 0x03B4, 0x03B5, 0x03B6, 0x03B7, 0x03B8, 0x03B9, 0x03BA, 0x03BB, 0x03BC,
        0x03BD, 0x03BE, 0x03BF, 0x03C0, 0x03C1, 0x03C3, 0x03C3, 0x03C4, 0x03C5, 0x03C6, 0x03C7, 0x03C8,
        0x03C9, 0x2202, 0x03B5, 0x03B8, 0x03BA, 0x03C6, 0x03C1, 0x03C0, 0x03DD, 0x03DD, 0x0030, 0x0031,
        0x0032, 0x0033, 0x0034, 0x0035, 0x0036, 0x0037, 0x0038, 0x0039, 0x0030, 0x0031, 0x0032, 0x0033,
        0x0034, 0x0035, 0x0036, 0x0037, 0x0038, 0x0039, 0x0030, 0x0031, 0x0032, 0x0033, 0x0034, 0x0035,
        0x0036, 0x0037, 0x0038, 0x0039, 0x0030, 0x0031, 0x0032, 0x0033, 0x0034, 0x0035, 0x0036, 0x0037,
        0x0038, 0x0039, 0x0030, 0x0031, 0x0032, 0x0033, 0x0034, 0x0035, 0x0036, 0x0037, 0x0038, 0x0039,
        0x0430, 0x0431, 0x0432, 0x0433, 0x0434, 0x0435, 0x0436, 0x0437, 0x0438, 0x043A, 0x043B, 0x043C,
        0x043E, 0x043F, 0x0440, 0x0441, 0x0442, 0x0443, 0x0444, 0x0445, 0x0446, 0x0447, 0x0448, 0x044B,
        0x044D, 0x044E, 0xA689, 0x04D9, 0x0456, 0x0458, 0x04E9, 0x04AF, 0x04CF, 0x0430, 0x0431, 0x0432,
        0x0433, 0x0434, 0x0435, 0x0436, 0x0437, 0x0438, 0x043A, 0x043B, 0x043E, 0x043F, 0x0441, 0x0443,
        0x0444, 0x0445, 0x0446, 0x0447, 0x0448, 0x044A, 0x044B, 0x0491, 0x0456, 0x0455, 0x045F, 0x04AB,
        0xA651, 0x04B1, 0x1E922, 0x1E923, 0x1E924, 0x1E925, 0x1E926, 0x1E927, 0x1E928, 0x1E929, 0x1E92A, 0x1E92B,
        0x1E92C, 0x1E92D, 0x1E92E, 0x1E92F, 0x1E930, 0x1E931, 0x1E932, 0x1E933, 0x1E934, 0x1E935, 0x1E936, 0x1E937,
        0x1E938, 0x1E939, 0x1E93A, 0x1E93B, 0x1E93C, 0x1E93D, 0x1E93E, 0x1E93F, 0x1E940, 0x1E941, 0x1E942, 0x1E943,
        0x0627, 0x0628, 0x062C, 0x062F, 0x0648, 0x0632, 0x062D, 0x0637, 0x064A, 0x0643, 0x0644, 0x0645,
        0x0646, 0x0633, 0x0639, 0x0641, 0x0635, 0x0642, 0x0631, 0x0634, 0x062A, 0x062B, 0x062E, 0x0630,
        0x0636, 0x0638, 0x063A, 0x066E, 0x06BA, 0x06A1, 0x066F, 0x0628, 0x062C, 0x0647, 0x062D, 0x064A,
        0x0643, 0x0644, 0x0645, 0x0646, 0x0633, 0x0639, 0x0641, 0x0635, 0x0642, 0x0634, 0x062A, 0x062B,
        0x062E, 0x0636, 0x063A, 0x062C, 0x062D, 0x064A, 0x0644, 0x0646, 0x0633, 0x0639, 0x0635, 0x0642,
        0x0634, 0x062E, 0x0636, 0x063A, 0x06BA, 0x066F, 0x0628, 0x062C, 0x0647, 0x062D, 0x0637, 0x064A,
        0x0643, 0x0645, 0x0646, 0x0633, 0x0639, 0x0641, 0x0635, 0x0642, 0x0634, 0x062A, 0x062B, 0x062E,
        0x0636, 0x0638, 0x063A, 0x066E, 0x06A1, 0x0627, 0x0628, 0x062C, 0x062F, 0x0647, 0x0648, 0x0632,
        0x062D, 0x0637, 0x064A, 0x0644, 0x0645, 0x0646, 0x0633, 0x0639, 0x0641, 0x0635, 0x0642, 0x0631,
        0x0634, 0x062A, 0x062B, 0x062E, 0x0630, 0x0636, 0x0638, 0x063A, 0x0628, 0x062C, 0x062F, 0x0648,
        0x0632, 0x062D, 0x0637, 0x064A, 0x0644, 0x0645, 0x0646, 0x0633, 0x0639, 0x0641, 0x0635, 0x0642,
        0x0631, 0x0634, 0x062A, 0x062B, 0x062E, 0x0630, 0x0636, 0x0638, 0x063A, 0x0030, 0x002E, 0x0030,
        0x002C, 0x0031, 0x002C, 0x0032, 0x002C, 0x0033, 0x002C, 0x0034, 0x002C, 0x0035, 0x002C, 0x0036,
        0x002C, 0x0037, 0x002C, 0x0038, 0x002C, 0x0039, 0x002C, 0x0028, 0x0061, 0x0029, 0x0028, 0x0062,
        0x0029, 0x0028, 0x0063, 0x0029, 0x0028, 0x0064, 0x0029, 0x0028, 0x0065, 0x0029, 0x0028, 0x0066,
        0x0029, 0x0028, 0x0067, 0x0029, 0x0028, 0x0068, 0x0029, 0x0028, 0x0069, 0x0029, 0x0028, 0x006A,
        0x0029, 0x0028, 0x006B, 0x0029, 0x0028, 0x006C, 0x0029, 0x0028, 0x006D, 0x0029, 0x0028, 0x006E,
        0x0029, 0x0028, 0x006F, 0x0029, 0x0028, 0x0070, 0x0029, 0x0028, 0x0071, 0x0029, 0x0028, 0x0072,
        0x0029, 0x0028, 0x0073, 0x0029, 0x0028, 0x0074, 0x0029, 0x0028, 0x0075, 0x0029, 0x0028, 0x0076,
        0x0029, 0x0028, 0x0077, 0x0029, 0x0028, 0x0078, 0x0029, 0x0028, 0x0079, 0x0029, 0x0028, 0x007A,
        0x0029, 0x3014, 0x0073, 0x3015, 0x0063, 0x0072, 0x0063, 0x0064, 0x0077, 0x007A, 0x0061, 0x0062,
        0x0063, 0x0064, 0x0065, 0x0066, 0x0067, 0x0068, 0x0069, 0x006A, 0x006B, 0x006C, 0x006D, 0x006E,
        0x006F, 0x0070, 0x0071, 0x0072, 0x0073, 0x0074, 0x0075, 0x0076, 0x0077, 0x0078, 0x0079, 0x007A,
        0x0068, 0x0076, 0x006D, 0x0076, 0x0073, 0x0064, 0x0073, 0x0073, 0x0070, 0x0070, 0x0076, 0x0077,
        0x0063, 0x006D, 0x0063, 0x006D, 0x0064, 0x006D, 0x0072, 0x0064, 0x006A, 0x307B, 0x304B, 0x30B3,
        0x30B3, 0x30B5, 0x624B, 0x5B57, 0x53CC, 0x30C7, 0x4E8C, 0x591A, 0x89E3, 0x5929, 0x4EA4, 0x6620,
        0x7121, 0x6599, 0x524D, 0x5F8C, 0x518D, 0x65B0, 0x521D, 0x7D42, 0x751F, 0x8CA9, 0x58F0, 0x5439,
        0x6F14, 0x6295, 0x6355, 0x4E00, 0x4E09, 0x904A, 0x5DE6, 0x4E2D, 0x53F3, 0x6307, 0x8D70, 0x6253,
        0x7981, 0x7A7A, 0x5408, 0x6E80, 0x6709, 0x6708, 0x7533, 0x5272, 0x55B6, 0x914D, 0x3014, 0x672C,
        0x3015, 0x3014, 0x4E09, 0x3015, 0x3014, 0x4E8C, 0x3015, 0x3014, 0x5B89, 0x3015, 0x3014, 0x70B9,
        0x3015, 0x3014, 0x6253, 0x3015, 0x3014, 0x76D7, 0x3015, 0x3014, 0x52DD, 0x3015, 0x3014, 0x6557,
        0x3015, 0x5F97, 0x53EF, 0x0030, 0x0031, 0x0032, 0x0033, 0x0034, 0x0035, 0x0036, 0x0037, 0x0038,
        0x0039, 0x4E3D, 0x4E38, 0x4E41, 0x20122, 0x4F60, 0x4FAE, 0x4FBB, 0x5002, 0x507A, 0x5099, 0x50E7,
        0x50CF, 0x349E, 0x2063A, 0x514D, 0x5154, 0x5164, 0x5177, 0x2051C, 0x34B9, 0x5167, 0x518D, 0x2054B,
        0x5197, 0x51A4, 0x4ECC, 0x51AC, 0x51B5, 0x291DF, 0x51F5, 0x5203, 0x34DF, 0x523B, 0x5246, 0x5272,
        0x5277, 0x3515, 0x52C7, 0x52C9, 0x52E4, 0x52FA, 0x5305, 0x5306, 0x5317, 0x5349, 0x5351, 0x535A,
        0x5373, 0x537D, 0x537F, 0x537F, 0x537F, 0x20A2C, 0x7070, 0x53CA, 0x53DF, 0x20B63, 0x53EB, 0x53F1,
        0x5406, 0x549E, 0x5438, 0x5448, 0x5468, 0x54A2, 0x54F6, 0x5510, 0x5553, 0x5563, 0x5584, 0x5584,
        0x5599, 0x55AB, 0x55B3, 0x55C2, 0x5716, 0x5606, 0x5717, 0x5651, 0x5674, 0x5207, 0x58EE, 0x57CE,
        0x57F4, 0x580D, 0x578B, 0x5832, 0x5831, 0x58AC, 0x214E4, 0x58F2, 0x58F7, 0x5906, 0x591A, 0x5922,
        0x5962, 0x216A8, 0x216EA, 0x59EC, 0x5A1B, 0x5A27, 0x59D8, 0x5A66, 0x36EE, 0x36FC, 0x5B08, 0x5B3E,
        0x5B3E, 0x219C8, 0x5BC3, 0x5BD8, 0x5BE7, 0x5BF3, 0x21B18, 0x5BFF, 0x5C06, 0x5F53, 0x5C22, 0x3781,
        0x5C60, 0x5C6E, 0x5CC0, 0x5C8D, 0x21DE4, 0x5D43, 0x21DE6, 0x5D6E, 0x5D6B, 0x5D7C, 0x5DE1, 0x5DE2,
        0x382F, 0x5DFD, 0x5E28, 0x5E3D, 0x5E69, 0x3862, 0x22183, 0x387C, 0x5EB0, 0x5EB3, 0x5EB6, 0x5ECA,
        0x2A392, 0x5EFE, 0x22331, 0x22331, 0x8201, 0x5F22, 0x5F22, 0x38C7, 0x232B8, 0x261DA, 0x5F62, 0x5F6B,
        0x38E3, 0x5F9A, 0x5FCD, 0x5FD7, 0x5FF9, 0x6081, 0x393A, 0x391C, 0x6094, 0x226D4, 0x60C7, 0x6148,
        0x614C, 0x614E, 0x614C, 0x617A, 0x618E, 0x61B2, 0x61A4, 0x61AF, 0x61DE, 0x61F2, 0x61F6, 0x6210,
        0x621B, 0x625D, 0x62B1, 0x62D4, 0x6350, 0x22B0C, 0x633D, 0x62FC, 0x6368, 0x6383, 0x63E4, 0x22BF1,
        0x6422, 0x63C5, 0x63A9, 0x3A2E, 0x6469, 0x647E, 0x649D, 0x6477, 0x3A6C, 0x654F, 0x656C, 0x2300A,
        0x65E3, 0x66F8, 0x6649, 0x3B19, 0x6691, 0x3B08, 0x3AE4, 0x5192, 0x5195, 0x6700, 0x669C, 0x80AD,
        0x43D9, 0x6717, 0x671B, 0x6721, 0x675E, 0x6753, 0x233C3, 0x3B49, 0x67FA, 0x6785, 0x6852, 0x6885,
        0x2346D, 0x688E, 0x681F, 0x6914, 0x3B9D, 0x6942, 0x69A3, 0x69EA, 0x6AA8, 0x236A3, 0x6ADB, 0x3C18,
        0x6B21, 0x238A7, 0x6B54, 0x3C4E, 0x6B72, 0x6B9F, 0x6BBA, 0x6BBB, 0x23A8D, 0x21D0B, 0x23AFA, 0x6C4E,
        0x23CBC, 0x6CBF, 0x6CCD, 0x6C67, 0x6D16, 0x6D3E, 0x6D77, 0x6D41, 0x6D69, 0x6D78, 0x6D85, 0x23D1E,
        0x6D34, 0x6E2F, 0x6E6E, 0x3D33, 0x6ECB, 0x6EC7, 0x23ED1, 0x6DF9, 0x6F6E, 0x23F5E, 0x23F8E, 0x6FC6,
        0x7039, 0x701E, 0x701B, 0x3D96, 0x704A, 0x707D, 0x7077, 0x70AD, 0x20525, 0x7145, 0x24263, 0x719C,
        0x243AB, 0x7228, 0x7235, 0x7250, 0x24608, 0x7280, 0x7295, 0x24735, 0x24814, 0x737A, 0x738B, 0x3EAC,
        0x73A5, 0x3EB8, 0x3EB8, 0x7447, 0x745C, 0x7471, 0x7485, 0x74CA, 0x3F1B, 0x7524, 0x24C36, 0x753E,
        0x24C92, 0x7570, 0x2219F, 0x7610, 0x24FA1, 0x24FB8, 0x25044, 0x3FFC, 0x4008, 0x76F4, 0x250F3, 0x250F2,
        0x25119, 0x25133, 0x771E, 0x771F, 0x771F, 0x774A, 0x4039, 0x778B, 0x4046, 0x4096, 0x2541D, 0x784E,
        0x788C, 0x78CC, 0x40E3, 0x25626, 0x7956, 0x2569A, 0x256C5, 0x798F, 0x79EB, 0x412F, 0x7A40, 0x7A4A,
        0x7A4F, 0x2597C, 0x25AA7, 0x25AA7, 0x7AEE, 0x4202, 0x25BAB, 0x7BC6, 0x7BC9, 0x4227, 0x25C80, 0x7CD2,
        0x42A0, 0x7CE8, 0x7CE3, 0x7D00, 0x25F86, 0x7D63, 0x4301, 0x7DC7, 0x7E02, 0x7E45, 0x4334, 0x26228,
        0x26247, 0x4359, 0x262D9, 0x7F7A, 0x2633E, 0x7F95, 0x7FFA, 0x8005, 0x264DA, 0x26523, 0x8060, 0x265A8,
        0x8070, 0x2335F, 0x43D5, 0x80B2, 0x8103, 0x440B, 0x813E, 0x5AB5, 0x267A7, 0x267B5, 0x23393, 0x2339C,
        0x8201, 0x8204, 0x8F9E, 0x446B, 0x8291, 0x828B, 0x829D, 0x52B3, 0x82B1, 0x82B3, 0x82BD, 0x82E6,
        0x26B3C, 0x82E5, 0x831D, 0x8363, 0x83AD, 0x8323, 0x83BD, 0x83E7, 0x8457, 0x8353, 0x83CA, 0x83CC,
        0x83DC, 0x26C36, 0x26D6B, 0x26CD5, 0x452B, 0x84F1, 0x84F3, 0x8516, 0x273CA, 0x8564, 0x26F2C, 0x455D,
        0x4561, 0x26FB1, 0x270D2, 0x456B, 0x8650, 0x865C, 0x8667, 0x8669, 0x86A9, 0x8688, 0x870E, 0x86E2,
        0x8779, 0x8728, 0x876B, 0x8786, 0x45D7, 0x87E1, 0x8801, 0x45F9, 0x8860, 0x8863, 0x27667, 0x88D7,
        0x88DE, 0x4635, 0x88FA, 0x34BB, 0x278AE, 0x27966, 0x46BE, 0x46C7, 0x8AA0, 0x8AED, 0x8B8A, 0x8C55,
        0x27CA8, 0x8CAB, 0x8CC1, 0x8D1B, 0x8D77, 0x27F2F, 0x20804, 0x8DCB, 0x8DBC, 0x8DF0, 0x208DE, 0x8ED4,
        0x8F38, 0x285D2, 0x285ED, 0x9094, 0x90F1, 0x9111, 0x2872E, 0x911B, 0x9238, 0x92D7, 0x92D8, 0x927C,
        0x93F9, 0x9415, 0x28BFA, 0x958B, 0x4995, 0x95B7, 0x28D77, 0x49E6, 0x96C3, 0x5DB2, 0x9723, 0x29145,
        0x2921A, 0x4A6E, 0x4A76, 0x97E0, 0x2940A, 0x4AB2, 0x29496, 0x980B, 0x980B, 0x9829, 0x295B6, 0x98E2,
        0x4B33, 0x9929, 0x99A7, 0x99C2, 0x99FE, 0x4BCE, 0x29B30, 0x9B12, 0x9C40, 0x9CFD, 0x4CCE, 0x4CED,
        0x9D67, 0x2A0CE, 0x4CF8, 0x2A105, 0x2A20E, 0x2A291, 0x9EBB, 0x4D56, 0x9EF9, 0x9EFE, 0x9F05, 0x9F0F,
        0x9F16, 0x9F3B, 0x2A600,
    ];

    /// <summary>The code points that are decimal digits, in order.</summary>
    internal static readonly int[] DigitKeys =
    [
        0x0030, 0x0031, 0x0032, 0x0033, 0x0034, 0x0035, 0x0036, 0x0037, 0x0038, 0x0039, 0x0660, 0x0661,
        0x0662, 0x0663, 0x0664, 0x0665, 0x0666, 0x0667, 0x0668, 0x0669, 0x06F0, 0x06F1, 0x06F2, 0x06F3,
        0x06F4, 0x06F5, 0x06F6, 0x06F7, 0x06F8, 0x06F9, 0x07C0, 0x07C1, 0x07C2, 0x07C3, 0x07C4, 0x07C5,
        0x07C6, 0x07C7, 0x07C8, 0x07C9, 0x0966, 0x0967, 0x0968, 0x0969, 0x096A, 0x096B, 0x096C, 0x096D,
        0x096E, 0x096F, 0x09E6, 0x09E7, 0x09E8, 0x09E9, 0x09EA, 0x09EB, 0x09EC, 0x09ED, 0x09EE, 0x09EF,
        0x0A66, 0x0A67, 0x0A68, 0x0A69, 0x0A6A, 0x0A6B, 0x0A6C, 0x0A6D, 0x0A6E, 0x0A6F, 0x0AE6, 0x0AE7,
        0x0AE8, 0x0AE9, 0x0AEA, 0x0AEB, 0x0AEC, 0x0AED, 0x0AEE, 0x0AEF, 0x0B66, 0x0B67, 0x0B68, 0x0B69,
        0x0B6A, 0x0B6B, 0x0B6C, 0x0B6D, 0x0B6E, 0x0B6F, 0x0BE6, 0x0BE7, 0x0BE8, 0x0BE9, 0x0BEA, 0x0BEB,
        0x0BEC, 0x0BED, 0x0BEE, 0x0BEF, 0x0C66, 0x0C67, 0x0C68, 0x0C69, 0x0C6A, 0x0C6B, 0x0C6C, 0x0C6D,
        0x0C6E, 0x0C6F, 0x0CE6, 0x0CE7, 0x0CE8, 0x0CE9, 0x0CEA, 0x0CEB, 0x0CEC, 0x0CED, 0x0CEE, 0x0CEF,
        0x0D66, 0x0D67, 0x0D68, 0x0D69, 0x0D6A, 0x0D6B, 0x0D6C, 0x0D6D, 0x0D6E, 0x0D6F, 0x0DE6, 0x0DE7,
        0x0DE8, 0x0DE9, 0x0DEA, 0x0DEB, 0x0DEC, 0x0DED, 0x0DEE, 0x0DEF, 0x0E50, 0x0E51, 0x0E52, 0x0E53,
        0x0E54, 0x0E55, 0x0E56, 0x0E57, 0x0E58, 0x0E59, 0x0ED0, 0x0ED1, 0x0ED2, 0x0ED3, 0x0ED4, 0x0ED5,
        0x0ED6, 0x0ED7, 0x0ED8, 0x0ED9, 0x0F20, 0x0F21, 0x0F22, 0x0F23, 0x0F24, 0x0F25, 0x0F26, 0x0F27,
        0x0F28, 0x0F29, 0x1040, 0x1041, 0x1042, 0x1043, 0x1044, 0x1045, 0x1046, 0x1047, 0x1048, 0x1049,
        0x1090, 0x1091, 0x1092, 0x1093, 0x1094, 0x1095, 0x1096, 0x1097, 0x1098, 0x1099, 0x17E0, 0x17E1,
        0x17E2, 0x17E3, 0x17E4, 0x17E5, 0x17E6, 0x17E7, 0x17E8, 0x17E9, 0x1810, 0x1811, 0x1812, 0x1813,
        0x1814, 0x1815, 0x1816, 0x1817, 0x1818, 0x1819, 0x1946, 0x1947, 0x1948, 0x1949, 0x194A, 0x194B,
        0x194C, 0x194D, 0x194E, 0x194F, 0x19D0, 0x19D1, 0x19D2, 0x19D3, 0x19D4, 0x19D5, 0x19D6, 0x19D7,
        0x19D8, 0x19D9, 0x1A80, 0x1A81, 0x1A82, 0x1A83, 0x1A84, 0x1A85, 0x1A86, 0x1A87, 0x1A88, 0x1A89,
        0x1A90, 0x1A91, 0x1A92, 0x1A93, 0x1A94, 0x1A95, 0x1A96, 0x1A97, 0x1A98, 0x1A99, 0x1B50, 0x1B51,
        0x1B52, 0x1B53, 0x1B54, 0x1B55, 0x1B56, 0x1B57, 0x1B58, 0x1B59, 0x1BB0, 0x1BB1, 0x1BB2, 0x1BB3,
        0x1BB4, 0x1BB5, 0x1BB6, 0x1BB7, 0x1BB8, 0x1BB9, 0x1C40, 0x1C41, 0x1C42, 0x1C43, 0x1C44, 0x1C45,
        0x1C46, 0x1C47, 0x1C48, 0x1C49, 0x1C50, 0x1C51, 0x1C52, 0x1C53, 0x1C54, 0x1C55, 0x1C56, 0x1C57,
        0x1C58, 0x1C59, 0xA620, 0xA621, 0xA622, 0xA623, 0xA624, 0xA625, 0xA626, 0xA627, 0xA628, 0xA629,
        0xA8D0, 0xA8D1, 0xA8D2, 0xA8D3, 0xA8D4, 0xA8D5, 0xA8D6, 0xA8D7, 0xA8D8, 0xA8D9, 0xA900, 0xA901,
        0xA902, 0xA903, 0xA904, 0xA905, 0xA906, 0xA907, 0xA908, 0xA909, 0xA9D0, 0xA9D1, 0xA9D2, 0xA9D3,
        0xA9D4, 0xA9D5, 0xA9D6, 0xA9D7, 0xA9D8, 0xA9D9, 0xA9F0, 0xA9F1, 0xA9F2, 0xA9F3, 0xA9F4, 0xA9F5,
        0xA9F6, 0xA9F7, 0xA9F8, 0xA9F9, 0xAA50, 0xAA51, 0xAA52, 0xAA53, 0xAA54, 0xAA55, 0xAA56, 0xAA57,
        0xAA58, 0xAA59, 0xABF0, 0xABF1, 0xABF2, 0xABF3, 0xABF4, 0xABF5, 0xABF6, 0xABF7, 0xABF8, 0xABF9,
        0xFF10, 0xFF11, 0xFF12, 0xFF13, 0xFF14, 0xFF15, 0xFF16, 0xFF17, 0xFF18, 0xFF19, 0x104A0, 0x104A1,
        0x104A2, 0x104A3, 0x104A4, 0x104A5, 0x104A6, 0x104A7, 0x104A8, 0x104A9, 0x10D30, 0x10D31, 0x10D32, 0x10D33,
        0x10D34, 0x10D35, 0x10D36, 0x10D37, 0x10D38, 0x10D39, 0x10D40, 0x10D41, 0x10D42, 0x10D43, 0x10D44, 0x10D45,
        0x10D46, 0x10D47, 0x10D48, 0x10D49, 0x11066, 0x11067, 0x11068, 0x11069, 0x1106A, 0x1106B, 0x1106C, 0x1106D,
        0x1106E, 0x1106F, 0x110F0, 0x110F1, 0x110F2, 0x110F3, 0x110F4, 0x110F5, 0x110F6, 0x110F7, 0x110F8, 0x110F9,
        0x11136, 0x11137, 0x11138, 0x11139, 0x1113A, 0x1113B, 0x1113C, 0x1113D, 0x1113E, 0x1113F, 0x111D0, 0x111D1,
        0x111D2, 0x111D3, 0x111D4, 0x111D5, 0x111D6, 0x111D7, 0x111D8, 0x111D9, 0x112F0, 0x112F1, 0x112F2, 0x112F3,
        0x112F4, 0x112F5, 0x112F6, 0x112F7, 0x112F8, 0x112F9, 0x11450, 0x11451, 0x11452, 0x11453, 0x11454, 0x11455,
        0x11456, 0x11457, 0x11458, 0x11459, 0x114D0, 0x114D1, 0x114D2, 0x114D3, 0x114D4, 0x114D5, 0x114D6, 0x114D7,
        0x114D8, 0x114D9, 0x11650, 0x11651, 0x11652, 0x11653, 0x11654, 0x11655, 0x11656, 0x11657, 0x11658, 0x11659,
        0x116C0, 0x116C1, 0x116C2, 0x116C3, 0x116C4, 0x116C5, 0x116C6, 0x116C7, 0x116C8, 0x116C9, 0x116D0, 0x116D1,
        0x116D2, 0x116D3, 0x116D4, 0x116D5, 0x116D6, 0x116D7, 0x116D8, 0x116D9, 0x116DA, 0x116DB, 0x116DC, 0x116DD,
        0x116DE, 0x116DF, 0x116E0, 0x116E1, 0x116E2, 0x116E3, 0x11730, 0x11731, 0x11732, 0x11733, 0x11734, 0x11735,
        0x11736, 0x11737, 0x11738, 0x11739, 0x118E0, 0x118E1, 0x118E2, 0x118E3, 0x118E4, 0x118E5, 0x118E6, 0x118E7,
        0x118E8, 0x118E9, 0x11950, 0x11951, 0x11952, 0x11953, 0x11954, 0x11955, 0x11956, 0x11957, 0x11958, 0x11959,
        0x11BF0, 0x11BF1, 0x11BF2, 0x11BF3, 0x11BF4, 0x11BF5, 0x11BF6, 0x11BF7, 0x11BF8, 0x11BF9, 0x11C50, 0x11C51,
        0x11C52, 0x11C53, 0x11C54, 0x11C55, 0x11C56, 0x11C57, 0x11C58, 0x11C59, 0x11D50, 0x11D51, 0x11D52, 0x11D53,
        0x11D54, 0x11D55, 0x11D56, 0x11D57, 0x11D58, 0x11D59, 0x11DA0, 0x11DA1, 0x11DA2, 0x11DA3, 0x11DA4, 0x11DA5,
        0x11DA6, 0x11DA7, 0x11DA8, 0x11DA9, 0x11DE0, 0x11DE1, 0x11DE2, 0x11DE3, 0x11DE4, 0x11DE5, 0x11DE6, 0x11DE7,
        0x11DE8, 0x11DE9, 0x11F50, 0x11F51, 0x11F52, 0x11F53, 0x11F54, 0x11F55, 0x11F56, 0x11F57, 0x11F58, 0x11F59,
        0x16130, 0x16131, 0x16132, 0x16133, 0x16134, 0x16135, 0x16136, 0x16137, 0x16138, 0x16139, 0x16A60, 0x16A61,
        0x16A62, 0x16A63, 0x16A64, 0x16A65, 0x16A66, 0x16A67, 0x16A68, 0x16A69, 0x16AC0, 0x16AC1, 0x16AC2, 0x16AC3,
        0x16AC4, 0x16AC5, 0x16AC6, 0x16AC7, 0x16AC8, 0x16AC9, 0x16B50, 0x16B51, 0x16B52, 0x16B53, 0x16B54, 0x16B55,
        0x16B56, 0x16B57, 0x16B58, 0x16B59, 0x16D70, 0x16D71, 0x16D72, 0x16D73, 0x16D74, 0x16D75, 0x16D76, 0x16D77,
        0x16D78, 0x16D79, 0x1CCF0, 0x1CCF1, 0x1CCF2, 0x1CCF3, 0x1CCF4, 0x1CCF5, 0x1CCF6, 0x1CCF7, 0x1CCF8, 0x1CCF9,
        0x1D7CE, 0x1D7CF, 0x1D7D0, 0x1D7D1, 0x1D7D2, 0x1D7D3, 0x1D7D4, 0x1D7D5, 0x1D7D6, 0x1D7D7, 0x1D7D8, 0x1D7D9,
        0x1D7DA, 0x1D7DB, 0x1D7DC, 0x1D7DD, 0x1D7DE, 0x1D7DF, 0x1D7E0, 0x1D7E1, 0x1D7E2, 0x1D7E3, 0x1D7E4, 0x1D7E5,
        0x1D7E6, 0x1D7E7, 0x1D7E8, 0x1D7E9, 0x1D7EA, 0x1D7EB, 0x1D7EC, 0x1D7ED, 0x1D7EE, 0x1D7EF, 0x1D7F0, 0x1D7F1,
        0x1D7F2, 0x1D7F3, 0x1D7F4, 0x1D7F5, 0x1D7F6, 0x1D7F7, 0x1D7F8, 0x1D7F9, 0x1D7FA, 0x1D7FB, 0x1D7FC, 0x1D7FD,
        0x1D7FE, 0x1D7FF, 0x1E140, 0x1E141, 0x1E142, 0x1E143, 0x1E144, 0x1E145, 0x1E146, 0x1E147, 0x1E148, 0x1E149,
        0x1E2F0, 0x1E2F1, 0x1E2F2, 0x1E2F3, 0x1E2F4, 0x1E2F5, 0x1E2F6, 0x1E2F7, 0x1E2F8, 0x1E2F9, 0x1E4F0, 0x1E4F1,
        0x1E4F2, 0x1E4F3, 0x1E4F4, 0x1E4F5, 0x1E4F6, 0x1E4F7, 0x1E4F8, 0x1E4F9, 0x1E5F1, 0x1E5F2, 0x1E5F3, 0x1E5F4,
        0x1E5F5, 0x1E5F6, 0x1E5F7, 0x1E5F8, 0x1E5F9, 0x1E5FA, 0x1E950, 0x1E951, 0x1E952, 0x1E953, 0x1E954, 0x1E955,
        0x1E956, 0x1E957, 0x1E958, 0x1E959, 0x1FBF0, 0x1FBF1, 0x1FBF2, 0x1FBF3, 0x1FBF4, 0x1FBF5, 0x1FBF6, 0x1FBF7,
        0x1FBF8, 0x1FBF9,
    ];

    /// <summary>The value of each of those digits.</summary>
    internal static readonly byte[] DigitValues =
    [
        0, 1, 2, 3, 4, 5, 6, 7, 8, 9, 0, 1,
        2, 3, 4, 5, 6, 7, 8, 9, 0, 1, 2, 3,
        4, 5, 6, 7, 8, 9, 0, 1, 2, 3, 4, 5,
        6, 7, 8, 9, 0, 1, 2, 3, 4, 5, 6, 7,
        8, 9, 0, 1, 2, 3, 4, 5, 6, 7, 8, 9,
        0, 1, 2, 3, 4, 5, 6, 7, 8, 9, 0, 1,
        2, 3, 4, 5, 6, 7, 8, 9, 0, 1, 2, 3,
        4, 5, 6, 7, 8, 9, 0, 1, 2, 3, 4, 5,
        6, 7, 8, 9, 0, 1, 2, 3, 4, 5, 6, 7,
        8, 9, 0, 1, 2, 3, 4, 5, 6, 7, 8, 9,
        0, 1, 2, 3, 4, 5, 6, 7, 8, 9, 0, 1,
        2, 3, 4, 5, 6, 7, 8, 9, 0, 1, 2, 3,
        4, 5, 6, 7, 8, 9, 0, 1, 2, 3, 4, 5,
        6, 7, 8, 9, 0, 1, 2, 3, 4, 5, 6, 7,
        8, 9, 0, 1, 2, 3, 4, 5, 6, 7, 8, 9,
        0, 1, 2, 3, 4, 5, 6, 7, 8, 9, 0, 1,
        2, 3, 4, 5, 6, 7, 8, 9, 0, 1, 2, 3,
        4, 5, 6, 7, 8, 9, 0, 1, 2, 3, 4, 5,
        6, 7, 8, 9, 0, 1, 2, 3, 4, 5, 6, 7,
        8, 9, 0, 1, 2, 3, 4, 5, 6, 7, 8, 9,
        0, 1, 2, 3, 4, 5, 6, 7, 8, 9, 0, 1,
        2, 3, 4, 5, 6, 7, 8, 9, 0, 1, 2, 3,
        4, 5, 6, 7, 8, 9, 0, 1, 2, 3, 4, 5,
        6, 7, 8, 9, 0, 1, 2, 3, 4, 5, 6, 7,
        8, 9, 0, 1, 2, 3, 4, 5, 6, 7, 8, 9,
        0, 1, 2, 3, 4, 5, 6, 7, 8, 9, 0, 1,
        2, 3, 4, 5, 6, 7, 8, 9, 0, 1, 2, 3,
        4, 5, 6, 7, 8, 9, 0, 1, 2, 3, 4, 5,
        6, 7, 8, 9, 0, 1, 2, 3, 4, 5, 6, 7,
        8, 9, 0, 1, 2, 3, 4, 5, 6, 7, 8, 9,
        0, 1, 2, 3, 4, 5, 6, 7, 8, 9, 0, 1,
        2, 3, 4, 5, 6, 7, 8, 9, 0, 1, 2, 3,
        4, 5, 6, 7, 8, 9, 0, 1, 2, 3, 4, 5,
        6, 7, 8, 9, 0, 1, 2, 3, 4, 5, 6, 7,
        8, 9, 0, 1, 2, 3, 4, 5, 6, 7, 8, 9,
        0, 1, 2, 3, 4, 5, 6, 7, 8, 9, 0, 1,
        2, 3, 4, 5, 6, 7, 8, 9, 0, 1, 2, 3,
        4, 5, 6, 7, 8, 9, 0, 1, 2, 3, 4, 5,
        6, 7, 8, 9, 0, 1, 2, 3, 4, 5, 6, 7,
        8, 9, 0, 1, 2, 3, 4, 5, 6, 7, 8, 9,
        0, 1, 2, 3, 4, 5, 6, 7, 8, 9, 0, 1,
        2, 3, 4, 5, 6, 7, 8, 9, 0, 1, 2, 3,
        4, 5, 6, 7, 8, 9, 0, 1, 2, 3, 4, 5,
        6, 7, 8, 9, 0, 1, 2, 3, 4, 5, 6, 7,
        8, 9, 0, 1, 2, 3, 4, 5, 6, 7, 8, 9,
        0, 1, 2, 3, 4, 5, 6, 7, 8, 9, 0, 1,
        2, 3, 4, 5, 6, 7, 8, 9, 0, 1, 2, 3,
        4, 5, 6, 7, 8, 9, 0, 1, 2, 3, 4, 5,
        6, 7, 8, 9, 0, 1, 2, 3, 4, 5, 6, 7,
        8, 9, 0, 1, 2, 3, 4, 5, 6, 7, 8, 9,
        0, 1, 2, 3, 4, 5, 6, 7, 8, 9, 0, 1,
        2, 3, 4, 5, 6, 7, 8, 9, 0, 1, 2, 3,
        4, 5, 6, 7, 8, 9, 0, 1, 2, 3, 4, 5,
        6, 7, 8, 9, 0, 1, 2, 3, 4, 5, 6, 7,
        8, 9, 0, 1, 2, 3, 4, 5, 6, 7, 8, 9,
        0, 1, 2, 3, 4, 5, 6, 7, 8, 9, 0, 1,
        2, 3, 4, 5, 6, 7, 8, 9, 0, 1, 2, 3,
        4, 5, 6, 7, 8, 9, 0, 1, 2, 3, 4, 5,
        6, 7, 8, 9, 0, 1, 2, 3, 4, 5, 6, 7,
        8, 9, 0, 1, 2, 3, 4, 5, 6, 7, 8, 9,
        0, 1, 2, 3, 4, 5, 6, 7, 8, 9, 0, 1,
        2, 3, 4, 5, 6, 7, 8, 9, 0, 1, 2, 3,
        4, 5, 6, 7, 8, 9, 0, 1, 2, 3, 4, 5,
        6, 7, 8, 9, 0, 1, 2, 3, 4, 5, 6, 7,
        8, 9,
    ];
}
